"tonos","correctas","respuesta","correcto","RT","date","frameRate","expName","session","participant","n_participante","condiciones","escal","duraciones"
"tonos/5_63ma_A.wav","l","s",0,2.719507933,"2018_Apr_23_1403",59.95314445,"Experimento_Prueba",2,"JaquelineeeeeBloqueA",17,"Bloque","A",938
"tonos/5_188ma_A.wav","l","l",1,0.835134983,"2018_Apr_23_1403",59.95314445,"Experimento_Prueba",2,"JaquelineeeeeBloqueA",17,"Bloque","A",1063
"tonos/5_125me_A.wav","s","s",1,1.201719999,"2018_Apr_23_1403",59.95314445,"Experimento_Prueba",2,"JaquelineeeeeBloqueA",17,"Bloque","A",750
"tonos/5_63me_A.wav","s","s",1,7.384239912,"2018_Apr_23_1403",59.95314445,"Experimento_Prueba",2,"JaquelineeeeeBloqueA",17,"Bloque","A",812
"tonos/5_250me_A.wav","s","s",1,1.151597977,"2018_Apr_23_1403",59.95314445,"Experimento_Prueba",2,"JaquelineeeeeBloqueA",17,"Bloque","A",625
"tonos/5_0_A.wav","l, s","l",0,2.018210173,"2018_Apr_23_1403",59.95314445,"Experimento_Prueba",2,"JaquelineeeeeBloqueA",17,"Bloque","A",875
"tonos/5_188me_A.wav","s","s",1,1.35136199,"2018_Apr_23_1403",59.95314445,"Experimento_Prueba",2,"JaquelineeeeeBloqueA",17,"Bloque","A",687
"tonos/5_250ma_A.wav","l","l",1,0.651638985,"2018_Apr_23_1403",59.95314445,"Experimento_Prueba",2,"JaquelineeeeeBloqueA",17,"Bloque","A",1125
"tonos/5_125ma_A.wav","l","l",1,1.084465027,"2018_Apr_23_1403",59.95314445,"Experimento_Prueba",2,"JaquelineeeeeBloqueA",17,"Bloque","A",1000
"tonos/5_250ma_A.wav","l","l",1,0.768475056,"2018_Apr_23_1403",59.95314445,"Experimento_Prueba",2,"JaquelineeeeeBloqueA",17,"Bloque","A",1125
"tonos/5_188me_A.wav","s","s",1,1.584438086,"2018_Apr_23_1403",59.95314445,"Experimento_Prueba",2,"JaquelineeeeeBloqueA",17,"Bloque","A",687
"tonos/5_188ma_A.wav","l","l",1,1.102118969,"2018_Apr_23_1403",59.95314445,"Experimento_Prueba",2,"JaquelineeeeeBloqueA",17,"Bloque","A",1063
"tonos/5_0_A.wav","l, s","s",0,2.735139132,"2018_Apr_23_1403",59.95314445,"Experimento_Prueba",2,"JaquelineeeeeBloqueA",17,"Bloque","A",875
"tonos/5_250me_A.wav","s","s",1,1.268525839,"2018_Apr_23_1403",59.95314445,"Experimento_Prueba",2,"JaquelineeeeeBloqueA",17,"Bloque","A",625
"tonos/5_63ma_A.wav","l","l",1,2.319186926,"2018_Apr_23_1403",59.95314445,"Experimento_Prueba",2,"JaquelineeeeeBloqueA",17,"Bloque","A",938
"tonos/5_63me_A.wav","s","l",0,1.802097082,"2018_Apr_23_1403",59.95314445,"Experimento_Prueba",2,"JaquelineeeeeBloqueA",17,"Bloque","A",812
"tonos/5_125ma_A.wav","l","l",1,1.83498311,"2018_Apr_23_1403",59.95314445,"Experimento_Prueba",2,"JaquelineeeeeBloqueA",17,"Bloque","A",1000
"tonos/5_125me_A.wav","s","s",1,2.918723822,"2018_Apr_23_1403",59.95314445,"Experimento_Prueba",2,"JaquelineeeeeBloqueA",17,"Bloque","A",750
"tonos/5_63me_A.wav","s","l",0,4.084785938,"2018_Apr_23_1403",59.95314445,"Experimento_Prueba",2,"JaquelineeeeeBloqueA",17,"Bloque","A",812
"tonos/5_250ma_A.wav","l","l",1,1.035516024,"2018_Apr_23_1403",59.95314445,"Experimento_Prueba",2,"JaquelineeeeeBloqueA",17,"Bloque","A",1125
"tonos/5_0_A.wav","l, s","s",0,1.984851122,"2018_Apr_23_1403",59.95314445,"Experimento_Prueba",2,"JaquelineeeeeBloqueA",17,"Bloque","A",875
"tonos/5_250me_A.wav","s","s",1,1.586752176,"2018_Apr_23_1403",59.95314445,"Experimento_Prueba",2,"JaquelineeeeeBloqueA",17,"Bloque","A",625
"tonos/5_125ma_A.wav","l","s",0,8.035264969,"2018_Apr_23_1403",59.95314445,"Experimento_Prueba",2,"JaquelineeeeeBloqueA",17,"Bloque","A",1000
"tonos/5_63ma_A.wav","l","s",0,4.952000856,"2018_Apr_23_1403",59.95314445,"Experimento_Prueba",2,"JaquelineeeeeBloqueA",17,"Bloque","A",938
"tonos/5_188me_A.wav","s","s",1,1.618651152,"2018_Apr_23_1403",59.95314445,"Experimento_Prueba",2,"JaquelineeeeeBloqueA",17,"Bloque","A",687
"tonos/5_125me_A.wav","s","s",1,1.434694052,"2018_Apr_23_1403",59.95314445,"Experimento_Prueba",2,"JaquelineeeeeBloqueA",17,"Bloque","A",750
"tonos/5_188ma_A.wav","l","l",1,0.968657017,"2018_Apr_23_1403",59.95314445,"Experimento_Prueba",2,"JaquelineeeeeBloqueA",17,"Bloque","A",1063
"tonos/5_188me_A.wav","s","s",1,3.38522315,"2018_Apr_23_1403",59.95314445,"Experimento_Prueba",2,"JaquelineeeeeBloqueA",17,"Bloque","A",687
"tonos/5_250ma_A.wav","l","l",1,0.81873703,"2018_Apr_23_1403",59.95314445,"Experimento_Prueba",2,"JaquelineeeeeBloqueA",17,"Bloque","A",1125
"tonos/5_125me_A.wav","s","s",1,3.985066891,"2018_Apr_23_1403",59.95314445,"Experimento_Prueba",2,"JaquelineeeeeBloqueA",17,"Bloque","A",750
"tonos/5_250me_A.wav","s","s",1,5.968924999,"2018_Apr_23_1403",59.95314445,"Experimento_Prueba",2,"JaquelineeeeeBloqueA",17,"Bloque","A",625
"tonos/5_63ma_A.wav","l","l",1,1.433924198,"2018_Apr_23_1403",59.95314445,"Experimento_Prueba",2,"JaquelineeeeeBloqueA",17,"Bloque","A",938
"tonos/5_125ma_A.wav","l","l",1,41.70164108,"2018_Apr_23_1403",59.95314445,"Experimento_Prueba",2,"JaquelineeeeeBloqueA",17,"Bloque","A",1000
"tonos/5_188ma_A.wav","l","l",1,1.501805067,"2018_Apr_23_1403",59.95314445,"Experimento_Prueba",2,"JaquelineeeeeBloqueA",17,"Bloque","A",1063
"tonos/5_0_A.wav","l, s","s",0,2.736442804,"2018_Apr_23_1403",59.95314445,"Experimento_Prueba",2,"JaquelineeeeeBloqueA",17,"Bloque","A",875
"tonos/5_63me_A.wav","s","s",1,1.785479069,"2018_Apr_23_1403",59.95314445,"Experimento_Prueba",2,"JaquelineeeeeBloqueA",17,"Bloque","A",812
"tonos/5_63ma_A.wav","l","s",0,2.35285902,"2018_Apr_23_1403",59.95314445,"Experimento_Prueba",2,"JaquelineeeeeBloqueA",17,"Bloque","A",938
"tonos/5_125me_A.wav","s","s",1,1.16868186,"2018_Apr_23_1403",59.95314445,"Experimento_Prueba",2,"JaquelineeeeeBloqueA",17,"Bloque","A",750
"tonos/5_188me_A.wav","s","s",1,4.018078089,"2018_Apr_23_1403",59.95314445,"Experimento_Prueba",2,"JaquelineeeeeBloqueA",17,"Bloque","A",687
"tonos/5_188ma_A.wav","l","l",1,1.384601116,"2018_Apr_23_1403",59.95314445,"Experimento_Prueba",2,"JaquelineeeeeBloqueA",17,"Bloque","A",1063
"tonos/5_0_A.wav","l, s","s",0,2.202333927,"2018_Apr_23_1403",59.95314445,"Experimento_Prueba",2,"JaquelineeeeeBloqueA",17,"Bloque","A",875
"tonos/5_63me_A.wav","s","s",1,36.70134306,"2018_Apr_23_1403",59.95314445,"Experimento_Prueba",2,"JaquelineeeeeBloqueA",17,"Bloque","A",812
"tonos/5_250ma_A.wav","l","l",1,1.518220901,"2018_Apr_23_1403",59.95314445,"Experimento_Prueba",2,"JaquelineeeeeBloqueA",17,"Bloque","A",1125
"tonos/5_250me_A.wav","s","s",1,1.202713013,"2018_Apr_23_1403",59.95314445,"Experimento_Prueba",2,"JaquelineeeeeBloqueA",17,"Bloque","A",625
"tonos/5_125ma_A.wav","l","l",1,0.885843992,"2018_Apr_23_1403",59.95314445,"Experimento_Prueba",2,"JaquelineeeeeBloqueA",17,"Bloque","A",1000
"tonos/5_63ma_A.wav","l","s",0,2.101139069,"2018_Apr_23_1403",59.95314445,"Experimento_Prueba",2,"JaquelineeeeeBloqueA",17,"Bloque","A",938
"tonos/5_250me_A.wav","s","s",1,0.769731998,"2018_Apr_23_1403",59.95314445,"Experimento_Prueba",2,"JaquelineeeeeBloqueA",17,"Bloque","A",625
"tonos/5_188me_A.wav","s","s",1,1.301167965,"2018_Apr_23_1403",59.95314445,"Experimento_Prueba",2,"JaquelineeeeeBloqueA",17,"Bloque","A",687
"tonos/5_188ma_A.wav","l","l",1,0.85107708,"2018_Apr_23_1403",59.95314445,"Experimento_Prueba",2,"JaquelineeeeeBloqueA",17,"Bloque","A",1063
"tonos/5_125ma_A.wav","l","l",1,1.151288033,"2018_Apr_23_1403",59.95314445,"Experimento_Prueba",2,"JaquelineeeeeBloqueA",17,"Bloque","A",1000
"tonos/5_63me_A.wav","s","l",0,1.917966843,"2018_Apr_23_1403",59.95314445,"Experimento_Prueba",2,"JaquelineeeeeBloqueA",17,"Bloque","A",812
"tonos/5_250ma_A.wav","l","l",1,0.918348074,"2018_Apr_23_1403",59.95314445,"Experimento_Prueba",2,"JaquelineeeeeBloqueA",17,"Bloque","A",1125
"tonos/5_125me_A.wav","s","s",1,1.86824894,"2018_Apr_23_1403",59.95314445,"Experimento_Prueba",2,"JaquelineeeeeBloqueA",17,"Bloque","A",750
"tonos/5_0_A.wav","l, s","l",0,1.802002907,"2018_Apr_23_1403",59.95314445,"Experimento_Prueba",2,"JaquelineeeeeBloqueA",17,"Bloque","A",875
"tonos/5_188ma_A.wav","l","l",1,1.30212903,"2018_Apr_23_1403",59.95314445,"Experimento_Prueba",2,"JaquelineeeeeBloqueA",17,"Bloque","A",1063
"tonos/5_0_A.wav","l, s","l",0,1.468210936,"2018_Apr_23_1403",59.95314445,"Experimento_Prueba",2,"JaquelineeeeeBloqueA",17,"Bloque","A",875
"tonos/5_63ma_A.wav","l","l",1,2.435678959,"2018_Apr_23_1403",59.95314445,"Experimento_Prueba",2,"JaquelineeeeeBloqueA",17,"Bloque","A",938
"tonos/5_63me_A.wav","s","l",0,1.935789108,"2018_Apr_23_1403",59.95314445,"Experimento_Prueba",2,"JaquelineeeeeBloqueA",17,"Bloque","A",812
"tonos/5_125ma_A.wav","l","l",1,0.568930864,"2018_Apr_23_1403",59.95314445,"Experimento_Prueba",2,"JaquelineeeeeBloqueA",17,"Bloque","A",1000
"tonos/5_250me_A.wav","s","s",1,0.885047913,"2018_Apr_23_1403",59.95314445,"Experimento_Prueba",2,"JaquelineeeeeBloqueA",17,"Bloque","A",625
"tonos/5_188me_A.wav","s","s",1,1.051702023,"2018_Apr_23_1403",59.95314445,"Experimento_Prueba",2,"JaquelineeeeeBloqueA",17,"Bloque","A",687
"tonos/5_125me_A.wav","s","l",0,1.368602037,"2018_Apr_23_1403",59.95314445,"Experimento_Prueba",2,"JaquelineeeeeBloqueA",17,"Bloque","A",750
"tonos/5_250ma_A.wav","l","l",1,0.984652996,"2018_Apr_23_1403",59.95314445,"Experimento_Prueba",2,"JaquelineeeeeBloqueA",17,"Bloque","A",1125
"tonos/5_188ma_A.wav","l","l",1,0.951837063,"2018_Apr_23_1403",59.95314445,"Experimento_Prueba",2,"JaquelineeeeeBloqueA",17,"Bloque","A",1063
"tonos/5_63ma_A.wav","l","l",1,1.402230024,"2018_Apr_23_1403",59.95314445,"Experimento_Prueba",2,"JaquelineeeeeBloqueA",17,"Bloque","A",938
"tonos/5_250ma_A.wav","l","l",1,0.885318995,"2018_Apr_23_1403",59.95314445,"Experimento_Prueba",2,"JaquelineeeeeBloqueA",17,"Bloque","A",1125
"tonos/5_125me_A.wav","s","l",0,2.800716877,"2018_Apr_23_1403",59.95314445,"Experimento_Prueba",2,"JaquelineeeeeBloqueA",17,"Bloque","A",750
"tonos/5_250me_A.wav","s","s",1,1.302708149,"2018_Apr_23_1403",59.95314445,"Experimento_Prueba",2,"JaquelineeeeeBloqueA",17,"Bloque","A",625
"tonos/5_188me_A.wav","s","l",0,2.085633993,"2018_Apr_23_1403",59.95314445,"Experimento_Prueba",2,"JaquelineeeeeBloqueA",17,"Bloque","A",687
"tonos/5_63me_A.wav","s","s",1,2.135095835,"2018_Apr_23_1403",59.95314445,"Experimento_Prueba",2,"JaquelineeeeeBloqueA",17,"Bloque","A",812
"tonos/5_125ma_A.wav","l","l",1,1.085602999,"2018_Apr_23_1403",59.95314445,"Experimento_Prueba",2,"JaquelineeeeeBloqueA",17,"Bloque","A",1000
"tonos/5_0_A.wav","l, s","l",0,1.83504796,"2018_Apr_23_1403",59.95314445,"Experimento_Prueba",2,"JaquelineeeeeBloqueA",17,"Bloque","A",875
"tonos/5_188me_A.wav","s","s",1,2.101189137,"2018_Apr_23_1403",59.95314445,"Experimento_Prueba",2,"JaquelineeeeeBloqueA",17,"Bloque","A",687
"tonos/5_63ma_A.wav","l","l",1,3.369205952,"2018_Apr_23_1403",59.95314445,"Experimento_Prueba",2,"JaquelineeeeeBloqueA",17,"Bloque","A",938
"tonos/5_125ma_A.wav","l","l",1,1.96915102,"2018_Apr_23_1403",59.95314445,"Experimento_Prueba",2,"JaquelineeeeeBloqueA",17,"Bloque","A",1000
"tonos/5_250ma_A.wav","l","l",1,1.518235207,"2018_Apr_23_1403",59.95314445,"Experimento_Prueba",2,"JaquelineeeeeBloqueA",17,"Bloque","A",1125
"tonos/5_250me_A.wav","s","s",1,1.036129951,"2018_Apr_23_1403",59.95314445,"Experimento_Prueba",2,"JaquelineeeeeBloqueA",17,"Bloque","A",625
"tonos/5_0_A.wav","l, s","l",0,1.235019922,"2018_Apr_23_1403",59.95314445,"Experimento_Prueba",2,"JaquelineeeeeBloqueA",17,"Bloque","A",875
"tonos/5_125me_A.wav","s","s",1,2.102411985,"2018_Apr_23_1403",59.95314445,"Experimento_Prueba",2,"JaquelineeeeeBloqueA",17,"Bloque","A",750
"tonos/5_63me_A.wav","s","s",1,1.984342098,"2018_Apr_23_1403",59.95314445,"Experimento_Prueba",2,"JaquelineeeeeBloqueA",17,"Bloque","A",812
"tonos/5_188ma_A.wav","l","l",1,0.951908827,"2018_Apr_23_1403",59.95314445,"Experimento_Prueba",2,"JaquelineeeeeBloqueA",17,"Bloque","A",1063
"tonos/5_125ma_A.wav","l","l",1,0.785121918,"2018_Apr_23_1403",59.95314445,"Experimento_Prueba",2,"JaquelineeeeeBloqueA",17,"Bloque","A",1000
"tonos/5_63me_A.wav","s","l",0,1.885015011,"2018_Apr_23_1403",59.95314445,"Experimento_Prueba",2,"JaquelineeeeeBloqueA",17,"Bloque","A",812
"tonos/5_250me_A.wav","s","s",1,0.96903801,"2018_Apr_23_1403",59.95314445,"Experimento_Prueba",2,"JaquelineeeeeBloqueA",17,"Bloque","A",625
"tonos/5_188me_A.wav","s","s",1,1.168597937,"2018_Apr_23_1403",59.95314445,"Experimento_Prueba",2,"JaquelineeeeeBloqueA",17,"Bloque","A",687
"tonos/5_63ma_A.wav","l","l",1,0.951560974,"2018_Apr_23_1403",59.95314445,"Experimento_Prueba",2,"JaquelineeeeeBloqueA",17,"Bloque","A",938
"tonos/5_0_A.wav","l, s","l",0,1.718641996,"2018_Apr_23_1403",59.95314445,"Experimento_Prueba",2,"JaquelineeeeeBloqueA",17,"Bloque","A",875
"tonos/5_125me_A.wav","s","s",1,4.202164888,"2018_Apr_23_1403",59.95314445,"Experimento_Prueba",2,"JaquelineeeeeBloqueA",17,"Bloque","A",750
"tonos/5_188ma_A.wav","l","l",1,0.91928792,"2018_Apr_23_1403",59.95314445,"Experimento_Prueba",2,"JaquelineeeeeBloqueA",17,"Bloque","A",1063
"tonos/5_250ma_A.wav","l","l",1,1.119273901,"2018_Apr_23_1403",59.95314445,"Experimento_Prueba",2,"JaquelineeeeeBloqueA",17,"Bloque","A",1125
"tonos/5_0_A.wav","l, s","s",0,2.484920979,"2018_Apr_23_1403",59.95314445,"Experimento_Prueba",2,"JaquelineeeeeBloqueA",17,"Bloque","A",875
"tonos/5_63ma_A.wav","l","s",0,3.80212307,"2018_Apr_23_1403",59.95314445,"Experimento_Prueba",2,"JaquelineeeeeBloqueA",17,"Bloque","A",938
"tonos/5_188me_A.wav","s","s",1,1.035753965,"2018_Apr_23_1403",59.95314445,"Experimento_Prueba",2,"JaquelineeeeeBloqueA",17,"Bloque","A",687
"tonos/5_125ma_A.wav","l","l",1,0.735316038,"2018_Apr_23_1403",59.95314445,"Experimento_Prueba",2,"JaquelineeeeeBloqueA",17,"Bloque","A",1000
"tonos/5_250ma_A.wav","l","l",1,1.151335955,"2018_Apr_23_1403",59.95314445,"Experimento_Prueba",2,"JaquelineeeeeBloqueA",17,"Bloque","A",1125
"tonos/5_125me_A.wav","s","s",1,2.935335875,"2018_Apr_23_1403",59.95314445,"Experimento_Prueba",2,"JaquelineeeeeBloqueA",17,"Bloque","A",750
"tonos/5_63me_A.wav","s","s",1,1.918810844,"2018_Apr_23_1403",59.95314445,"Experimento_Prueba",2,"JaquelineeeeeBloqueA",17,"Bloque","A",812
"tonos/5_188ma_A.wav","l","l",1,0.868590832,"2018_Apr_23_1403",59.95314445,"Experimento_Prueba",2,"JaquelineeeeeBloqueA",17,"Bloque","A",1063
"tonos/5_250me_A.wav","s","s",1,1.051940203,"2018_Apr_23_1403",59.95314445,"Experimento_Prueba",2,"JaquelineeeeeBloqueA",17,"Bloque","A",625
"tonos/5_188ma_A.wav","l","l",1,0.952167988,"2018_Apr_23_1403",59.95314445,"Experimento_Prueba",2,"JaquelineeeeeBloqueA",17,"Bloque","A",1063
"tonos/5_63me_A.wav","s","s",1,2.268706083,"2018_Apr_23_1403",59.95314445,"Experimento_Prueba",2,"JaquelineeeeeBloqueA",17,"Bloque","A",812
"tonos/5_63ma_A.wav","l","s",0,1.584848881,"2018_Apr_23_1403",59.95314445,"Experimento_Prueba",2,"JaquelineeeeeBloqueA",17,"Bloque","A",938
"tonos/5_125ma_A.wav","l","l",1,0.985523939,"2018_Apr_23_1403",59.95314445,"Experimento_Prueba",2,"JaquelineeeeeBloqueA",17,"Bloque","A",1000
"tonos/5_188me_A.wav","s","s",1,0.88357091,"2018_Apr_23_1403",59.95314445,"Experimento_Prueba",2,"JaquelineeeeeBloqueA",17,"Bloque","A",687
"tonos/5_125me_A.wav","s","s",1,2.035749912,"2018_Apr_23_1403",59.95314445,"Experimento_Prueba",2,"JaquelineeeeeBloqueA",17,"Bloque","A",750
"tonos/5_250me_A.wav","s","s",1,1.502767086,"2018_Apr_23_1403",59.95314445,"Experimento_Prueba",2,"JaquelineeeeeBloqueA",17,"Bloque","A",625
"tonos/5_0_A.wav","l, s","s",0,4.753593922,"2018_Apr_23_1403",59.95314445,"Experimento_Prueba",2,"JaquelineeeeeBloqueA",17,"Bloque","A",875
"tonos/5_250ma_A.wav","l","l",1,0.902482033,"2018_Apr_23_1403",59.95314445,"Experimento_Prueba",2,"JaquelineeeeeBloqueA",17,"Bloque","A",1125
"tonos/5_188me_A.wav","s","s",1,1.169013977,"2018_Apr_23_1403",59.95314445,"Experimento_Prueba",2,"JaquelineeeeeBloqueA",17,"Bloque","A",687
"tonos/5_250ma_A.wav","l","l",1,1.068710804,"2018_Apr_23_1403",59.95314445,"Experimento_Prueba",2,"JaquelineeeeeBloqueA",17,"Bloque","A",1125
"tonos/5_63me_A.wav","s","s",1,0.769077063,"2018_Apr_23_1403",59.95314445,"Experimento_Prueba",2,"JaquelineeeeeBloqueA",17,"Bloque","A",812
"tonos/5_63ma_A.wav","l","s",0,2.668933153,"2018_Apr_23_1403",59.95314445,"Experimento_Prueba",2,"JaquelineeeeeBloqueA",17,"Bloque","A",938
"tonos/5_125me_A.wav","s","s",1,2.218672991,"2018_Apr_23_1403",59.95314445,"Experimento_Prueba",2,"JaquelineeeeeBloqueA",17,"Bloque","A",750
"tonos/5_188ma_A.wav","l","l",1,1.102338791,"2018_Apr_23_1403",59.95314445,"Experimento_Prueba",2,"JaquelineeeeeBloqueA",17,"Bloque","A",1063
"tonos/5_125ma_A.wav","l","l",1,1.102373838,"2018_Apr_23_1403",59.95314445,"Experimento_Prueba",2,"JaquelineeeeeBloqueA",17,"Bloque","A",1000
"tonos/5_0_A.wav","l, s","l",0,0.818514109,"2018_Apr_23_1403",59.95314445,"Experimento_Prueba",2,"JaquelineeeeeBloqueA",17,"Bloque","A",875
"tonos/5_250me_A.wav","s","s",1,0.868365049,"2018_Apr_23_1403",59.95314445,"Experimento_Prueba",2,"JaquelineeeeeBloqueA",17,"Bloque","A",625
"tonos/5_63ma_A.wav","l","l",1,1.851475,"2018_Apr_23_1403",59.95314445,"Experimento_Prueba",2,"JaquelineeeeeBloqueA",17,"Bloque","A",938
"tonos/5_188ma_A.wav","l","l",1,0.901947021,"2018_Apr_23_1403",59.95314445,"Experimento_Prueba",2,"JaquelineeeeeBloqueA",17,"Bloque","A",1063
"tonos/5_0_A.wav","l, s","s",0,2.401949883,"2018_Apr_23_1403",59.95314445,"Experimento_Prueba",2,"JaquelineeeeeBloqueA",17,"Bloque","A",875
"tonos/5_125ma_A.wav","l","l",1,1.902204037,"2018_Apr_23_1403",59.95314445,"Experimento_Prueba",2,"JaquelineeeeeBloqueA",17,"Bloque","A",1000
"tonos/5_63me_A.wav","s","l",0,2.318054914,"2018_Apr_23_1403",59.95314445,"Experimento_Prueba",2,"JaquelineeeeeBloqueA",17,"Bloque","A",812
"tonos/5_250me_A.wav","s","s",1,0.885684013,"2018_Apr_23_1403",59.95314445,"Experimento_Prueba",2,"JaquelineeeeeBloqueA",17,"Bloque","A",625
"tonos/5_250ma_A.wav","l","l",1,0.652058125,"2018_Apr_23_1403",59.95314445,"Experimento_Prueba",2,"JaquelineeeeeBloqueA",17,"Bloque","A",1125
"tonos/5_125me_A.wav","s","s",1,1.768137932,"2018_Apr_23_1403",59.95314445,"Experimento_Prueba",2,"JaquelineeeeeBloqueA",17,"Bloque","A",750
"tonos/5_188me_A.wav","s","s",1,0.852806091,"2018_Apr_23_1403",59.95314445,"Experimento_Prueba",2,"JaquelineeeeeBloqueA",17,"Bloque","A",687
"tonos/5_188ma_A.wav","l","l",1,0.586265087,"2018_Apr_23_1403",59.95314445,"Experimento_Prueba",2,"JaquelineeeeeBloqueA",17,"Bloque","A",1063
"tonos/5_125me_A.wav","s","s",1,1.102208138,"2018_Apr_23_1403",59.95314445,"Experimento_Prueba",2,"JaquelineeeeeBloqueA",17,"Bloque","A",750
"tonos/5_250me_A.wav","s","s",1,1.002154827,"2018_Apr_23_1403",59.95314445,"Experimento_Prueba",2,"JaquelineeeeeBloqueA",17,"Bloque","A",625
"tonos/5_125ma_A.wav","l","l",1,0.718621969,"2018_Apr_23_1403",59.95314445,"Experimento_Prueba",2,"JaquelineeeeeBloqueA",17,"Bloque","A",1000
"tonos/5_63me_A.wav","s","s",1,2.885485888,"2018_Apr_23_1403",59.95314445,"Experimento_Prueba",2,"JaquelineeeeeBloqueA",17,"Bloque","A",812
"tonos/5_0_A.wav","l, s","s",0,3.152219057,"2018_Apr_23_1403",59.95314445,"Experimento_Prueba",2,"JaquelineeeeeBloqueA",17,"Bloque","A",875
"tonos/5_188me_A.wav","s","s",1,0.835709095,"2018_Apr_23_1403",59.95314445,"Experimento_Prueba",2,"JaquelineeeeeBloqueA",17,"Bloque","A",687
"tonos/5_63ma_A.wav","l","l",1,1.534434795,"2018_Apr_23_1403",59.95314445,"Experimento_Prueba",2,"JaquelineeeeeBloqueA",17,"Bloque","A",938
"tonos/5_250ma_A.wav","l","l",1,0.901738882,"2018_Apr_23_1403",59.95314445,"Experimento_Prueba",2,"JaquelineeeeeBloqueA",17,"Bloque","A",1125
"tonos/5_63ma_A.wav","l","l",1,1.20172596,"2018_Apr_23_1403",59.95314445,"Experimento_Prueba",2,"JaquelineeeeeBloqueA",17,"Bloque","A",938
"tonos/5_125me_A.wav","s","s",1,1.834603071,"2018_Apr_23_1403",59.95314445,"Experimento_Prueba",2,"JaquelineeeeeBloqueA",17,"Bloque","A",750
"tonos/5_188me_A.wav","s","s",1,2.968405008,"2018_Apr_23_1403",59.95314445,"Experimento_Prueba",2,"JaquelineeeeeBloqueA",17,"Bloque","A",687
"tonos/5_63me_A.wav","s","s",1,2.250939131,"2018_Apr_23_1403",59.95314445,"Experimento_Prueba",2,"JaquelineeeeeBloqueA",17,"Bloque","A",812
"tonos/5_250ma_A.wav","l","l",1,0.68500495,"2018_Apr_23_1403",59.95314445,"Experimento_Prueba",2,"JaquelineeeeeBloqueA",17,"Bloque","A",1125
"tonos/5_188ma_A.wav","l","l",1,0.685040951,"2018_Apr_23_1403",59.95314445,"Experimento_Prueba",2,"JaquelineeeeeBloqueA",17,"Bloque","A",1063
"tonos/5_0_A.wav","l, s","l",0,1.702098846,"2018_Apr_23_1403",59.95314445,"Experimento_Prueba",2,"JaquelineeeeeBloqueA",17,"Bloque","A",875
"tonos/5_125ma_A.wav","l","l",1,1.535068035,"2018_Apr_23_1403",59.95314445,"Experimento_Prueba",2,"JaquelineeeeeBloqueA",17,"Bloque","A",1000
"tonos/5_250me_A.wav","s","s",1,0.752166986,"2018_Apr_23_1403",59.95314445,"Experimento_Prueba",2,"JaquelineeeeeBloqueA",17,"Bloque","A",625
"tonos/5_250me_A.wav","s","s",1,0.768213034,"2018_Apr_23_1403",59.95314445,"Experimento_Prueba",2,"JaquelineeeeeBloqueA",17,"Bloque","A",625
"tonos/5_0_A.wav","l, s","s",0,2.236332893,"2018_Apr_23_1403",59.95314445,"Experimento_Prueba",2,"JaquelineeeeeBloqueA",17,"Bloque","A",875
"tonos/5_125me_A.wav","s","s",1,2.468777895,"2018_Apr_23_1403",59.95314445,"Experimento_Prueba",2,"JaquelineeeeeBloqueA",17,"Bloque","A",750
"tonos/5_125ma_A.wav","l","l",1,1.36839819,"2018_Apr_23_1403",59.95314445,"Experimento_Prueba",2,"JaquelineeeeeBloqueA",17,"Bloque","A",1000
"tonos/5_188ma_A.wav","l","l",1,1.652137995,"2018_Apr_23_1403",59.95314445,"Experimento_Prueba",2,"JaquelineeeeeBloqueA",17,"Bloque","A",1063
"tonos/5_250ma_A.wav","l","l",1,0.968425035,"2018_Apr_23_1403",59.95314445,"Experimento_Prueba",2,"JaquelineeeeeBloqueA",17,"Bloque","A",1125
"tonos/5_63me_A.wav","s","s",1,1.735295057,"2018_Apr_23_1403",59.95314445,"Experimento_Prueba",2,"JaquelineeeeeBloqueA",17,"Bloque","A",812
"tonos/5_63ma_A.wav","l","l",1,1.868814945,"2018_Apr_23_1403",59.95314445,"Experimento_Prueba",2,"JaquelineeeeeBloqueA",17,"Bloque","A",938
"tonos/5_188me_A.wav","s","l",0,2.351869106,"2018_Apr_23_1403",59.95314445,"Experimento_Prueba",2,"JaquelineeeeeBloqueA",17,"Bloque","A",687
"tonos/5_0_A.wav","l, s","l",0,2.436419964,"2018_Apr_23_1403",59.95314445,"Experimento_Prueba",2,"JaquelineeeeeBloqueA",17,"Bloque","A",875
"tonos/5_250me_A.wav","s","s",1,0.685089111,"2018_Apr_23_1403",59.95314445,"Experimento_Prueba",2,"JaquelineeeeeBloqueA",17,"Bloque","A",625
"tonos/5_250ma_A.wav","l","l",1,0.868588924,"2018_Apr_23_1403",59.95314445,"Experimento_Prueba",2,"JaquelineeeeeBloqueA",17,"Bloque","A",1125
"tonos/5_63ma_A.wav","l","l",1,2.251482964,"2018_Apr_23_1403",59.95314445,"Experimento_Prueba",2,"JaquelineeeeeBloqueA",17,"Bloque","A",938
"tonos/5_188ma_A.wav","l","l",1,0.951843023,"2018_Apr_23_1403",59.95314445,"Experimento_Prueba",2,"JaquelineeeeeBloqueA",17,"Bloque","A",1063
"tonos/5_63me_A.wav","s","s",1,1.302361012,"2018_Apr_23_1403",59.95314445,"Experimento_Prueba",2,"JaquelineeeeeBloqueA",17,"Bloque","A",812
"tonos/5_188me_A.wav","s","s",1,2.251068115,"2018_Apr_23_1403",59.95314445,"Experimento_Prueba",2,"JaquelineeeeeBloqueA",17,"Bloque","A",687
"tonos/5_125me_A.wav","s","s",1,1.650893927,"2018_Apr_23_1403",59.95314445,"Experimento_Prueba",2,"JaquelineeeeeBloqueA",17,"Bloque","A",750
"tonos/5_125ma_A.wav","l","l",1,1.718374968,"2018_Apr_23_1403",59.95314445,"Experimento_Prueba",2,"JaquelineeeeeBloqueA",17,"Bloque","A",1000
"tonos/5_188me_A.wav","s","s",1,1.433781862,"2018_Apr_23_1403",59.95314445,"Experimento_Prueba",2,"JaquelineeeeeBloqueA",17,"Bloque","A",687
"tonos/5_63ma_A.wav","l","l",1,1.168630123,"2018_Apr_23_1403",59.95314445,"Experimento_Prueba",2,"JaquelineeeeeBloqueA",17,"Bloque","A",938
"tonos/5_125ma_A.wav","l","l",1,3.185198069,"2018_Apr_23_1403",59.95314445,"Experimento_Prueba",2,"JaquelineeeeeBloqueA",17,"Bloque","A",1000
"tonos/5_250ma_A.wav","l","l",1,0.935714006,"2018_Apr_23_1403",59.95314445,"Experimento_Prueba",2,"JaquelineeeeeBloqueA",17,"Bloque","A",1125
"tonos/5_250me_A.wav","s","s",1,1.36841011,"2018_Apr_23_1403",59.95314445,"Experimento_Prueba",2,"JaquelineeeeeBloqueA",17,"Bloque","A",625
"tonos/5_63me_A.wav","s","s",1,2.185827017,"2018_Apr_23_1403",59.95314445,"Experimento_Prueba",2,"JaquelineeeeeBloqueA",17,"Bloque","A",812
"tonos/5_188ma_A.wav","l","l",1,1.051802874,"2018_Apr_23_1403",59.95314445,"Experimento_Prueba",2,"JaquelineeeeeBloqueA",17,"Bloque","A",1063
"tonos/5_0_A.wav","l, s","l",0,2.885277033,"2018_Apr_23_1403",59.95314445,"Experimento_Prueba",2,"JaquelineeeeeBloqueA",17,"Bloque","A",875
"tonos/5_125me_A.wav","s","s",1,1.000775814,"2018_Apr_23_1403",59.95314445,"Experimento_Prueba",2,"JaquelineeeeeBloqueA",17,"Bloque","A",750
"tonos/5_0_A.wav","l, s","s",0,1.33573103,"2018_Apr_23_1403",59.95314445,"Experimento_Prueba",2,"JaquelineeeeeBloqueA",17,"Bloque","A",875
"tonos/5_63me_A.wav","s","s",1,1.501233816,"2018_Apr_23_1403",59.95314445,"Experimento_Prueba",2,"JaquelineeeeeBloqueA",17,"Bloque","A",812
"tonos/5_250me_A.wav","s","s",1,0.733386993,"2018_Apr_23_1403",59.95314445,"Experimento_Prueba",2,"JaquelineeeeeBloqueA",17,"Bloque","A",625
"tonos/5_188me_A.wav","s","s",1,0.717230082,"2018_Apr_23_1403",59.95314445,"Experimento_Prueba",2,"JaquelineeeeeBloqueA",17,"Bloque","A",687
"tonos/5_63ma_A.wav","l","l",1,0.702574015,"2018_Apr_23_1403",59.95314445,"Experimento_Prueba",2,"JaquelineeeeeBloqueA",17,"Bloque","A",938
"tonos/5_125ma_A.wav","l","l",1,0.45103097,"2018_Apr_23_1403",59.95314445,"Experimento_Prueba",2,"JaquelineeeeeBloqueA",17,"Bloque","A",1000
"tonos/5_188ma_A.wav","l","l",1,0.318603039,"2018_Apr_23_1403",59.95314445,"Experimento_Prueba",2,"JaquelineeeeeBloqueA",17,"Bloque","A",1063
"tonos/5_125me_A.wav","s","s",1,1.401662827,"2018_Apr_23_1403",59.95314445,"Experimento_Prueba",2,"JaquelineeeeeBloqueA",17,"Bloque","A",750
"tonos/5_250ma_A.wav","l","l",1,1.135221004,"2018_Apr_23_1403",59.95314445,"Experimento_Prueba",2,"JaquelineeeeeBloqueA",17,"Bloque","A",1125
