"participante","condicion","escala","secuencia","duracion","corto","largo","largo_p"
2,"Aleatoria","A",3,1550,18,2,0.1
2,"Aleatoria","A",3,1600,15,5,0.25
2,"Aleatoria","A",3,1650,15,5,0.25
2,"Aleatoria","A",3,1700,11,9,0.45
2,"Aleatoria","A",3,1750,13,7,0.35
2,"Aleatoria","A",3,1800,11,9,0.45
2,"Aleatoria","A",3,1850,7,13,0.65
2,"Aleatoria","A",3,1900,6,14,0.7
2,"Aleatoria","A",3,1950,6,14,0.7
2,"Aleatoria","A",4,1550,16,4,0.2
2,"Aleatoria","A",4,1600,15,5,0.25
2,"Aleatoria","A",4,1650,16,4,0.2
2,"Aleatoria","A",4,1700,11,9,0.45
2,"Aleatoria","A",4,1750,5,15,0.75
2,"Aleatoria","A",4,1800,10,10,0.5
2,"Aleatoria","A",4,1850,7,13,0.65
2,"Aleatoria","A",4,1900,2,18,0.9
2,"Aleatoria","A",4,1950,3,17,0.85
2,"Aleatoria","A",5,1550,17,3,0.15
2,"Aleatoria","A",5,1600,15,5,0.25
2,"Aleatoria","A",5,1650,16,4,0.2
2,"Aleatoria","A",5,1700,15,5,0.25
2,"Aleatoria","A",5,1750,12,8,0.4
2,"Aleatoria","A",5,1800,10,10,0.5
2,"Aleatoria","A",5,1850,7,13,0.65
2,"Aleatoria","A",5,1900,6,14,0.7
2,"Aleatoria","A",5,1950,2,18,0.9
2,"Bloque","A",3,1550,20,0,0
2,"Bloque","A",3,1600,17,3,0.15
2,"Bloque","A",3,1650,14,6,0.3
2,"Bloque","A",3,1700,15,5,0.25
2,"Bloque","A",3,1750,10,10,0.5
2,"Bloque","A",3,1800,5,15,0.75
2,"Bloque","A",3,1850,3,17,0.85
2,"Bloque","A",3,1900,0,20,1
2,"Bloque","A",3,1950,2,18,0.9
2,"Bloque","A",4,1550,14,6,0.3
2,"Bloque","A",4,1600,15,5,0.25
2,"Bloque","A",4,1650,14,6,0.3
2,"Bloque","A",4,1700,11,9,0.45
2,"Bloque","A",4,1750,11,9,0.45
2,"Bloque","A",4,1800,10,10,0.5
2,"Bloque","A",4,1850,8,12,0.6
2,"Bloque","A",4,1900,5,15,0.75
2,"Bloque","A",4,1950,0,20,1
2,"Bloque","A",5,1550,14,6,0.3
2,"Bloque","A",5,1600,16,4,0.2
2,"Bloque","A",5,1650,17,3,0.15
2,"Bloque","A",5,1700,12,8,0.4
2,"Bloque","A",5,1750,8,12,0.6
2,"Bloque","A",5,1800,12,8,0.4
2,"Bloque","A",5,1850,3,17,0.85
2,"Bloque","A",5,1900,2,18,0.9
2,"Bloque","A",5,1950,3,17,0.85
2,"Aleatoria","B",3,900,18,2,0.1
2,"Aleatoria","B",3,937,18,2,0.1
2,"Aleatoria","B",3,975,18,2,0.1
2,"Aleatoria","B",3,1012,18,2,0.1
2,"Aleatoria","B",3,1050,18,2,0.1
2,"Aleatoria","B",3,1088,15,5,0.25
2,"Aleatoria","B",3,1125,13,7,0.35
2,"Aleatoria","B",3,1163,9,11,0.55
2,"Aleatoria","B",3,1200,6,14,0.7
2,"Aleatoria","B",4,900,19,1,0.05
2,"Aleatoria","B",4,937,14,6,0.3
2,"Aleatoria","B",4,975,14,6,0.3
2,"Aleatoria","B",4,1012,18,2,0.1
2,"Aleatoria","B",4,1050,14,6,0.3
2,"Aleatoria","B",4,1088,13,7,0.35
2,"Aleatoria","B",4,1125,11,9,0.45
2,"Aleatoria","B",4,1163,3,17,0.85
2,"Aleatoria","B",4,1200,3,17,0.85
2,"Aleatoria","B",5,900,19,1,0.05
2,"Aleatoria","B",5,937,20,0,0
2,"Aleatoria","B",5,975,18,2,0.1
2,"Aleatoria","B",5,1012,15,5,0.25
2,"Aleatoria","B",5,1050,16,4,0.2
2,"Aleatoria","B",5,1088,11,9,0.45
2,"Aleatoria","B",5,1125,11,9,0.45
2,"Aleatoria","B",5,1163,7,13,0.65
2,"Aleatoria","B",5,1200,2,18,0.9
2,"Bloque","B",3,900,19,1,0.05
2,"Bloque","B",3,937,19,1,0.05
2,"Bloque","B",3,975,17,3,0.15
2,"Bloque","B",3,1012,17,3,0.15
2,"Bloque","B",3,1050,18,2,0.1
2,"Bloque","B",3,1088,15,5,0.25
2,"Bloque","B",3,1125,12,8,0.4
2,"Bloque","B",3,1163,4,16,0.8
2,"Bloque","B",3,1200,6,14,0.7
2,"Bloque","B",4,900,17,3,0.15
2,"Bloque","B",4,937,18,2,0.1
2,"Bloque","B",4,975,19,1,0.05
2,"Bloque","B",4,1012,17,3,0.15
2,"Bloque","B",4,1050,16,4,0.2
2,"Bloque","B",4,1088,16,4,0.2
2,"Bloque","B",4,1125,7,13,0.65
2,"Bloque","B",4,1163,6,14,0.7
2,"Bloque","B",4,1200,1,19,0.95
2,"Bloque","B",5,900,19,1,0.05
2,"Bloque","B",5,937,20,0,0
2,"Bloque","B",5,975,20,0,0
2,"Bloque","B",5,1012,19,1,0.05
2,"Bloque","B",5,1050,18,2,0.1
2,"Bloque","B",5,1088,14,6,0.3
2,"Bloque","B",5,1125,7,13,0.65
2,"Bloque","B",5,1163,3,17,0.85
2,"Bloque","B",5,1200,3,17,0.85
2,"Aleatoria","C",3,1200,17,3,0.15
2,"Aleatoria","C",3,1250,15,5,0.25
2,"Aleatoria","C",3,1300,17,3,0.15
2,"Aleatoria","C",3,1350,16,4,0.2
2,"Aleatoria","C",3,1400,17,3,0.15
2,"Aleatoria","C",3,1450,18,2,0.1
2,"Aleatoria","C",3,1500,13,7,0.35
2,"Aleatoria","C",3,1550,11,9,0.45
2,"Aleatoria","C",3,1600,6,14,0.7
2,"Aleatoria","C",4,1200,16,4,0.2
2,"Aleatoria","C",4,1250,15,5,0.25
2,"Aleatoria","C",4,1300,14,6,0.3
2,"Aleatoria","C",4,1350,14,6,0.3
2,"Aleatoria","C",4,1400,13,7,0.35
2,"Aleatoria","C",4,1450,10,10,0.5
2,"Aleatoria","C",4,1500,10,10,0.5
2,"Aleatoria","C",4,1550,6,14,0.7
2,"Aleatoria","C",4,1600,1,19,0.95
2,"Aleatoria","C",5,1200,17,3,0.15
2,"Aleatoria","C",5,1250,17,3,0.15
2,"Aleatoria","C",5,1300,17,3,0.15
2,"Aleatoria","C",5,1350,13,7,0.35
2,"Aleatoria","C",5,1400,13,7,0.35
2,"Aleatoria","C",5,1450,8,12,0.6
2,"Aleatoria","C",5,1500,7,13,0.65
2,"Aleatoria","C",5,1550,3,17,0.85
2,"Aleatoria","C",5,1600,6,14,0.7
2,"Bloque","C",3,1200,19,1,0.05
2,"Bloque","C",3,1250,18,2,0.1
2,"Bloque","C",3,1300,20,0,0
2,"Bloque","C",3,1350,18,2,0.1
2,"Bloque","C",3,1400,16,4,0.2
2,"Bloque","C",3,1450,12,8,0.4
2,"Bloque","C",3,1500,12,8,0.4
2,"Bloque","C",3,1550,8,12,0.6
2,"Bloque","C",3,1600,6,14,0.7
2,"Bloque","C",4,1200,18,2,0.1
2,"Bloque","C",4,1250,19,1,0.05
2,"Bloque","C",4,1300,18,2,0.1
2,"Bloque","C",4,1350,16,4,0.2
2,"Bloque","C",4,1400,14,6,0.3
2,"Bloque","C",4,1450,15,5,0.25
2,"Bloque","C",4,1500,14,6,0.3
2,"Bloque","C",4,1550,5,15,0.75
2,"Bloque","C",4,1600,8,12,0.6
2,"Bloque","C",5,1200,19,1,0.05
2,"Bloque","C",5,1250,17,3,0.15
2,"Bloque","C",5,1300,17,3,0.15
2,"Bloque","C",5,1350,19,1,0.05
2,"Bloque","C",5,1400,16,4,0.2
2,"Bloque","C",5,1450,17,3,0.15
2,"Bloque","C",5,1500,11,9,0.45
2,"Bloque","C",5,1550,11,9,0.45
2,"Bloque","C",5,1600,5,15,0.75
3,"Aleatoria","A",3,1550,19,1,0.05
3,"Aleatoria","A",3,1600,15,5,0.25
3,"Aleatoria","A",3,1650,15,5,0.25
3,"Aleatoria","A",3,1700,13,7,0.35
3,"Aleatoria","A",3,1750,13,7,0.35
3,"Aleatoria","A",3,1800,11,9,0.45
3,"Aleatoria","A",3,1850,5,15,0.75
3,"Aleatoria","A",3,1900,8,12,0.6
3,"Aleatoria","A",3,1950,6,14,0.7
3,"Aleatoria","A",4,1550,19,1,0.05
3,"Aleatoria","A",4,1600,19,1,0.05
3,"Aleatoria","A",4,1650,19,1,0.05
3,"Aleatoria","A",4,1700,16,4,0.2
3,"Aleatoria","A",4,1750,13,7,0.35
3,"Aleatoria","A",4,1800,11,9,0.45
3,"Aleatoria","A",4,1850,9,11,0.55
3,"Aleatoria","A",4,1900,5,15,0.75
3,"Aleatoria","A",4,1950,5,15,0.75
3,"Aleatoria","A",5,1550,19,1,0.05
3,"Aleatoria","A",5,1600,19,1,0.05
3,"Aleatoria","A",5,1650,18,2,0.1
3,"Aleatoria","A",5,1700,17,3,0.15
3,"Aleatoria","A",5,1750,9,11,0.55
3,"Aleatoria","A",5,1800,8,12,0.6
3,"Aleatoria","A",5,1850,8,12,0.6
3,"Aleatoria","A",5,1900,9,11,0.55
3,"Aleatoria","A",5,1950,6,14,0.7
3,"Bloque","A",3,1550,19,1,0.05
3,"Bloque","A",3,1600,19,1,0.05
3,"Bloque","A",3,1650,16,4,0.2
3,"Bloque","A",3,1700,13,7,0.35
3,"Bloque","A",3,1750,13,7,0.35
3,"Bloque","A",3,1800,7,13,0.65
3,"Bloque","A",3,1850,5,15,0.75
3,"Bloque","A",3,1900,5,15,0.75
3,"Bloque","A",3,1950,1,19,0.95
3,"Bloque","A",4,1550,20,0,0
3,"Bloque","A",4,1600,17,3,0.15
3,"Bloque","A",4,1650,19,1,0.05
3,"Bloque","A",4,1700,13,7,0.35
3,"Bloque","A",4,1750,14,6,0.3
3,"Bloque","A",4,1800,5,15,0.75
3,"Bloque","A",4,1850,2,18,0.9
3,"Bloque","A",4,1900,1,19,0.95
3,"Bloque","A",4,1950,3,17,0.85
3,"Bloque","A",5,1550,20,0,0
3,"Bloque","A",5,1600,19,1,0.05
3,"Bloque","A",5,1650,16,4,0.2
3,"Bloque","A",5,1700,14,6,0.3
3,"Bloque","A",5,1750,7,13,0.65
3,"Bloque","A",5,1800,7,13,0.65
3,"Bloque","A",5,1850,4,16,0.8
3,"Bloque","A",5,1900,2,18,0.9
3,"Bloque","A",5,1950,4,16,0.8
3,"Aleatoria","B",3,900,18,2,0.1
3,"Aleat","B",3,937,16,4,0.2
3,"Aleat","B",3,975,12,8,0.4
3,"Aleat","B",3,1012,8,12,0.6
3,"Aleat","B",3,1050,6,14,0.7
3,"Aleat","B",3,1088,12,8,0.4
3,"Aleat","B",3,1125,9,11,0.55
3,"Aleat","B",3,1163,5,15,0.75
3,"Aleat","B",3,1200,6,14,0.7
3,"Aleat","B",4,900,18,2,0.1
3,"Aleat","B",4,937,18,2,0.1
3,"Aleat","B",4,975,17,3,0.15
3,"Aleat","B",4,1012,12,8,0.4
3,"Aleat","B",4,1050,15,5,0.25
3,"Aleat","B",4,1088,12,8,0.4
3,"Aleat","B",4,1125,12,8,0.4
3,"Aleat","B",4,1163,10,10,0.5
3,"Aleat","B",4,1200,7,13,0.65
3,"Aleat","B",5,900,20,0,0
3,"Aleat","B",5,937,19,1,0.05
3,"Aleat","B",5,975,18,2,0.1
3,"Aleat","B",5,1012,14,6,0.3
3,"Aleat","B",5,1050,15,5,0.25
3,"Aleat","B",5,1088,14,6,0.3
3,"Aleat","B",5,1125,8,12,0.6
3,"Aleat","B",5,1163,7,13,0.65
3,"Aleat","B",5,1200,8,12,0.6
3,"Bloque","B",3,900,16,4,0.2
3,"Bloque","B",3,937,14,6,0.3
3,"Bloque","B",3,975,18,2,0.1
3,"Bloque","B",3,1012,13,7,0.35
3,"Bloque","B",3,1050,11,9,0.45
3,"Bloque","B",3,1088,9,11,0.55
3,"Bloque","B",3,1125,3,17,0.85
3,"Bloque","B",3,1163,1,19,0.95
3,"Bloque","B",3,1200,1,19,0.95
3,"Bloque","B",4,900,19,1,0.05
3,"Bloque","B",4,937,17,3,0.15
3,"Bloque","B",4,975,18,2,0.1
3,"Bloque","B",4,1012,14,6,0.3
3,"Bloque","B",4,1050,14,6,0.3
3,"Bloque","B",4,1088,8,12,0.6
3,"Bloque","B",4,1125,7,13,0.65
3,"Bloque","B",4,1163,3,17,0.85
3,"Bloque","B",4,1200,3,17,0.85
3,"Bloque","B",5,900,20,0,0
3,"Bloque","B",5,937,17,3,0.15
3,"Bloque","B",5,975,17,3,0.15
3,"Bloque","B",5,1012,16,4,0.2
3,"Bloque","B",5,1050,14,6,0.3
3,"Bloque","B",5,1088,10,10,0.5
3,"Bloque","B",5,1125,5,15,0.75
3,"Bloque","B",5,1163,5,15,0.75
3,"Bloque","B",5,1200,3,17,0.85
3,"Aleatoria","C",3,1200,20,0,0
3,"Aleatoria","C",3,1250,20,0,0
3,"Aleatoria","C",3,1300,20,0,0
3,"Aleatoria","C",3,1350,18,2,0.1
3,"Aleatoria","C",3,1400,16,4,0.2
3,"Aleatoria","C",3,1450,13,7,0.35
3,"Aleatoria","C",3,1500,11,9,0.45
3,"Aleatoria","C",3,1550,8,12,0.6
3,"Aleatoria","C",3,1600,3,17,0.85
3,"Aleatoria","C",4,1200,20,0,0
3,"Aleatoria","C",4,1250,20,0,0
3,"Aleatoria","C",4,1300,19,1,0.05
3,"Aleatoria","C",4,1350,16,4,0.2
3,"Aleatoria","C",4,1400,15,5,0.25
3,"Aleatoria","C",4,1450,15,5,0.25
3,"Aleatoria","C",4,1500,6,14,0.7
3,"Aleatoria","C",4,1550,6,14,0.7
3,"Aleatoria","C",4,1600,5,15,0.75
3,"Aleatoria","C",5,1200,20,0,0
3,"Aleatoria","C",5,1250,20,0,0
3,"Aleatoria","C",5,1300,20,0,0
3,"Aleatoria","C",5,1350,18,2,0.1
3,"Aleatoria","C",5,1400,13,7,0.35
3,"Aleatoria","C",5,1450,10,10,0.5
3,"Aleatoria","C",5,1500,12,8,0.4
3,"Aleatoria","C",5,1550,9,11,0.55
3,"Aleatoria","C",5,1600,5,15,0.75
3,"Bloque","C",3,1200,20,0,0
3,"Bloque","C",3,1250,20,0,0
3,"Bloque","C",3,1300,20,0,0
3,"Bloque","C",3,1350,19,1,0.05
3,"Bloque","C",3,1400,19,1,0.05
3,"Bloque","C",3,1450,13,7,0.35
3,"Bloque","C",3,1500,12,8,0.4
3,"Bloque","C",3,1550,10,10,0.5
3,"Bloque","C",3,1600,2,18,0.9
3,"Bloque","C",4,1200,18,2,0.1
3,"Bloque","C",4,1250,18,2,0.1
3,"Bloque","C",4,1300,16,4,0.2
3,"Bloque","C",4,1350,18,2,0.1
3,"Bloque","C",4,1400,14,6,0.3
3,"Bloque","C",4,1450,10,10,0.5
3,"Bloque","C",4,1500,7,13,0.65
3,"Bloque","C",4,1550,5,15,0.75
3,"Bloque","C",4,1600,4,16,0.8
3,"Bloque","C",5,1200,13,7,0.35
3,"Bloque","C",5,1250,11,9,0.45
3,"Bloque","C",5,1300,12,8,0.4
3,"Bloque","C",5,1350,12,8,0.4
3,"Bloque","C",5,1400,9,11,0.55
3,"Bloque","C",5,1450,9,11,0.55
3,"Bloque","C",5,1500,6,14,0.7
3,"Bloque","C",5,1550,3,17,0.85
3,"Bloque","C",5,1600,3,17,0.85
4,"Aleatoria","A",3,1550,20,0,0
4,"Aleatoria","A",3,1600,20,0,0
4,"Aleatoria","A",3,1650,13,7,0.35
4,"Aleatoria","A",3,1700,8,12,0.6
4,"Aleatoria","A",3,1750,6,14,0.7
4,"Aleatoria","A",3,1800,4,16,0.8
4,"Aleatoria","A",3,1850,5,15,0.75
4,"Aleatoria","A",3,1900,3,17,0.85
4,"Aleatoria","A",3,1950,0,20,1
4,"Aleatoria","A",4,1550,20,0,0
4,"Aleatoria","A",4,1600,18,2,0.1
4,"Aleatoria","A",4,1650,20,0,0
4,"Aleatoria","A",4,1700,12,8,0.4
4,"Aleatoria","A",4,1750,9,11,0.55
4,"Aleatoria","A",4,1800,5,15,0.75
4,"Aleatoria","A",4,1850,3,17,0.85
4,"Aleatoria","A",4,1900,2,18,0.9
4,"Aleatoria","A",4,1950,0,20,1
4,"Aleatoria","A",5,1550,20,0,0
4,"Aleatoria","A",5,1600,20,0,0
4,"Aleatoria","A",5,1650,17,3,0.15
4,"Aleatoria","A",5,1700,18,2,0.1
4,"Aleatoria","A",5,1750,10,10,0.5
4,"Aleatoria","A",5,1800,7,13,0.65
4,"Aleatoria","A",5,1850,4,16,0.8
4,"Aleatoria","A",5,1900,2,18,0.9
4,"Aleatoria","A",5,1950,1,19,0.95
4,"Bloque","A",3,1550,17,3,0.15
4,"Bloque","A",3,1600,19,1,0.05
4,"Bloque","A",3,1650,18,2,0.1
4,"Bloque","A",3,1700,18,2,0.1
4,"Bloque","A",3,1750,16,4,0.2
4,"Bloque","A",3,1800,15,5,0.25
4,"Bloque","A",3,1850,9,11,0.55
4,"Bloque","A",3,1900,6,14,0.7
4,"Bloque","A",3,1950,2,18,0.9
4,"Bloque","A",4,1550,20,0,0
4,"Bloque","A",4,1600,20,0,0
4,"Bloque","A",4,1650,19,1,0.05
4,"Bloque","A",4,1700,14,6,0.3
4,"Bloque","A",4,1750,10,10,0.5
4,"Bloque","A",4,1800,6,14,0.7
4,"Bloque","A",4,1850,1,19,0.95
4,"Bloque","A",4,1900,0,20,1
4,"Bloque","A",4,1950,2,18,0.9
4,"Bloque","A",5,1550,20,0,0
4,"Bloque","A",5,1600,18,2,0.1
4,"Bloque","A",5,1650,15,5,0.25
4,"Bloque","A",5,1700,15,5,0.25
4,"Bloque","A",5,1750,13,7,0.35
4,"Bloque","A",5,1800,6,14,0.7
4,"Bloque","A",5,1850,4,16,0.8
4,"Bloque","A",5,1900,1,19,0.95
4,"Bloque","A",5,1950,2,18,0.9
4,"Aleatoria","B",3,900,20,0,0
4,"Aleatoria","B",3,937,19,1,0.05
4,"Aleatoria","B",3,975,17,3,0.15
4,"Aleatoria","B",3,1012,16,4,0.2
4,"Aleatoria","B",3,1050,13,7,0.35
4,"Aleatoria","B",3,1088,13,7,0.35
4,"Aleatoria","B",3,1125,11,9,0.45
4,"Aleatoria","B",3,1163,5,15,0.75
4,"Aleatoria","B",3,1200,7,13,0.65
4,"Aleatoria","B",4,900,20,0,0
4,"Aleatoria","B",4,937,20,0,0
4,"Aleatoria","B",4,975,16,4,0.2
4,"Aleatoria","B",4,1012,19,1,0.05
4,"Aleatoria","B",4,1050,12,8,0.4
4,"Aleatoria","B",4,1088,11,9,0.45
4,"Aleatoria","B",4,1125,3,17,0.85
4,"Aleatoria","B",4,1163,6,14,0.7
4,"Aleatoria","B",4,1200,1,19,0.95
4,"Aleatoria","B",5,900,20,0,0
4,"Aleatoria","B",5,937,18,2,0.1
4,"Aleatoria","B",5,975,18,2,0.1
4,"Aleatoria","B",5,1012,18,2,0.1
4,"Aleatoria","B",5,1050,14,6,0.3
4,"Aleatoria","B",5,1088,10,10,0.5
4,"Aleatoria","B",5,1125,6,14,0.7
4,"Aleatoria","B",5,1163,4,16,0.8
4,"Aleatoria","B",5,1200,2,18,0.9
4,"Bloque","B",3,900,20,0,0
4,"Bloque","B",3,937,18,2,0.1
4,"Bloque","B",3,975,17,3,0.15
4,"Bloque","B",3,1012,13,7,0.35
4,"Bloque","B",3,1050,14,6,0.3
4,"Bloque","B",3,1088,10,10,0.5
4,"Bloque","B",3,1125,2,18,0.9
4,"Bloque","B",3,1163,1,19,0.95
4,"Bloque","B",3,1200,0,20,1
4,"Bloque","B",4,900,20,0,0
4,"Bloque","B",4,937,19,1,0.05
4,"Bloque","B",4,975,19,1,0.05
4,"Bloque","B",4,1012,18,2,0.1
4,"Bloque","B",4,1050,11,9,0.45
4,"Bloque","B",4,1088,7,13,0.65
4,"Bloque","B",4,1125,2,18,0.9
4,"Bloque","B",4,1163,0,20,1
4,"Bloque","B",4,1200,0,20,1
4,"Bloque","B",5,900,20,0,0
4,"Bloque","B",5,937,20,0,0
4,"Bloque","B",5,975,20,0,0
4,"Bloque","B",5,1012,15,5,0.25
4,"Bloque","B",5,1050,16,4,0.2
4,"Bloque","B",5,1088,9,11,0.55
4,"Bloque","B",5,1125,1,19,0.95
4,"Bloque","B",5,1163,3,17,0.85
4,"Bloque","B",5,1200,0,20,1
4,"Aleatoria","C",3,1200,20,0,0
4,"Aleatoria","C",3,1250,19,1,0.05
4,"Aleatoria","C",3,1300,19,1,0.05
4,"Aleatoria","C",3,1350,6,14,0.7
4,"Aleatoria","C",3,1400,4,16,0.8
4,"Aleatoria","C",3,1450,3,17,0.85
4,"Aleatoria","C",3,1500,3,17,0.85
4,"Aleatoria","C",3,1550,5,15,0.75
4,"Aleatoria","C",3,1600,0,20,1
4,"Aleatoria","C",4,1200,19,1,0.05
4,"Aleatoria","C",4,1250,19,1,0.05
4,"Aleatoria","C",4,1300,13,7,0.35
4,"Aleatoria","C",4,1350,10,10,0.5
4,"Aleatoria","C",4,1400,7,13,0.65
4,"Aleatoria","C",4,1450,4,16,0.8
4,"Aleatoria","C",4,1500,0,20,1
4,"Aleatoria","C",4,1550,3,17,0.85
4,"Aleatoria","C",4,1600,0,20,1
4,"Aleatoria","C",5,1200,20,0,0
4,"Aleatoria","C",5,1250,18,2,0.1
4,"Aleatoria","C",5,1300,17,3,0.15
4,"Aleatoria","C",5,1350,10,10,0.5
4,"Aleatoria","C",5,1400,12,8,0.4
4,"Aleatoria","C",5,1450,6,14,0.7
4,"Aleatoria","C",5,1500,4,16,0.8
4,"Aleatoria","C",5,1550,2,18,0.9
4,"Aleatoria","C",5,1600,1,19,0.95
4,"Bloque","C",3,1200,20,0,0
4,"Bloque","C",3,1250,19,1,0.05
4,"Bloque","C",3,1300,20,0,0
4,"Bloque","C",3,1350,14,6,0.3
4,"Bloque","C",3,1400,7,13,0.65
4,"Bloque","C",3,1450,5,15,0.75
4,"Bloque","C",3,1500,0,20,1
4,"Bloque","C",3,1550,0,20,1
4,"Bloque","C",3,1600,0,20,1
4,"Bloque","C",4,1200,20,0,0
4,"Bloque","C",4,1250,20,0,0
4,"Bloque","C",4,1300,12,8,0.4
4,"Bloque","C",4,1350,11,9,0.45
4,"Bloque","C",4,1400,4,16,0.8
4,"Bloque","C",4,1450,1,19,0.95
4,"Bloque","C",4,1500,2,18,0.9
4,"Bloque","C",4,1550,0,20,1
4,"Bloque","C",4,1600,2,18,0.9
4,"Bloque","C",5,1200,20,0,0
4,"Bloque","C",5,1250,19,1,0.05
4,"Bloque","C",5,1300,19,1,0.05
4,"Bloque","C",5,1350,13,7,0.35
4,"Bloque","C",5,1400,7,13,0.65
4,"Bloque","C",5,1450,2,18,0.9
4,"Bloque","C",5,1500,0,20,1
4,"Bloque","C",5,1550,0,20,1
4,"Bloque","C",5,1600,1,19,0.95
5,"Aleatoria","A",3,1550,16,4,0.2
5,"Aleatoria","A",3,1600,12,8,0.4
5,"Aleatoria","A",3,1650,7,13,0.65
5,"Aleatoria","A",3,1700,6,14,0.7
5,"Aleatoria","A",3,1750,4,16,0.8
5,"Aleatoria","A",3,1800,2,18,0.9
5,"Aleatoria","A",3,1850,0,20,1
5,"Aleatoria","A",3,1900,0,20,1
5,"Aleatoria","A",3,1950,0,20,1
5,"Aleatoria","A",4,1550,17,3,0.15
5,"Aleatoria","A",4,1600,13,7,0.35
5,"Aleatoria","A",4,1650,13,7,0.35
5,"Aleatoria","A",4,1700,7,13,0.65
5,"Aleatoria","A",4,1750,2,18,0.9
5,"Aleatoria","A",4,1800,3,17,0.85
5,"Aleatoria","A",4,1850,1,19,0.95
5,"Aleatoria","A",4,1900,1,19,0.95
5,"Aleatoria","A",4,1950,0,20,1
5,"Aleatoria","A",5,1550,18,2,0.1
5,"Aleatoria","A",5,1600,17,3,0.15
5,"Aleatoria","A",5,1650,17,3,0.15
5,"Aleatoria","A",5,1700,12,8,0.4
5,"Aleatoria","A",5,1750,6,14,0.7
5,"Aleatoria","A",5,1800,4,16,0.8
5,"Aleatoria","A",5,1850,0,20,1
5,"Aleatoria","A",5,1900,0,20,1
5,"Aleatoria","A",5,1950,0,20,1
5,"Bloque","A",3,1550,19,1,0.05
5,"Bloque","A",3,1600,14,6,0.3
5,"Bloque","A",3,1650,9,11,0.55
5,"Bloque","A",3,1700,5,15,0.75
5,"Bloque","A",3,1750,4,16,0.8
5,"Bloque","A",3,1800,2,18,0.9
5,"Bloque","A",3,1850,0,20,1
5,"Bloque","A",3,1900,1,19,0.95
5,"Bloque","A",3,1950,0,20,1
5,"Bloque","A",4,1550,18,2,0.1
5,"Bloque","A",4,1600,15,5,0.25
5,"Bloque","A",4,1650,13,7,0.35
5,"Bloque","A",4,1700,9,11,0.55
5,"Bloque","A",4,1750,1,19,0.95
5,"Bloque","A",4,1800,0,20,1
5,"Bloque","A",4,1850,0,20,1
5,"Bloque","A",4,1900,0,20,1
5,"Bloque","A",4,1950,0,20,1
5,"Bloque","A",5,1550,20,0,0
5,"Bloque","A",5,1600,14,6,0.3
5,"Bloque","A",5,1650,9,11,0.55
5,"Bloque","A",5,1700,5,15,0.75
5,"Bloque","A",5,1750,1,19,0.95
5,"Bloque","A",5,1800,0,20,1
5,"Bloque","A",5,1850,0,20,1
5,"Bloque","A",5,1900,2,18,0.9
5,"Bloque","A",5,1950,0,20,1
5,"Aleatoria","B",3,900,16,4,0.2
5,"Aleatoria","B",3,937,15,5,0.25
5,"Aleatoria","B",3,975,13,7,0.35
5,"Aleatoria","B",3,1012,14,6,0.3
5,"Aleatoria","B",3,1050,8,12,0.6
5,"Aleatoria","B",3,1088,11,9,0.45
5,"Aleatoria","B",3,1125,7,13,0.65
5,"Aleatoria","B",3,1163,8,12,0.6
5,"Aleatoria","B",3,1200,0,20,1
5,"Aleatoria","B",4,900,17,3,0.15
5,"Aleatoria","B",4,937,18,2,0.1
5,"Aleatoria","B",4,975,15,5,0.25
5,"Aleatoria","B",4,1012,11,9,0.45
5,"Aleatoria","B",4,1050,13,7,0.35
5,"Aleatoria","B",4,1088,4,16,0.8
5,"Aleatoria","B",4,1125,2,18,0.9
5,"Aleatoria","B",4,1163,1,19,0.95
5,"Aleatoria","B",4,1200,1,19,0.95
5,"Aleatoria","B",5,900,20,0,0
5,"Aleatoria","B",5,937,20,0,0
5,"Aleatoria","B",5,975,20,0,0
5,"Aleatoria","B",5,1012,19,1,0.05
5,"Aleatoria","B",5,1050,10,10,0.5
5,"Aleatoria","B",5,1088,7,13,0.65
5,"Aleatoria","B",5,1125,7,13,0.65
5,"Aleatoria","B",5,1163,6,14,0.7
5,"Aleatoria","B",5,1200,2,18,0.9
5,"Bloque","B",3,900,13,7,0.35
5,"Bloque","B",3,937,13,7,0.35
5,"Bloque","B",3,975,12,8,0.4
5,"Bloque","B",3,1012,11,9,0.45
5,"Bloque","B",3,1050,5,15,0.75
5,"Bloque","B",3,1088,4,16,0.8
5,"Bloque","B",3,1125,1,19,0.95
5,"Bloque","B",3,1163,1,19,0.95
5,"Bloque","B",3,1200,1,19,0.95
5,"Bloque","B",4,900,17,3,0.15
5,"Bloque","B",4,937,12,8,0.4
5,"Bloque","B",4,975,10,10,0.5
5,"Bloque","B",4,1012,10,10,0.5
5,"Bloque","B",4,1050,8,12,0.6
5,"Bloque","B",4,1088,8,12,0.6
5,"Bloque","B",4,1125,3,17,0.85
5,"Bloque","B",4,1163,5,15,0.75
5,"Bloque","B",4,1200,2,18,0.9
5,"Bloque","B",5,900,18,2,0.1
5,"Bloque","B",5,937,18,2,0.1
5,"Bloque","B",5,975,15,5,0.25
5,"Bloque","B",5,1012,15,5,0.25
5,"Bloque","B",5,1050,11,9,0.45
5,"Bloque","B",5,1088,12,8,0.4
5,"Bloque","B",5,1125,4,16,0.8
5,"Bloque","B",5,1163,2,18,0.9
5,"Bloque","B",5,1200,1,19,0.95
5,"Aleatoria","C",3,1200,19,1,0.05
5,"Aleatoria","C",3,1250,19,1,0.05
5,"Aleatoria","C",3,1300,20,0,0
5,"Aleatoria","C",3,1350,12,8,0.4
5,"Aleatoria","C",3,1400,5,15,0.75
5,"Aleatoria","C",3,1450,11,9,0.45
5,"Aleatoria","C",3,1500,4,16,0.8
5,"Aleatoria","C",3,1550,2,18,0.9
5,"Aleatoria","C",3,1600,1,19,0.95
5,"Aleatoria","C",4,1200,20,0,0
5,"Aleatoria","C",4,1250,15,5,0.25
5,"Aleatoria","C",4,1300,16,4,0.2
5,"Aleatoria","C",4,1350,9,11,0.55
5,"Aleatoria","C",4,1400,7,13,0.65
5,"Aleatoria","C",4,1450,7,13,0.65
5,"Aleatoria","C",4,1500,2,18,0.9
5,"Aleatoria","C",4,1550,3,17,0.85
5,"Aleatoria","C",4,1600,0,20,1
5,"Aleatoria","C",5,1200,20,0,0
5,"Aleatoria","C",5,1250,20,0,0
5,"Aleatoria","C",5,1300,19,1,0.05
5,"Aleatoria","C",5,1350,13,7,0.35
5,"Aleatoria","C",5,1400,9,11,0.55
5,"Aleatoria","C",5,1450,7,13,0.65
5,"Aleatoria","C",5,1500,4,16,0.8
5,"Aleatoria","C",5,1550,3,17,0.85
5,"Aleatoria","C",5,1600,4,16,0.8
5,"Bloque","C",3,1200,20,0,0
5,"Bloque","C",3,1250,19,1,0.05
5,"Bloque","C",3,1300,19,1,0.05
5,"Bloque","C",3,1350,14,6,0.3
5,"Bloque","C",3,1400,14,6,0.3
5,"Bloque","C",3,1450,8,12,0.6
5,"Bloque","C",3,1500,2,18,0.9
5,"Bloque","C",3,1550,2,18,0.9
5,"Bloque","C",3,1600,1,19,0.95
5,"Bloque","C",4,1200,20,0,0
5,"Bloque","C",4,1250,20,0,0
5,"Bloque","C",4,1300,18,2,0.1
5,"Bloque","C",4,1350,15,5,0.25
5,"Bloque","C",4,1400,10,10,0.5
5,"Bloque","C",4,1450,7,13,0.65
5,"Bloque","C",4,1500,3,17,0.85
5,"Bloque","C",4,1550,0,20,1
5,"Bloque","C",4,1600,1,19,0.95
5,"Bloque","C",5,1200,20,0,0
5,"Bloque","C",5,1250,20,0,0
5,"Bloque","C",5,1300,19,1,0.05
5,"Bloque","C",5,1350,17,3,0.15
5,"Bloque","C",5,1400,15,5,0.25
5,"Bloque","C",5,1450,5,15,0.75
5,"Bloque","C",5,1500,1,19,0.95
5,"Bloque","C",5,1550,0,20,1
5,"Bloque","C",5,1600,1,19,0.95
6,"Aleatoria","A",3,1550,18,2,0.1
6,"Aleatoria","A",3,1600,13,7,0.35
6,"Aleatoria","A",3,1650,3,17,0.85
6,"Aleatoria","A",3,1700,1,19,0.95
6,"Aleatoria","A",3,1750,0,20,1
6,"Aleatoria","A",3,1800,1,19,0.95
6,"Aleatoria","A",3,1850,0,20,1
6,"Aleatoria","A",3,1900,0,20,1
6,"Aleatoria","A",3,1950,0,20,1
6,"Aleatoria","A",4,1550,19,1,0.05
6,"Aleatoria","A",4,1600,14,6,0.3
6,"Aleatoria","A",4,1650,10,10,0.5
6,"Aleatoria","A",4,1700,1,19,0.95
6,"Aleatoria","A",4,1750,0,20,1
6,"Aleatoria","A",4,1800,0,20,1
6,"Aleatoria","A",4,1850,0,20,1
6,"Aleatoria","A",4,1900,0,20,1
6,"Aleatoria","A",4,1950,0,20,1
6,"Aleatoria","A",5,1550,18,2,0.1
6,"Aleatoria","A",5,1600,14,6,0.3
6,"Aleatoria","A",5,1650,10,10,0.5
6,"Aleatoria","A",5,1700,4,16,0.8
6,"Aleatoria","A",5,1750,2,18,0.9
6,"Aleatoria","A",5,1800,1,19,0.95
6,"Aleatoria","A",5,1850,4,16,0.8
6,"Aleatoria","A",5,1900,3,17,0.85
6,"Aleatoria","A",5,1950,2,18,0.9
6,"Bloque","A",3,1550,20,0,0
6,"Bloque","A",3,1600,19,1,0.05
6,"Bloque","A",3,1650,20,0,0
6,"Bloque","A",3,1700,18,2,0.1
6,"Bloque","A",3,1750,17,3,0.15
6,"Bloque","A",3,1800,10,10,0.5
6,"Bloque","A",3,1850,5,15,0.75
6,"Bloque","A",3,1900,1,19,0.95
6,"Bloque","A",3,1950,1,19,0.95
6,"Bloque","A",4,1550,19,1,0.05
6,"Bloque","A",4,1600,20,0,0
6,"Bloque","A",4,1650,20,0,0
6,"Bloque","A",4,1700,19,1,0.05
6,"Bloque","A",4,1750,16,4,0.2
6,"Bloque","A",4,1800,11,9,0.45
6,"Bloque","A",4,1850,7,13,0.65
6,"Bloque","A",4,1900,1,19,0.95
6,"Bloque","A",4,1950,1,19,0.95
6,"Bloque","A",5,1550,19,1,0.05
6,"Bloque","A",5,1600,19,1,0.05
6,"Bloque","A",5,1650,17,3,0.15
6,"Bloque","A",5,1700,19,1,0.05
6,"Bloque","A",5,1750,18,2,0.1
6,"Bloque","A",5,1800,11,9,0.45
6,"Bloque","A",5,1850,8,12,0.6
6,"Bloque","A",5,1900,5,15,0.75
6,"Bloque","A",5,1950,6,14,0.7
6,"Aleatoria","B",3,900,17,3,0.15
6,"Aleatoria","B",3,937,12,8,0.4
6,"Aleatoria","B",3,975,6,14,0.7
6,"Aleatoria","B",3,1012,5,15,0.75
6,"Aleatoria","B",3,1050,3,17,0.85
6,"Aleatoria","B",3,1088,3,17,0.85
6,"Aleatoria","B",3,1125,2,18,0.9
6,"Aleatoria","B",3,1163,1,19,0.95
6,"Aleatoria","B",3,1200,3,17,0.85
6,"Aleatoria","B",4,900,19,1,0.05
6,"Aleatoria","B",4,937,15,5,0.25
6,"Aleatoria","B",4,975,8,12,0.6
6,"Aleatoria","B",4,1012,6,14,0.7
6,"Aleatoria","B",4,1050,2,18,0.9
6,"Aleatoria","B",4,1088,4,16,0.8
6,"Aleatoria","B",4,1125,2,18,0.9
6,"Aleatoria","B",4,1163,2,18,0.9
6,"Aleatoria","B",4,1200,3,17,0.85
6,"Aleatoria","B",5,900,19,1,0.05
6,"Aleatoria","B",5,937,19,1,0.05
6,"Aleatoria","B",5,975,16,4,0.2
6,"Aleatoria","B",5,1012,13,7,0.35
6,"Aleatoria","B",5,1050,8,12,0.6
6,"Aleatoria","B",5,1088,4,16,0.8
6,"Aleatoria","B",5,1125,7,13,0.65
6,"Aleatoria","B",5,1163,5,15,0.75
6,"Aleatoria","B",5,1200,3,17,0.85
6,"Bloque","B",3,900,15,5,0.25
6,"Bloque","B",3,937,5,15,0.75
6,"Bloque","B",3,975,3,17,0.85
6,"Bloque","B",3,1012,0,20,1
6,"Bloque","B",3,1050,1,19,0.95
6,"Bloque","B",3,1088,0,20,1
6,"Bloque","B",3,1125,0,20,1
6,"Bloque","B",3,1163,0,20,1
6,"Bloque","B",3,1200,0,20,1
6,"Bloque","B",4,900,16,4,0.2
6,"Bloque","B",4,937,11,9,0.45
6,"Bloque","B",4,975,6,14,0.7
6,"Bloque","B",4,1012,5,15,0.75
6,"Bloque","B",4,1050,1,19,0.95
6,"Bloque","B",4,1088,1,19,0.95
6,"Bloque","B",4,1125,1,19,0.95
6,"Bloque","B",4,1163,0,20,1
6,"Bloque","B",4,1200,0,20,1
6,"Bloque","B",5,900,13,7,0.35
6,"Bloque","B",5,937,9,11,0.55
6,"Bloque","B",5,975,5,15,0.75
6,"Bloque","B",5,1012,1,19,0.95
6,"Bloque","B",5,1050,3,17,0.85
6,"Bloque","B",5,1088,2,18,0.9
6,"Bloque","B",5,1125,1,19,0.95
6,"Bloque","B",5,1163,0,20,1
6,"Bloque","B",5,1200,0,20,1
6,"Aleatoria","C",3,1200,18,2,0.1
6,"Aleatoria","C",3,1250,17,3,0.15
6,"Aleatoria","C",3,1300,20,0,0
6,"Aleatoria","C",3,1350,7,13,0.65
6,"Aleatoria","C",3,1400,3,17,0.85
6,"Aleatoria","C",3,1450,2,18,0.9
6,"Aleatoria","C",3,1500,3,17,0.85
6,"Aleatoria","C",3,1550,0,20,1
6,"Aleatoria","C",3,1600,0,20,1
6,"Aleatoria","C",4,1200,19,1,0.05
6,"Aleatoria","C",4,1250,20,0,0
6,"Aleatoria","C",4,1300,13,7,0.35
6,"Aleatoria","C",4,1350,6,14,0.7
6,"Aleatoria","C",4,1400,3,17,0.85
6,"Aleatoria","C",4,1450,5,15,0.75
6,"Aleatoria","C",4,1500,3,17,0.85
6,"Aleatoria","C",4,1550,2,18,0.9
6,"Aleatoria","C",4,1600,4,16,0.8
6,"Aleatoria","C",5,1200,19,1,0.05
6,"Aleatoria","C",5,1250,19,1,0.05
6,"Aleatoria","C",5,1300,18,2,0.1
6,"Aleatoria","C",5,1350,10,10,0.5
6,"Aleatoria","C",5,1400,3,17,0.85
6,"Aleatoria","C",5,1450,7,13,0.65
6,"Aleatoria","C",5,1500,5,15,0.75
6,"Aleatoria","C",5,1550,5,15,0.75
6,"Aleatoria","C",5,1600,6,14,0.7
6,"Bloque","C",3,1200,18,2,0.1
6,"Bloque","C",3,1250,13,7,0.35
6,"Bloque","C",3,1300,16,4,0.2
6,"Bloque","C",3,1350,4,16,0.8
6,"Bloque","C",3,1400,3,17,0.85
6,"Bloque","C",3,1450,1,19,0.95
6,"Bloque","C",3,1500,3,17,0.85
6,"Bloque","C",3,1550,2,18,0.9
6,"Bloque","C",3,1600,1,19,0.95
6,"Bloque","C",4,1200,18,2,0.1
6,"Bloque","C",4,1250,16,4,0.2
6,"Bloque","C",4,1300,15,5,0.25
6,"Bloque","C",4,1350,4,16,0.8
6,"Bloque","C",4,1400,4,16,0.8
6,"Bloque","C",4,1450,5,15,0.75
6,"Bloque","C",4,1500,2,18,0.9
6,"Bloque","C",4,1550,0,20,1
6,"Bloque","C",4,1600,1,19,0.95
6,"Bloque","C",5,1200,18,2,0.1
6,"Bloque","C",5,1250,18,2,0.1
6,"Bloque","C",5,1300,10,10,0.5
6,"Bloque","C",5,1350,8,12,0.6
6,"Bloque","C",5,1400,4,16,0.8
6,"Bloque","C",5,1450,8,12,0.6
6,"Bloque","C",5,1500,8,12,0.6
6,"Bloque","C",5,1550,4,16,0.8
6,"Bloque","C",5,1600,3,17,0.85
7,"Aleatoria","A",3,1550,20,0,0
7,"Aleatoria","A",3,1600,18,2,0.1
7,"Aleatoria","A",3,1650,15,5,0.25
7,"Aleatoria","A",3,1700,5,15,0.75
7,"Aleatoria","A",3,1750,4,16,0.8
7,"Aleatoria","A",3,1800,1,19,0.95
7,"Aleatoria","A",3,1850,1,19,0.95
7,"Aleatoria","A",3,1900,0,20,1
7,"Aleatoria","A",3,1950,0,20,1
7,"Aleatoria","A",4,1550,20,0,0
7,"Aleatoria","A",4,1600,19,1,0.05
7,"Aleatoria","A",4,1650,18,2,0.1
7,"Aleatoria","A",4,1700,6,14,0.7
7,"Aleatoria","A",4,1750,2,18,0.9
7,"Aleatoria","A",4,1800,0,20,1
7,"Aleatoria","A",4,1850,0,20,1
7,"Aleatoria","A",4,1900,0,20,1
7,"Aleatoria","A",4,1950,0,20,1
7,"Aleatoria","A",5,1550,20,0,0
7,"Aleatoria","A",5,1600,20,0,0
7,"Aleatoria","A",5,1650,17,3,0.15
7,"Aleatoria","A",5,1700,13,7,0.35
7,"Aleatoria","A",5,1750,6,14,0.7
7,"Aleatoria","A",5,1800,3,17,0.85
7,"Aleatoria","A",5,1850,0,20,1
7,"Aleatoria","A",5,1900,0,20,1
7,"Aleatoria","A",5,1950,1,19,0.95
7,"Bloque","A",3,1550,19,1,0.05
7,"Bloque","A",3,1600,20,0,0
7,"Bloque","A",3,1650,18,2,0.1
7,"Bloque","A",3,1700,8,12,0.6
7,"Bloque","A",3,1750,0,20,1
7,"Bloque","A",3,1800,4,16,0.8
7,"Bloque","A",3,1850,1,19,0.95
7,"Bloque","A",3,1900,0,20,1
7,"Bloque","A",3,1950,1,19,0.95
7,"Bloque","A",4,1550,20,0,0
7,"Bloque","A",4,1600,18,2,0.1
7,"Bloque","A",4,1650,18,2,0.1
7,"Bloque","A",4,1700,7,13,0.65
7,"Bloque","A",4,1750,2,18,0.9
7,"Bloque","A",4,1800,1,19,0.95
7,"Bloque","A",4,1850,0,20,1
7,"Bloque","A",4,1900,0,20,1
7,"Bloque","A",4,1950,0,20,1
7,"Bloque","A",5,1550,20,0,0
7,"Bloque","A",5,1600,20,0,0
7,"Bloque","A",5,1650,16,4,0.2
7,"Bloque","A",5,1700,9,11,0.55
7,"Bloque","A",5,1750,1,19,0.95
7,"Bloque","A",5,1800,0,20,1
7,"Bloque","A",5,1850,1,19,0.95
7,"Bloque","A",5,1900,0,20,1
7,"Bloque","A",5,1950,1,19,0.95
7,"Aleatoria","B",3,900,20,0,0
7,"Aleatoria","B",3,937,20,0,0
7,"Aleatoria","B",3,975,16,4,0.2
7,"Aleatoria","B",3,1012,6,14,0.7
7,"Aleatoria","B",3,1050,2,18,0.9
7,"Aleatoria","B",3,1088,1,19,0.95
7,"Aleatoria","B",3,1125,0,20,1
7,"Aleatoria","B",3,1163,0,20,1
7,"Aleatoria","B",3,1200,0,20,1
7,"Aleatoria","B",4,900,20,0,0
7,"Aleatoria","B",4,937,19,1,0.05
7,"Aleatoria","B",4,975,17,3,0.15
7,"Aleatoria","B",4,1012,10,10,0.5
7,"Aleatoria","B",4,1050,2,18,0.9
7,"Aleatoria","B",4,1088,4,16,0.8
7,"Aleatoria","B",4,1125,2,18,0.9
7,"Aleatoria","B",4,1163,0,20,1
7,"Aleatoria","B",4,1200,1,19,0.95
7,"Aleatoria","B",5,900,20,0,0
7,"Aleatoria","B",5,937,20,0,0
7,"Aleatoria","B",5,975,18,2,0.1
7,"Aleatoria","B",5,1012,14,6,0.3
7,"Aleatoria","B",5,1050,7,13,0.65
7,"Aleatoria","B",5,1088,4,16,0.8
7,"Aleatoria","B",5,1125,4,16,0.8
7,"Aleatoria","B",5,1163,3,17,0.85
7,"Aleatoria","B",5,1200,1,19,0.95
7,"Bloque","B",3,900,20,0,0
7,"Bloque","B",3,937,19,1,0.05
7,"Bloque","B",3,975,15,5,0.25
7,"Bloque","B",3,1012,4,16,0.8
7,"Bloque","B",3,1050,0,20,1
7,"Bloque","B",3,1088,0,20,1
7,"Bloque","B",3,1125,0,20,1
7,"Bloque","B",3,1163,0,20,1
7,"Bloque","B",3,1200,0,20,1
7,"Bloque","B",4,900,20,0,0
7,"Bloque","B",4,937,18,2,0.1
7,"Bloque","B",4,975,14,6,0.3
7,"Bloque","B",4,1012,6,14,0.7
7,"Bloque","B",4,1050,1,19,0.95
7,"Bloque","B",4,1088,0,20,1
7,"Bloque","B",4,1125,0,20,1
7,"Bloque","B",4,1163,0,20,1
7,"Bloque","B",4,1200,0,20,1
7,"Bloque","B",5,900,20,0,0
7,"Bloque","B",5,937,20,0,0
7,"Bloque","B",5,975,18,2,0.1
7,"Bloque","B",5,1012,7,13,0.65
7,"Bloque","B",5,1050,3,17,0.85
7,"Bloque","B",5,1088,1,19,0.95
7,"Bloque","B",5,1125,0,20,1
7,"Bloque","B",5,1163,0,20,1
7,"Bloque","B",5,1200,2,18,0.9
7,"Aleatoria","C",3,1200,19,1,0.05
7,"Aleatoria","C",3,1250,20,0,0
7,"Aleatoria","C",3,1300,20,0,0
7,"Aleatoria","C",3,1350,1,19,0.95
7,"Aleatoria","C",3,1400,2,18,0.9
7,"Aleatoria","C",3,1450,0,20,1
7,"Aleatoria","C",3,1500,0,20,1
7,"Aleatoria","C",3,1550,1,19,0.95
7,"Aleatoria","C",3,1600,0,20,1
7,"Aleatoria","C",4,1200,20,0,0
7,"Aleatoria","C",4,1250,20,0,0
7,"Aleatoria","C",4,1300,14,6,0.3
7,"Aleatoria","C",4,1350,4,16,0.8
7,"Aleatoria","C",4,1400,1,19,0.95
7,"Aleatoria","C",4,1450,0,20,1
7,"Aleatoria","C",4,1500,2,18,0.9
7,"Aleatoria","C",4,1550,0,20,1
7,"Aleatoria","C",4,1600,1,19,0.95
7,"Aleatoria","C",5,1200,20,0,0
7,"Aleatoria","C",5,1250,20,0,0
7,"Aleatoria","C",5,1300,18,2,0.1
7,"Aleatoria","C",5,1350,9,11,0.55
7,"Aleatoria","C",5,1400,5,15,0.75
7,"Aleatoria","C",5,1450,3,17,0.85
7,"Aleatoria","C",5,1500,0,20,1
7,"Aleatoria","C",5,1550,2,18,0.9
7,"Aleatoria","C",5,1600,0,20,1
7,"Bloque","C",3,1200,19,1,0.05
7,"Bloque","C",3,1250,18,2,0.1
7,"Bloque","C",3,1300,19,1,0.05
7,"Bloque","C",3,1350,4,16,0.8
7,"Bloque","C",3,1400,1,19,0.95
7,"Bloque","C",3,1450,0,20,1
7,"Bloque","C",3,1500,0,20,1
7,"Bloque","C",3,1550,0,20,1
7,"Bloque","C",3,1600,0,20,1
7,"Bloque","C",4,1200,20,0,0
7,"Bloque","C",4,1250,19,1,0.05
7,"Bloque","C",4,1300,11,9,0.45
7,"Bloque","C",4,1350,7,13,0.65
7,"Bloque","C",4,1400,3,17,0.85
7,"Bloque","C",4,1450,0,20,1
7,"Bloque","C",4,1500,1,19,0.95
7,"Bloque","C",4,1550,0,20,1
7,"Bloque","C",4,1600,0,20,1
7,"Bloque","C",5,1200,20,0,0
7,"Bloque","C",5,1250,19,1,0.05
7,"Bloque","C",5,1300,19,1,0.05
7,"Bloque","C",5,1350,6,14,0.7
7,"Bloque","C",5,1400,4,16,0.8
7,"Bloque","C",5,1450,0,20,1
7,"Bloque","C",5,1500,0,20,1
7,"Bloque","C",5,1550,0,20,1
7,"Bloque","C",5,1600,0,20,1
8,"Aleatoria","A",3,1550,20,0,0
8,"Aleatoria","A",3,1600,19,1,0.05
8,"Aleatoria","A",3,1650,18,2,0.1
8,"Aleatoria","A",3,1700,11,9,0.45
8,"Aleatoria","A",3,1750,11,9,0.45
8,"Aleatoria","A",3,1800,7,13,0.65
8,"Aleatoria","A",3,1850,5,15,0.75
8,"Aleatoria","A",3,1900,1,19,0.95
8,"Aleatoria","A",3,1950,1,19,0.95
8,"Aleatoria","A",4,1550,20,0,0
8,"Aleatoria","A",4,1600,18,2,0.1
8,"Aleatoria","A",4,1650,17,3,0.15
8,"Aleatoria","A",4,1700,14,6,0.3
8,"Aleatoria","A",4,1750,12,8,0.4
8,"Aleatoria","A",4,1800,2,18,0.9
8,"Aleatoria","A",4,1850,2,18,0.9
8,"Aleatoria","A",4,1900,0,20,1
8,"Aleatoria","A",4,1950,0,20,1
8,"Aleatoria","A",5,1550,18,2,0.1
8,"Aleatoria","A",5,1600,19,1,0.05
8,"Aleatoria","A",5,1650,18,2,0.1
8,"Aleatoria","A",5,1700,15,5,0.25
8,"Aleatoria","A",5,1750,9,11,0.55
8,"Aleatoria","A",5,1800,4,16,0.8
8,"Aleatoria","A",5,1850,0,20,1
8,"Aleatoria","A",5,1900,1,19,0.95
8,"Aleatoria","A",5,1950,1,19,0.95
8,"Bloque","A",3,1550,20,0,0
8,"Bloque","A",3,1600,20,0,0
8,"Bloque","A",3,1650,19,1,0.05
8,"Bloque","A",3,1700,15,5,0.25
8,"Bloque","A",3,1750,5,15,0.75
8,"Bloque","A",3,1800,3,17,0.85
8,"Bloque","A",3,1850,1,19,0.95
8,"Bloque","A",3,1900,1,19,0.95
8,"Bloque","A",3,1950,0,20,1
8,"Bloque","A",4,1550,20,0,0
8,"Bloque","A",4,1600,20,0,0
8,"Bloque","A",4,1650,20,0,0
8,"Bloque","A",4,1700,18,2,0.1
8,"Bloque","A",4,1750,14,6,0.3
8,"Bloque","A",4,1800,3,17,0.85
8,"Bloque","A",4,1850,0,20,1
8,"Bloque","A",4,1900,0,20,1
8,"Bloque","A",4,1950,0,20,1
8,"Bloque","A",5,1550,20,0,0
8,"Bloque","A",5,1600,20,0,0
8,"Bloque","A",5,1650,20,0,0
8,"Bloque","A",5,1700,17,3,0.15
8,"Bloque","A",5,1750,10,10,0.5
8,"Bloque","A",5,1800,2,18,0.9
8,"Bloque","A",5,1850,0,20,1
8,"Bloque","A",5,1900,1,19,0.95
8,"Bloque","A",5,1950,0,20,1
8,"Aleatoria","B",3,900,20,0,0
8,"Aleatoria","B",3,937,20,0,0
8,"Aleatoria","B",3,975,16,4,0.2
8,"Aleatoria","B",3,1012,11,9,0.45
8,"Aleatoria","B",3,1050,9,11,0.55
8,"Aleatoria","B",3,1088,6,14,0.7
8,"Aleatoria","B",3,1125,2,18,0.9
8,"Aleatoria","B",3,1163,0,20,1
8,"Aleatoria","B",3,1200,0,20,1
8,"Aleatoria","B",4,900,19,1,0.05
8,"Aleatoria","B",4,937,18,2,0.1
8,"Aleatoria","B",4,975,18,2,0.1
8,"Aleatoria","B",4,1012,11,9,0.45
8,"Aleatoria","B",4,1050,11,9,0.45
8,"Aleatoria","B",4,1088,5,15,0.75
8,"Aleatoria","B",4,1125,1,19,0.95
8,"Aleatoria","B",4,1163,1,19,0.95
8,"Aleatoria","B",4,1200,0,20,1
8,"Aleatoria","B",5,900,20,0,0
8,"Aleatoria","B",5,937,20,0,0
8,"Aleatoria","B",5,975,17,3,0.15
8,"Aleatoria","B",5,1012,17,3,0.15
8,"Aleatoria","B",5,1050,19,1,0.05
8,"Aleatoria","B",5,1088,8,12,0.6
8,"Aleatoria","B",5,1125,3,17,0.85
8,"Aleatoria","B",5,1163,0,20,1
8,"Aleatoria","B",5,1200,0,20,1
8,"Bloque","B",3,900,18,2,0.1
8,"Bloque","B",3,937,20,0,0
8,"Bloque","B",3,975,17,3,0.15
8,"Bloque","B",3,1012,14,6,0.3
8,"Bloque","B",3,1050,5,15,0.75
8,"Bloque","B",3,1088,3,17,0.85
8,"Bloque","B",3,1125,2,18,0.9
8,"Bloque","B",3,1163,1,19,0.95
8,"Bloque","B",3,1200,1,19,0.95
8,"Bloque","B",4,900,20,0,0
8,"Bloque","B",4,937,20,0,0
8,"Bloque","B",4,975,17,3,0.15
8,"Bloque","B",4,1012,16,4,0.2
8,"Bloque","B",4,1050,13,7,0.35
8,"Bloque","B",4,1088,3,17,0.85
8,"Bloque","B",4,1125,1,19,0.95
8,"Bloque","B",4,1163,0,20,1
8,"Bloque","B",4,1200,0,20,1
8,"Bloque","B",5,900,19,1,0.05
8,"Bloque","B",5,937,20,0,0
8,"Bloque","B",5,975,20,0,0
8,"Bloque","B",5,1012,12,8,0.4
8,"Bloque","B",5,1050,8,12,0.6
8,"Bloque","B",5,1088,2,18,0.9
8,"Bloque","B",5,1125,0,20,1
8,"Bloque","B",5,1163,0,20,1
8,"Bloque","B",5,1200,0,20,1
8,"Aleatoria","C",3,1200,20,0,0
8,"Aleatoria","C",3,1250,20,0,0
8,"Aleatoria","C",3,1300,19,1,0.05
8,"Aleatoria","C",3,1350,15,5,0.25
8,"Aleatoria","C",3,1400,8,12,0.6
8,"Aleatoria","C",3,1450,4,16,0.8
8,"Aleatoria","C",3,1500,3,17,0.85
8,"Aleatoria","C",3,1550,0,20,1
8,"Aleatoria","C",3,1600,0,20,1
8,"Aleatoria","C",4,1200,18,2,0.1
8,"Aleatoria","C",4,1250,19,1,0.05
8,"Aleatoria","C",4,1300,18,2,0.1
8,"Aleatoria","C",4,1350,10,10,0.5
8,"Aleatoria","C",4,1400,9,11,0.55
8,"Aleatoria","C",4,1450,3,17,0.85
8,"Aleatoria","C",4,1500,2,18,0.9
8,"Aleatoria","C",4,1550,1,19,0.95
8,"Aleatoria","C",4,1600,1,19,0.95
8,"Aleatoria","C",5,1200,20,0,0
8,"Aleatoria","C",5,1250,20,0,0
8,"Aleatoria","C",5,1300,19,1,0.05
8,"Aleatoria","C",5,1350,19,1,0.05
8,"Aleatoria","C",5,1400,10,10,0.5
8,"Aleatoria","C",5,1450,5,15,0.75
8,"Aleatoria","C",5,1500,0,20,1
8,"Aleatoria","C",5,1550,1,19,0.95
8,"Aleatoria","C",5,1600,1,19,0.95
8,"Bloque","C",3,1200,20,0,0
8,"Bloque","C",3,1250,19,1,0.05
8,"Bloque","C",3,1300,20,0,0
8,"Bloque","C",3,1350,9,11,0.55
8,"Bloque","C",3,1400,6,14,0.7
8,"Bloque","C",3,1450,2,18,0.9
8,"Bloque","C",3,1500,0,20,1
8,"Bloque","C",3,1550,1,19,0.95
8,"Bloque","C",3,1600,0,20,1
8,"Bloque","C",4,1200,20,0,0
8,"Bloque","C",4,1250,20,0,0
8,"Bloque","C",4,1300,19,1,0.05
8,"Bloque","C",4,1350,10,10,0.5
8,"Bloque","C",4,1400,11,9,0.45
8,"Bloque","C",4,1450,5,15,0.75
8,"Bloque","C",4,1500,0,20,1
8,"Bloque","C",4,1550,0,20,1
8,"Bloque","C",4,1600,1,19,0.95
8,"Bloque","C",5,1200,20,0,0
8,"Bloque","C",5,1250,20,0,0
8,"Bloque","C",5,1300,18,2,0.1
8,"Bloque","C",5,1350,16,4,0.2
8,"Bloque","C",5,1400,11,9,0.45
8,"Bloque","C",5,1450,4,16,0.8
8,"Bloque","C",5,1500,2,18,0.9
8,"Bloque","C",5,1550,2,18,0.9
8,"Bloque","C",5,1600,0,20,1
9,"Aleatoria","A",3,1550,18,2,0.1
9,"Aleatoria","A",3,1600,17,3,0.15
9,"Aleatoria","A",3,1650,12,8,0.4
9,"Aleatoria","A",3,1700,11,9,0.45
9,"Aleatoria","A",3,1750,11,9,0.45
9,"Aleatoria","A",3,1800,9,11,0.55
9,"Aleatoria","A",3,1850,8,12,0.6
9,"Aleatoria","A",3,1900,5,15,0.75
9,"Aleatoria","A",3,1950,4,16,0.8
9,"Aleatoria","A",4,1550,20,0,0
9,"Aleatoria","A",4,1600,19,1,0.05
9,"Aleatoria","A",4,1650,18,2,0.1
9,"Aleatoria","A",4,1700,11,9,0.45
9,"Aleatoria","A",4,1750,13,7,0.35
9,"Aleatoria","A",4,1800,13,7,0.35
9,"Aleatoria","A",4,1850,3,17,0.85
9,"Aleatoria","A",4,1900,3,17,0.85
9,"Aleatoria","A",4,1950,2,18,0.9
9,"Aleatoria","A",5,1550,20,0,0
9,"Aleatoria","A",5,1600,20,0,0
9,"Aleatoria","A",5,1650,16,4,0.2
9,"Aleatoria","A",5,1700,12,8,0.4
9,"Aleatoria","A",5,1750,12,8,0.4
9,"Aleatoria","A",5,1800,10,10,0.5
9,"Aleatoria","A",5,1850,2,18,0.9
9,"Aleatoria","A",5,1900,0,20,1
9,"Aleatoria","A",5,1950,2,18,0.9
9,"Bloque","A",3,1550,19,1,0.05
9,"Bloque","A",3,1600,16,4,0.2
9,"Bloque","A",3,1650,18,2,0.1
9,"Bloque","A",3,1700,13,7,0.35
9,"Bloque","A",3,1750,7,13,0.65
9,"Bloque","A",3,1800,11,9,0.45
9,"Bloque","A",3,1850,3,17,0.85
9,"Bloque","A",3,1900,4,16,0.8
9,"Bloque","A",3,1950,1,19,0.95
9,"Bloque","A",4,1550,19,1,0.05
9,"Bloque","A",4,1600,19,1,0.05
9,"Bloque","A",4,1650,20,0,0
9,"Bloque","A",4,1700,12,8,0.4
9,"Bloque","A",4,1750,13,7,0.35
9,"Bloque","A",4,1800,8,12,0.6
9,"Bloque","A",4,1850,5,15,0.75
9,"Bloque","A",4,1900,3,17,0.85
9,"Bloque","A",4,1950,2,18,0.9
9,"Bloque","A",5,1550,19,1,0.05
9,"Bloque","A",5,1600,19,1,0.05
9,"Bloque","A",5,1650,17,3,0.15
9,"Bloque","A",5,1700,16,4,0.2
9,"Bloque","A",5,1750,11,9,0.45
9,"Bloque","A",5,1800,7,13,0.65
9,"Bloque","A",5,1850,5,15,0.75
9,"Bloque","A",5,1900,2,18,0.9
9,"Bloque","A",5,1950,1,19,0.95
9,"Aleatoria","B",3,900,20,0,0
9,"Aleatoria","B",3,937,18,2,0.1
9,"Aleatoria","B",3,975,15,5,0.25
9,"Aleatoria","B",3,1012,16,4,0.2
9,"Aleatoria","B",3,1050,12,8,0.4
9,"Aleatoria","B",3,1088,9,11,0.55
9,"Aleatoria","B",3,1125,8,12,0.6
9,"Aleatoria","B",3,1163,3,17,0.85
9,"Aleatoria","B",3,1200,0,20,1
9,"Aleatoria","B",4,900,20,0,0
9,"Aleatoria","B",4,937,20,0,0
9,"Aleatoria","B",4,975,17,3,0.15
9,"Aleatoria","B",4,1012,18,2,0.1
9,"Aleatoria","B",4,1050,14,6,0.3
9,"Aleatoria","B",4,1088,9,11,0.55
9,"Aleatoria","B",4,1125,4,16,0.8
9,"Aleatoria","B",4,1163,2,18,0.9
9,"Aleatoria","B",4,1200,0,20,1
9,"Aleatoria","B",5,900,20,0,0
9,"Aleatoria","B",5,937,19,1,0.05
9,"Aleatoria","B",5,975,20,0,0
9,"Aleatoria","B",5,1012,14,6,0.3
9,"Aleatoria","B",5,1050,11,9,0.45
9,"Aleatoria","B",5,1088,2,18,0.9
9,"Aleatoria","B",5,1125,0,20,1
9,"Aleatoria","B",5,1163,1,19,0.95
9,"Aleatoria","B",5,1200,0,20,1
9,"Bloque","B",3,900,20,0,0
9,"Bloque","B",3,937,20,0,0
9,"Bloque","B",3,975,18,2,0.1
9,"Bloque","B",3,1012,14,6,0.3
9,"Bloque","B",3,1050,9,11,0.55
9,"Bloque","B",3,1088,10,10,0.5
9,"Bloque","B",3,1125,1,19,0.95
9,"Bloque","B",3,1163,0,20,1
9,"Bloque","B",3,1200,1,19,0.95
9,"Bloque","B",4,900,20,0,0
9,"Bloque","B",4,937,18,2,0.1
9,"Bloque","B",4,975,19,1,0.05
9,"Bloque","B",4,1012,17,3,0.15
9,"Bloque","B",4,1050,15,5,0.25
9,"Bloque","B",4,1088,6,14,0.7
9,"Bloque","B",4,1125,2,18,0.9
9,"Bloque","B",4,1163,0,20,1
9,"Bloque","B",4,1200,0,20,1
9,"Bloque","B",5,900,20,0,0
9,"Bloque","B",5,937,20,0,0
9,"Bloque","B",5,975,18,2,0.1
9,"Bloque","B",5,1012,19,1,0.05
9,"Bloque","B",5,1050,12,8,0.4
9,"Bloque","B",5,1088,9,11,0.55
9,"Bloque","B",5,1125,2,18,0.9
9,"Bloque","B",5,1163,0,20,1
9,"Bloque","B",5,1200,0,20,1
9,"Aleatoria","C",3,1200,19,1,0.05
9,"Aleatoria","C",3,1250,17,3,0.15
9,"Aleatoria","C",3,1300,20,0,0
9,"Aleatoria","C",3,1350,15,5,0.25
9,"Aleatoria","C",3,1400,8,12,0.6
9,"Aleatoria","C",3,1450,10,10,0.5
9,"Aleatoria","C",3,1500,4,16,0.8
9,"Aleatoria","C",3,1550,3,17,0.85
9,"Aleatoria","C",3,1600,2,18,0.9
9,"Aleatoria","C",4,1200,20,0,0
9,"Aleatoria","C",4,1250,20,0,0
9,"Aleatoria","C",4,1300,17,3,0.15
9,"Aleatoria","C",4,1350,10,10,0.5
9,"Aleatoria","C",4,1400,10,10,0.5
9,"Aleatoria","C",4,1450,9,11,0.55
9,"Aleatoria","C",4,1500,2,18,0.9
9,"Aleatoria","C",4,1550,0,20,1
9,"Aleatoria","C",4,1600,0,20,1
9,"Aleatoria","C",5,1200,20,0,0
9,"Aleatoria","C",5,1250,19,1,0.05
9,"Aleatoria","C",5,1300,19,1,0.05
9,"Aleatoria","C",5,1350,12,8,0.4
9,"Aleatoria","C",5,1400,9,11,0.55
9,"Aleatoria","C",5,1450,6,14,0.7
9,"Aleatoria","C",5,1500,4,16,0.8
9,"Aleatoria","C",5,1550,1,19,0.95
9,"Aleatoria","C",5,1600,0,20,1
9,"Bloque","C",3,1200,18,2,0.1
9,"Bloque","C",3,1250,19,1,0.05
9,"Bloque","C",3,1300,20,0,0
9,"Bloque","C",3,1350,15,5,0.25
9,"Bloque","C",3,1400,13,7,0.35
9,"Bloque","C",3,1450,12,8,0.4
9,"Bloque","C",3,1500,8,12,0.6
9,"Bloque","C",3,1550,13,7,0.35
9,"Bloque","C",3,1600,5,15,0.75
9,"Bloque","C",4,1200,20,0,0
9,"Bloque","C",4,1250,20,0,0
9,"Bloque","C",4,1300,18,2,0.1
9,"Bloque","C",4,1350,17,3,0.15
9,"Bloque","C",4,1400,17,3,0.15
9,"Bloque","C",4,1450,9,11,0.55
9,"Bloque","C",4,1500,4,16,0.8
9,"Bloque","C",4,1550,4,16,0.8
9,"Bloque","C",4,1600,0,20,1
9,"Bloque","C",5,1200,19,1,0.05
9,"Bloque","C",5,1250,18,2,0.1
9,"Bloque","C",5,1300,18,2,0.1
9,"Bloque","C",5,1350,13,7,0.35
9,"Bloque","C",5,1400,15,5,0.25
9,"Bloque","C",5,1450,10,10,0.5
9,"Bloque","C",5,1500,3,17,0.85
9,"Bloque","C",5,1550,1,19,0.95
9,"Bloque","C",5,1600,2,18,0.9
10,"Aleatoria","A",3,1550,3,17,0.85
10,"Aleatoria","A",3,1600,1,19,0.95
10,"Aleatoria","A",3,1650,0,20,1
10,"Aleatoria","A",3,1700,0,20,1
10,"Aleatoria","A",3,1750,0,20,1
10,"Aleatoria","A",3,1800,0,20,1
10,"Aleatoria","A",3,1850,0,20,1
10,"Aleatoria","A",3,1900,0,20,1
10,"Aleatoria","A",3,1950,0,20,1
10,"Aleatoria","A",4,1550,7,13,0.65
10,"Aleatoria","A",4,1600,5,15,0.75
10,"Aleatoria","A",4,1650,8,12,0.6
10,"Aleatoria","A",4,1700,1,19,0.95
10,"Aleatoria","A",4,1750,0,20,1
10,"Aleatoria","A",4,1800,0,20,1
10,"Aleatoria","A",4,1850,1,19,0.95
10,"Aleatoria","A",4,1900,0,20,1
10,"Aleatoria","A",4,1950,0,20,1
10,"Aleatoria","A",5,1550,12,8,0.4
10,"Aleatoria","A",5,1600,10,10,0.5
10,"Aleatoria","A",5,1650,8,12,0.6
10,"Aleatoria","A",5,1700,6,14,0.7
10,"Aleatoria","A",5,1750,2,18,0.9
10,"Aleatoria","A",5,1800,4,16,0.8
10,"Aleatoria","A",5,1850,2,18,0.9
10,"Aleatoria","A",5,1900,0,20,1
10,"Aleatoria","A",5,1950,0,20,1
10,"Bloque","A",3,1550,13,7,0.35
10,"Bloque","A",3,1600,8,12,0.6
10,"Bloque","A",3,1650,10,10,0.5
10,"Bloque","A",3,1700,3,17,0.85
10,"Bloque","A",3,1750,1,19,0.95
10,"Bloque","A",3,1800,1,19,0.95
10,"Bloque","A",3,1850,0,20,1
10,"Bloque","A",3,1900,0,20,1
10,"Bloque","A",3,1950,0,20,1
10,"Bloque","A",4,1550,18,2,0.1
10,"Bloque","A",4,1600,12,8,0.4
10,"Bloque","A",4,1650,11,9,0.45
10,"Bloque","A",4,1700,5,15,0.75
10,"Bloque","A",4,1750,2,18,0.9
10,"Bloque","A",4,1800,0,20,1
10,"Bloque","A",4,1850,0,20,1
10,"Bloque","A",4,1900,0,20,1
10,"Bloque","A",4,1950,0,20,1
10,"Bloque","A",5,1550,13,7,0.35
10,"Bloque","A",5,1600,12,8,0.4
10,"Bloque","A",5,1650,12,8,0.4
10,"Bloque","A",5,1700,4,16,0.8
10,"Bloque","A",5,1750,2,18,0.9
10,"Bloque","A",5,1800,0,20,1
10,"Bloque","A",5,1850,0,20,1
10,"Bloque","A",5,1900,0,20,1
10,"Bloque","A",5,1950,0,20,1
10,"Aleatoria","B",3,900,11,9,0.45
10,"Aleatoria","B",3,937,3,17,0.85
10,"Aleatoria","B",3,975,0,20,1
10,"Aleatoria","B",3,1012,0,20,1
10,"Aleatoria","B",3,1050,0,20,1
10,"Aleatoria","B",3,1088,0,20,1
10,"Aleatoria","B",3,1125,0,20,1
10,"Aleatoria","B",3,1163,0,20,1
10,"Aleatoria","B",3,1200,0,20,1
10,"Aleatoria","B",4,900,14,6,0.3
10,"Aleatoria","B",4,937,7,13,0.65
10,"Aleatoria","B",4,975,8,12,0.6
10,"Aleatoria","B",4,1012,2,18,0.9
10,"Aleatoria","B",4,1050,1,19,0.95
10,"Aleatoria","B",4,1088,1,19,0.95
10,"Aleatoria","B",4,1125,0,20,1
10,"Aleatoria","B",4,1163,1,19,0.95
10,"Aleatoria","B",4,1200,0,20,1
10,"Aleatoria","B",5,900,16,4,0.2
10,"Aleatoria","B",5,937,15,5,0.25
10,"Aleatoria","B",5,975,7,13,0.65
10,"Aleatoria","B",5,1012,8,12,0.6
10,"Aleatoria","B",5,1050,5,15,0.75
10,"Aleatoria","B",5,1088,3,17,0.85
10,"Aleatoria","B",5,1125,2,18,0.9
10,"Aleatoria","B",5,1163,1,19,0.95
10,"Aleatoria","B",5,1200,1,19,0.95
10,"Bloque","B",3,900,14,6,0.3
10,"Bloque","B",3,937,10,10,0.5
10,"Bloque","B",3,975,5,15,0.75
10,"Bloque","B",3,1012,1,19,0.95
10,"Bloque","B",3,1050,1,19,0.95
10,"Bloque","B",3,1088,0,20,1
10,"Bloque","B",3,1125,0,20,1
10,"Bloque","B",3,1163,0,20,1
10,"Bloque","B",3,1200,0,20,1
10,"Bloque","B",4,900,15,5,0.25
10,"Bloque","B",4,937,14,6,0.3
10,"Bloque","B",4,975,6,14,0.7
10,"Bloque","B",4,1012,7,13,0.65
10,"Bloque","B",4,1050,0,20,1
10,"Bloque","B",4,1088,0,20,1
10,"Bloque","B",4,1125,0,20,1
10,"Bloque","B",4,1163,0,20,1
10,"Bloque","B",4,1200,0,20,1
10,"Bloque","B",5,900,17,3,0.15
10,"Bloque","B",5,937,13,7,0.35
10,"Bloque","B",5,975,12,8,0.4
10,"Bloque","B",5,1012,5,15,0.75
10,"Bloque","B",5,1050,2,18,0.9
10,"Bloque","B",5,1088,1,19,0.95
10,"Bloque","B",5,1125,0,20,1
10,"Bloque","B",5,1163,0,20,1
10,"Bloque","B",5,1200,0,20,1
10,"Aleatoria","C",3,1200,13,7,0.35
10,"Aleatoria","C",3,1250,8,12,0.6
10,"Aleatoria","C",3,1300,14,6,0.3
10,"Aleatoria","C",3,1350,0,20,1
10,"Aleatoria","C",3,1400,0,20,1
10,"Aleatoria","C",3,1450,1,19,0.95
10,"Aleatoria","C",3,1500,0,20,1
10,"Aleatoria","C",3,1550,1,19,0.95
10,"Aleatoria","C",3,1600,0,20,1
10,"Aleatoria","C",4,1200,18,2,0.1
10,"Aleatoria","C",4,1250,14,6,0.3
10,"Aleatoria","C",4,1300,11,9,0.45
10,"Aleatoria","C",4,1350,5,15,0.75
10,"Aleatoria","C",4,1400,3,17,0.85
10,"Aleatoria","C",4,1450,1,19,0.95
10,"Aleatoria","C",4,1500,1,19,0.95
10,"Aleatoria","C",4,1550,2,18,0.9
10,"Aleatoria","C",4,1600,0,20,1
10,"Aleatoria","C",5,1200,16,4,0.2
10,"Aleatoria","C",5,1250,18,2,0.1
10,"Aleatoria","C",5,1300,10,10,0.5
10,"Aleatoria","C",5,1350,10,10,0.5
10,"Aleatoria","C",5,1400,3,17,0.85
10,"Aleatoria","C",5,1450,5,15,0.75
10,"Aleatoria","C",5,1500,4,16,0.8
10,"Aleatoria","C",5,1550,3,17,0.85
10,"Aleatoria","C",5,1600,1,19,0.95
10,"Bloque","C",3,1200,19,1,0.05
10,"Bloque","C",3,1250,13,7,0.35
10,"Bloque","C",3,1300,19,1,0.05
10,"Bloque","C",3,1350,5,15,0.75
10,"Bloque","C",3,1400,0,20,1
10,"Bloque","C",3,1450,1,19,0.95
10,"Bloque","C",3,1500,0,20,1
10,"Bloque","C",3,1550,0,20,1
10,"Bloque","C",3,1600,1,19,0.95
10,"Bloque","C",4,1200,16,4,0.2
10,"Bloque","C",4,1250,17,3,0.15
10,"Bloque","C",4,1300,15,5,0.25
10,"Bloque","C",4,1350,5,15,0.75
10,"Bloque","C",4,1400,2,18,0.9
10,"Bloque","C",4,1450,0,20,1
10,"Bloque","C",4,1500,0,20,1
10,"Bloque","C",4,1550,0,20,1
10,"Bloque","C",4,1600,0,20,1
10,"Bloque","C",5,1200,20,0,0
10,"Bloque","C",5,1250,19,1,0.05
10,"Bloque","C",5,1300,12,8,0.4
10,"Bloque","C",5,1350,10,10,0.5
10,"Bloque","C",5,1400,2,18,0.9
10,"Bloque","C",5,1450,2,18,0.9
10,"Bloque","C",5,1500,0,20,1
10,"Bloque","C",5,1550,0,20,1
10,"Bloque","C",5,1600,0,20,1
11,"Aleatoria","A",3,1550,16,4,0.2
11,"Aleatoria","A",3,1600,9,11,0.55
11,"Aleatoria","A",3,1650,9,11,0.55
11,"Aleatoria","A",3,1700,14,6,0.3
11,"Aleatoria","A",3,1750,10,10,0.5
11,"Aleatoria","A",3,1800,9,11,0.55
11,"Aleatoria","A",3,1850,11,9,0.45
11,"Aleatoria","A",3,1900,10,10,0.5
11,"Aleatoria","A",3,1950,8,12,0.6
11,"Aleatoria","A",4,1550,19,1,0.05
11,"Aleatoria","A",4,1600,14,6,0.3
11,"Aleatoria","A",4,1650,14,6,0.3
11,"Aleatoria","A",4,1700,12,8,0.4
11,"Aleatoria","A",4,1750,12,8,0.4
11,"Aleatoria","A",4,1800,10,10,0.5
11,"Aleatoria","A",4,1850,10,10,0.5
11,"Aleatoria","A",4,1900,7,13,0.65
11,"Aleatoria","A",4,1950,6,14,0.7
11,"Aleatoria","A",5,1550,18,2,0.1
11,"Aleatoria","A",5,1600,15,5,0.25
11,"Aleatoria","A",5,1650,18,2,0.1
11,"Aleatoria","A",5,1700,10,10,0.5
11,"Aleatoria","A",5,1750,13,7,0.35
11,"Aleatoria","A",5,1800,11,9,0.45
11,"Aleatoria","A",5,1850,11,9,0.45
11,"Aleatoria","A",5,1900,10,10,0.5
11,"Aleatoria","A",5,1950,7,13,0.65
11,"Bloque","A",3,1550,14,6,0.3
11,"Bloque","A",3,1600,11,9,0.45
11,"Bloque","A",3,1650,12,8,0.4
11,"Bloque","A",3,1700,7,13,0.65
11,"Bloque","A",3,1750,12,8,0.4
11,"Bloque","A",3,1800,13,7,0.35
11,"Bloque","A",3,1850,13,7,0.35
11,"Bloque","A",3,1900,9,11,0.55
11,"Bloque","A",3,1950,7,13,0.65
11,"Bloque","A",4,1550,16,4,0.2
11,"Bloque","A",4,1600,12,8,0.4
11,"Bloque","A",4,1650,15,5,0.25
11,"Bloque","A",4,1700,8,12,0.6
11,"Bloque","A",4,1750,8,12,0.6
11,"Bloque","A",4,1800,12,8,0.4
11,"Bloque","A",4,1850,12,8,0.4
11,"Bloque","A",4,1900,10,10,0.5
11,"Bloque","A",4,1950,9,11,0.55
11,"Bloque","A",5,1550,15,5,0.25
11,"Bloque","A",5,1600,12,8,0.4
11,"Bloque","A",5,1650,11,9,0.45
11,"Bloque","A",5,1700,13,7,0.35
11,"Bloque","A",5,1750,9,11,0.55
11,"Bloque","A",5,1800,16,4,0.2
11,"Bloque","A",5,1850,12,8,0.4
11,"Bloque","A",5,1900,9,11,0.55
11,"Bloque","A",5,1950,8,12,0.6
11,"Aleatoria","B",3,900,8,12,0.6
11,"Aleatoria","B",3,937,10,10,0.5
11,"Aleatoria","B",3,975,10,10,0.5
11,"Aleatoria","B",3,1012,12,8,0.4
11,"Aleatoria","B",3,1050,8,12,0.6
11,"Aleatoria","B",3,1088,9,11,0.55
11,"Aleatoria","B",3,1125,14,6,0.3
11,"Aleatoria","B",3,1163,8,12,0.6
11,"Aleatoria","B",3,1200,12,8,0.4
11,"Aleatoria","B",4,900,18,2,0.1
11,"Aleatoria","B",4,937,14,6,0.3
11,"Aleatoria","B",4,975,12,8,0.4
11,"Aleatoria","B",4,1012,8,12,0.6
11,"Aleatoria","B",4,1050,8,12,0.6
11,"Aleatoria","B",4,1088,15,5,0.25
11,"Aleatoria","B",4,1125,7,13,0.65
11,"Aleatoria","B",4,1163,12,8,0.4
11,"Aleatoria","B",4,1200,8,12,0.6
11,"Aleatoria","B",5,900,18,2,0.1
11,"Aleatoria","B",5,937,16,4,0.2
11,"Aleatoria","B",5,975,18,2,0.1
11,"Aleatoria","B",5,1012,13,7,0.35
11,"Aleatoria","B",5,1050,9,11,0.55
11,"Aleatoria","B",5,1088,12,8,0.4
11,"Aleatoria","B",5,1125,10,10,0.5
11,"Aleatoria","B",5,1163,13,7,0.35
11,"Aleatoria","B",5,1200,10,10,0.5
11,"Bloque","B",3,900,13,7,0.35
11,"Bloque","B",3,937,13,7,0.35
11,"Bloque","B",3,975,12,8,0.4
11,"Bloque","B",3,1012,10,10,0.5
11,"Bloque","B",3,1050,10,10,0.5
11,"Bloque","B",3,1088,13,7,0.35
11,"Bloque","B",3,1125,13,7,0.35
11,"Bloque","B",3,1163,6,14,0.7
11,"Bloque","B",3,1200,7,13,0.65
11,"Bloque","B",4,900,17,3,0.15
11,"Bloque","B",4,937,15,5,0.25
11,"Bloque","B",4,975,13,7,0.35
11,"Bloque","B",4,1012,16,4,0.2
11,"Bloque","B",4,1050,12,8,0.4
11,"Bloque","B",4,1088,13,7,0.35
11,"Bloque","B",4,1125,12,8,0.4
11,"Bloque","B",4,1163,11,9,0.45
11,"Bloque","B",4,1200,10,10,0.5
11,"Bloque","B",5,900,14,6,0.3
11,"Bloque","B",5,937,14,6,0.3
11,"Bloque","B",5,975,11,9,0.45
11,"Bloque","B",5,1012,10,10,0.5
11,"Bloque","B",5,1050,15,5,0.25
11,"Bloque","B",5,1088,10,10,0.5
11,"Bloque","B",5,1125,8,12,0.6
11,"Bloque","B",5,1163,12,8,0.4
11,"Bloque","B",5,1200,6,14,0.7
11,"Aleatoria","C",3,1200,9,11,0.55
11,"Aleatoria","C",3,1250,16,4,0.2
11,"Aleatoria","C",3,1300,14,6,0.3
11,"Aleatoria","C",3,1350,13,7,0.35
11,"Aleatoria","C",3,1400,11,9,0.45
11,"Aleatoria","C",3,1450,13,7,0.35
11,"Aleatoria","C",3,1500,9,11,0.55
11,"Aleatoria","C",3,1550,11,9,0.45
11,"Aleatoria","C",3,1600,9,11,0.55
11,"Aleatoria","C",4,1200,13,7,0.35
11,"Aleatoria","C",4,1250,7,13,0.65
11,"Aleatoria","C",4,1300,9,11,0.55
11,"Aleatoria","C",4,1350,8,12,0.6
11,"Aleatoria","C",4,1400,16,4,0.2
11,"Aleatoria","C",4,1450,12,8,0.4
11,"Aleatoria","C",4,1500,14,6,0.3
11,"Aleatoria","C",4,1550,10,10,0.5
11,"Aleatoria","C",4,1600,9,11,0.55
11,"Aleatoria","C",5,1200,15,5,0.25
11,"Aleatoria","C",5,1250,16,4,0.2
11,"Aleatoria","C",5,1300,11,9,0.45
11,"Aleatoria","C",5,1350,15,5,0.25
11,"Aleatoria","C",5,1400,11,9,0.45
11,"Aleatoria","C",5,1450,7,13,0.65
11,"Aleatoria","C",5,1500,8,12,0.6
11,"Aleatoria","C",5,1550,9,11,0.55
11,"Aleatoria","C",5,1600,7,13,0.65
11,"Bloque","C",3,1200,16,4,0.2
11,"Bloque","C",3,1250,11,9,0.45
11,"Bloque","C",3,1300,14,6,0.3
11,"Bloque","C",3,1350,9,11,0.55
11,"Bloque","C",3,1400,10,10,0.5
11,"Bloque","C",3,1450,12,8,0.4
11,"Bloque","C",3,1500,13,7,0.35
11,"Bloque","C",3,1550,8,12,0.6
11,"Bloque","C",3,1600,10,10,0.5
11,"Bloque","C",4,1200,16,4,0.2
11,"Bloque","C",4,1250,15,5,0.25
11,"Bloque","C",4,1300,13,7,0.35
11,"Bloque","C",4,1350,10,10,0.5
11,"Bloque","C",4,1400,9,11,0.55
11,"Bloque","C",4,1450,13,7,0.35
11,"Bloque","C",4,1500,12,8,0.4
11,"Bloque","C",4,1550,7,13,0.65
11,"Bloque","C",4,1600,8,12,0.6
11,"Bloque","C",5,1200,17,3,0.15
11,"Bloque","C",5,1250,15,5,0.25
11,"Bloque","C",5,1300,11,9,0.45
11,"Bloque","C",5,1350,12,8,0.4
11,"Bloque","C",5,1400,10,10,0.5
11,"Bloque","C",5,1450,12,8,0.4
11,"Bloque","C",5,1500,10,10,0.5
11,"Bloque","C",5,1550,11,9,0.45
11,"Bloque","C",5,1600,11,9,0.45
12,"Aleatoria","A",3,1550,20,0,0
12,"Aleatoria","A",3,1600,17,3,0.15
12,"Aleatoria","A",3,1650,17,3,0.15
12,"Aleatoria","A",3,1700,15,5,0.25
12,"Aleatoria","A",3,1750,8,12,0.6
12,"Aleatoria","A",3,1800,6,14,0.7
12,"Aleatoria","A",3,1850,2,18,0.9
12,"Aleatoria","A",3,1900,2,18,0.9
12,"Aleatoria","A",3,1950,2,18,0.9
12,"Aleatoria","A",4,1550,20,0,0
12,"Aleatoria","A",4,1600,18,2,0.1
12,"Aleatoria","A",4,1650,19,1,0.05
12,"Aleatoria","A",4,1700,12,8,0.4
12,"Aleatoria","A",4,1750,8,12,0.6
12,"Aleatoria","A",4,1800,4,16,0.8
12,"Aleatoria","A",4,1850,0,20,1
12,"Aleatoria","A",4,1900,0,20,1
12,"Aleatoria","A",4,1950,0,20,1
12,"Aleatoria","A",5,1550,19,1,0.05
12,"Aleatoria","A",5,1600,19,1,0.05
12,"Aleatoria","A",5,1650,19,1,0.05
12,"Aleatoria","A",5,1700,17,3,0.15
12,"Aleatoria","A",5,1750,6,14,0.7
12,"Aleatoria","A",5,1800,6,14,0.7
12,"Aleatoria","A",5,1850,0,20,1
12,"Aleatoria","A",5,1900,0,20,1
12,"Aleatoria","A",5,1950,0,20,1
12,"Bloque","A",3,1550,17,3,0.15
12,"Bloque","A",3,1600,18,2,0.1
12,"Bloque","A",3,1650,15,5,0.25
12,"Bloque","A",3,1700,9,11,0.55
12,"Bloque","A",3,1750,8,12,0.6
12,"Bloque","A",3,1800,5,15,0.75
12,"Bloque","A",3,1850,0,20,1
12,"Bloque","A",3,1900,2,18,0.9
12,"Bloque","A",3,1950,0,20,1
12,"Bloque","A",4,1550,20,0,0
12,"Bloque","A",4,1600,20,0,0
12,"Bloque","A",4,1650,19,1,0.05
12,"Bloque","A",4,1700,9,11,0.55
12,"Bloque","A",4,1750,9,11,0.55
12,"Bloque","A",4,1800,3,17,0.85
12,"Bloque","A",4,1850,1,19,0.95
12,"Bloque","A",4,1900,0,20,1
12,"Bloque","A",4,1950,1,19,0.95
12,"Bloque","A",5,1550,20,0,0
12,"Bloque","A",5,1600,20,0,0
12,"Bloque","A",5,1650,20,0,0
12,"Bloque","A",5,1700,13,7,0.35
12,"Bloque","A",5,1750,10,10,0.5
12,"Bloque","A",5,1800,4,16,0.8
12,"Bloque","A",5,1850,0,20,1
12,"Bloque","A",5,1900,0,20,1
12,"Bloque","A",5,1950,0,20,1
12,"Aleatoria","B",3,900,20,0,0
12,"Aleatoria","B",3,937,15,5,0.25
12,"Aleatoria","B",3,975,18,2,0.1
12,"Aleatoria","B",3,1012,16,4,0.2
12,"Aleatoria","B",3,1050,11,9,0.45
12,"Aleatoria","B",3,1088,13,7,0.35
12,"Aleatoria","B",3,1125,4,16,0.8
12,"Aleatoria","B",3,1163,5,15,0.75
12,"Aleatoria","B",3,1200,4,16,0.8
12,"Aleatoria","B",4,900,19,1,0.05
12,"Aleatoria","B",4,937,18,2,0.1
12,"Aleatoria","B",4,975,15,5,0.25
12,"Aleatoria","B",4,1012,17,3,0.15
12,"Aleatoria","B",4,1050,12,8,0.4
12,"Aleatoria","B",4,1088,8,12,0.6
12,"Aleatoria","B",4,1125,5,15,0.75
12,"Aleatoria","B",4,1163,2,18,0.9
12,"Aleatoria","B",4,1200,2,18,0.9
12,"Aleatoria","B",5,900,19,1,0.05
12,"Aleatoria","B",5,937,19,1,0.05
12,"Aleatoria","B",5,975,16,4,0.2
12,"Aleatoria","B",5,1012,17,3,0.15
12,"Aleatoria","B",5,1050,14,6,0.3
12,"Aleatoria","B",5,1088,10,10,0.5
12,"Aleatoria","B",5,1125,7,13,0.65
12,"Aleatoria","B",5,1163,1,19,0.95
12,"Aleatoria","B",5,1200,2,18,0.9
12,"Bloque","B",3,900,19,1,0.05
12,"Bloque","B",3,937,19,1,0.05
12,"Bloque","B",3,975,18,2,0.1
12,"Bloque","B",3,1012,17,3,0.15
12,"Bloque","B",3,1050,14,6,0.3
12,"Bloque","B",3,1088,5,15,0.75
12,"Bloque","B",3,1125,1,19,0.95
12,"Bloque","B",3,1163,0,20,1
12,"Bloque","B",3,1200,0,20,1
12,"Bloque","B",4,900,18,2,0.1
12,"Bloque","B",4,937,19,1,0.05
12,"Bloque","B",4,975,18,2,0.1
12,"Bloque","B",4,1012,17,3,0.15
12,"Bloque","B",4,1050,17,3,0.15
12,"Bloque","B",4,1088,8,12,0.6
12,"Bloque","B",4,1125,1,19,0.95
12,"Bloque","B",4,1163,5,15,0.75
12,"Bloque","B",4,1200,2,18,0.9
12,"Bloque","B",5,900,19,1,0.05
12,"Bloque","B",5,937,20,0,0
12,"Bloque","B",5,975,18,2,0.1
12,"Bloque","B",5,1012,19,1,0.05
12,"Bloque","B",5,1050,14,6,0.3
12,"Bloque","B",5,1088,3,17,0.85
12,"Bloque","B",5,1125,1,19,0.95
12,"Bloque","B",5,1163,2,18,0.9
12,"Bloque","B",5,1200,0,20,1
12,"Aleatoria","C",3,1200,20,0,0
12,"Aleatoria","C",3,1250,20,0,0
12,"Aleatoria","C",3,1300,20,0,0
12,"Aleatoria","C",3,1350,20,0,0
12,"Aleatoria","C",3,1400,13,7,0.35
12,"Aleatoria","C",3,1450,9,11,0.55
12,"Aleatoria","C",3,1500,5,15,0.75
12,"Aleatoria","C",3,1550,5,15,0.75
12,"Aleatoria","C",3,1600,3,17,0.85
12,"Aleatoria","C",4,1200,20,0,0
12,"Aleatoria","C",4,1250,20,0,0
12,"Aleatoria","C",4,1300,17,3,0.15
12,"Aleatoria","C",4,1350,16,4,0.2
12,"Aleatoria","C",4,1400,12,8,0.4
12,"Aleatoria","C",4,1450,7,13,0.65
12,"Aleatoria","C",4,1500,3,17,0.85
12,"Aleatoria","C",4,1550,1,19,0.95
12,"Aleatoria","C",4,1600,0,20,1
12,"Aleatoria","C",5,1200,19,1,0.05
12,"Aleatoria","C",5,1250,20,0,0
12,"Aleatoria","C",5,1300,18,2,0.1
12,"Aleatoria","C",5,1350,19,1,0.05
12,"Aleatoria","C",5,1400,14,6,0.3
12,"Aleatoria","C",5,1450,6,14,0.7
12,"Aleatoria","C",5,1500,2,18,0.9
12,"Aleatoria","C",5,1550,1,19,0.95
12,"Aleatoria","C",5,1600,0,20,1
12,"Bloque","C",3,1200,20,0,0
12,"Bloque","C",3,1250,20,0,0
12,"Bloque","C",3,1300,20,0,0
12,"Bloque","C",3,1350,10,10,0.5
12,"Bloque","C",3,1400,6,14,0.7
12,"Bloque","C",3,1450,1,19,0.95
12,"Bloque","C",3,1500,0,20,1
12,"Bloque","C",3,1550,2,18,0.9
12,"Bloque","C",3,1600,0,20,1
12,"Bloque","C",4,1200,18,2,0.1
12,"Bloque","C",4,1250,19,1,0.05
12,"Bloque","C",4,1300,19,1,0.05
12,"Bloque","C",4,1350,12,8,0.4
12,"Bloque","C",4,1400,13,7,0.35
12,"Bloque","C",4,1450,6,14,0.7
12,"Bloque","C",4,1500,2,18,0.9
12,"Bloque","C",4,1550,0,20,1
12,"Bloque","C",4,1600,0,20,1
12,"Bloque","C",5,1200,20,0,0
12,"Bloque","C",5,1250,20,0,0
12,"Bloque","C",5,1300,19,1,0.05
12,"Bloque","C",5,1350,13,7,0.35
12,"Bloque","C",5,1400,7,13,0.65
12,"Bloque","C",5,1450,4,16,0.8
12,"Bloque","C",5,1500,0,20,1
12,"Bloque","C",5,1550,0,20,1
12,"Bloque","C",5,1600,0,20,1
13,"Aleatoria","A",3,1550,20,0,0
13,"Aleatoria","A",3,1600,19,1,0.05
13,"Aleatoria","A",3,1650,17,3,0.15
13,"Aleatoria","A",3,1700,16,4,0.2
13,"Aleatoria","A",3,1750,15,5,0.25
13,"Aleatoria","A",3,1800,11,9,0.45
13,"Aleatoria","A",3,1850,4,16,0.8
13,"Aleatoria","A",3,1900,2,18,0.9
13,"Aleatoria","A",3,1950,0,20,1
13,"Aleatoria","A",4,1550,20,0,0
13,"Aleatoria","A",4,1600,19,1,0.05
13,"Aleatoria","A",4,1650,19,1,0.05
13,"Aleatoria","A",4,1700,16,4,0.2
13,"Aleatoria","A",4,1750,16,4,0.2
13,"Aleatoria","A",4,1800,12,8,0.4
13,"Aleatoria","A",4,1850,6,14,0.7
13,"Aleatoria","A",4,1900,1,19,0.95
13,"Aleatoria","A",4,1950,0,20,1
13,"Aleatoria","A",5,1550,20,0,0
13,"Aleatoria","A",5,1600,19,1,0.05
13,"Aleatoria","A",5,1650,20,0,0
13,"Aleatoria","A",5,1700,19,1,0.05
13,"Aleatoria","A",5,1750,17,3,0.15
13,"Aleatoria","A",5,1800,8,12,0.6
13,"Aleatoria","A",5,1850,2,18,0.9
13,"Aleatoria","A",5,1900,1,19,0.95
13,"Aleatoria","A",5,1950,0,20,1
13,"Bloque","A",3,1550,20,0,0
13,"Bloque","A",3,1600,14,6,0.3
13,"Bloque","A",3,1650,14,6,0.3
13,"Bloque","A",3,1700,16,4,0.2
13,"Bloque","A",3,1750,17,3,0.15
13,"Bloque","A",3,1800,18,2,0.1
13,"Bloque","A",3,1850,4,16,0.8
13,"Bloque","A",3,1900,4,16,0.8
13,"Bloque","A",3,1950,2,18,0.9
13,"Bloque","A",4,1550,19,1,0.05
13,"Bloque","A",4,1600,18,2,0.1
13,"Bloque","A",4,1650,17,3,0.15
13,"Bloque","A",4,1700,15,5,0.25
13,"Bloque","A",4,1750,16,4,0.2
13,"Bloque","A",4,1800,11,9,0.45
13,"Bloque","A",4,1850,4,16,0.8
13,"Bloque","A",4,1900,5,15,0.75
13,"Bloque","A",4,1950,2,18,0.9
13,"Bloque","A",5,1550,19,1,0.05
13,"Bloque","A",5,1600,19,1,0.05
13,"Bloque","A",5,1650,19,1,0.05
13,"Bloque","A",5,1700,16,4,0.2
13,"Bloque","A",5,1750,14,6,0.3
13,"Bloque","A",5,1800,6,14,0.7
13,"Bloque","A",5,1850,1,19,0.95
13,"Bloque","A",5,1900,1,19,0.95
13,"Bloque","A",5,1950,0,20,1
13,"Aleatoria","B",3,900,16,4,0.2
13,"Aleatoria","B",3,937,16,4,0.2
13,"Aleatoria","B",3,975,15,5,0.25
13,"Aleatoria","B",3,1012,17,3,0.15
13,"Aleatoria","B",3,1050,15,5,0.25
13,"Aleatoria","B",3,1088,14,6,0.3
13,"Aleatoria","B",3,1125,10,10,0.5
13,"Aleatoria","B",3,1163,11,9,0.45
13,"Aleatoria","B",3,1200,3,17,0.85
13,"Aleatoria","B",4,900,17,3,0.15
13,"Aleatoria","B",4,937,18,2,0.1
13,"Aleatoria","B",4,975,18,2,0.1
13,"Aleatoria","B",4,1012,14,6,0.3
13,"Aleatoria","B",4,1050,16,4,0.2
13,"Aleatoria","B",4,1088,12,8,0.4
13,"Aleatoria","B",4,1125,3,17,0.85
13,"Aleatoria","B",4,1163,5,15,0.75
13,"Aleatoria","B",4,1200,3,17,0.85
13,"Aleatoria","B",5,900,17,3,0.15
13,"Aleatoria","B",5,937,15,5,0.25
13,"Aleatoria","B",5,975,19,1,0.05
13,"Aleatoria","B",5,1012,11,9,0.45
13,"Aleatoria","B",5,1050,14,6,0.3
13,"Aleatoria","B",5,1088,9,11,0.55
13,"Aleatoria","B",5,1125,1,19,0.95
13,"Aleatoria","B",5,1163,0,20,1
13,"Aleatoria","B",5,1200,1,19,0.95
13,"Bloque","B",3,900,19,1,0.05
13,"Bloque","B",3,937,19,1,0.05
13,"Bloque","B",3,975,14,6,0.3
13,"Bloque","B",3,1012,15,5,0.25
13,"Bloque","B",3,1050,12,8,0.4
13,"Bloque","B",3,1088,7,13,0.65
13,"Bloque","B",3,1125,5,15,0.75
13,"Bloque","B",3,1163,0,20,1
13,"Bloque","B",3,1200,0,20,1
13,"Bloque","B",4,900,20,0,0
13,"Bloque","B",4,937,19,1,0.05
13,"Bloque","B",4,975,19,1,0.05
13,"Bloque","B",4,1012,18,2,0.1
13,"Bloque","B",4,1050,13,7,0.35
13,"Bloque","B",4,1088,16,4,0.2
13,"Bloque","B",4,1125,4,16,0.8
13,"Bloque","B",4,1163,3,17,0.85
13,"Bloque","B",4,1200,1,19,0.95
13,"Bloque","B",5,900,20,0,0
13,"Bloque","B",5,937,18,2,0.1
13,"Bloque","B",5,975,17,3,0.15
13,"Bloque","B",5,1012,18,2,0.1
13,"Bloque","B",5,1050,15,5,0.25
13,"Bloque","B",5,1088,5,15,0.75
13,"Bloque","B",5,1125,3,17,0.85
13,"Bloque","B",5,1163,1,19,0.95
13,"Bloque","B",5,1200,0,20,1
13,"Aleatoria","C",3,1200,20,0,0
13,"Aleatoria","C",3,1250,17,3,0.15
13,"Aleatoria","C",3,1300,19,1,0.05
13,"Aleatoria","C",3,1350,16,4,0.2
13,"Aleatoria","C",3,1400,14,6,0.3
13,"Aleatoria","C",3,1450,15,5,0.25
13,"Aleatoria","C",3,1500,12,8,0.4
13,"Aleatoria","C",3,1550,4,16,0.8
13,"Aleatoria","C",3,1600,6,14,0.7
13,"Aleatoria","C",4,1200,19,1,0.05
13,"Aleatoria","C",4,1250,17,3,0.15
13,"Aleatoria","C",4,1300,17,3,0.15
13,"Aleatoria","C",4,1350,17,3,0.15
13,"Aleatoria","C",4,1400,14,6,0.3
13,"Aleatoria","C",4,1450,9,11,0.55
13,"Aleatoria","C",4,1500,6,14,0.7
13,"Aleatoria","C",4,1550,1,19,0.95
13,"Aleatoria","C",4,1600,0,20,1
13,"Aleatoria","C",5,1200,20,0,0
13,"Aleatoria","C",5,1250,19,1,0.05
13,"Aleatoria","C",5,1300,15,5,0.25
13,"Aleatoria","C",5,1350,17,3,0.15
13,"Aleatoria","C",5,1400,11,9,0.45
13,"Aleatoria","C",5,1450,10,10,0.5
13,"Aleatoria","C",5,1500,2,18,0.9
13,"Aleatoria","C",5,1550,0,20,1
13,"Aleatoria","C",5,1600,0,20,1
13,"Bloque","C",3,1200,18,2,0.1
13,"Bloque","C",3,1250,19,1,0.05
13,"Bloque","C",3,1300,17,3,0.15
13,"Bloque","C",3,1350,14,6,0.3
13,"Bloque","C",3,1400,10,10,0.5
13,"Bloque","C",3,1450,5,15,0.75
13,"Bloque","C",3,1500,1,19,0.95
13,"Bloque","C",3,1550,2,18,0.9
13,"Bloque","C",3,1600,1,19,0.95
13,"Bloque","C",4,1200,16,4,0.2
13,"Bloque","C",4,1250,16,4,0.2
13,"Bloque","C",4,1300,17,3,0.15
13,"Bloque","C",4,1350,9,11,0.55
13,"Bloque","C",4,1400,11,9,0.45
13,"Bloque","C",4,1450,10,10,0.5
13,"Bloque","C",4,1500,5,15,0.75
13,"Bloque","C",4,1550,6,14,0.7
13,"Bloque","C",4,1600,4,16,0.8
13,"Bloque","C",5,1200,19,1,0.05
13,"Bloque","C",5,1250,20,0,0
13,"Bloque","C",5,1300,18,2,0.1
13,"Bloque","C",5,1350,13,7,0.35
13,"Bloque","C",5,1400,13,7,0.35
13,"Bloque","C",5,1450,11,9,0.45
13,"Bloque","C",5,1500,6,14,0.7
13,"Bloque","C",5,1550,2,18,0.9
13,"Bloque","C",5,1600,0,20,1
15,"Aleatoria","A",3,1550,17,3,0.15
15,"Aleatoria","A",3,1600,16,4,0.2
15,"Aleatoria","A",3,1650,9,11,0.55
15,"Aleatoria","A",3,1700,5,15,0.75
15,"Aleatoria","A",3,1750,9,11,0.55
15,"Aleatoria","A",3,1800,7,13,0.65
15,"Aleatoria","A",3,1850,8,12,0.6
15,"Aleatoria","A",3,1900,5,15,0.75
15,"Aleatoria","A",3,1950,5,15,0.75
15,"Aleatoria","A",4,1550,18,2,0.1
15,"Aleatoria","A",4,1600,17,3,0.15
15,"Aleatoria","A",4,1650,11,9,0.45
15,"Aleatoria","A",4,1700,7,13,0.65
15,"Aleatoria","A",4,1750,6,14,0.7
15,"Aleatoria","A",4,1800,3,17,0.85
15,"Aleatoria","A",4,1850,7,13,0.65
15,"Aleatoria","A",4,1900,7,13,0.65
15,"Aleatoria","A",4,1950,3,17,0.85
15,"Aleatoria","A",5,1550,17,3,0.15
15,"Aleatoria","A",5,1600,13,7,0.35
15,"Aleatoria","A",5,1650,6,14,0.7
15,"Aleatoria","A",5,1700,8,12,0.6
15,"Aleatoria","A",5,1750,6,14,0.7
15,"Aleatoria","A",5,1800,6,14,0.7
15,"Aleatoria","A",5,1850,7,13,0.65
15,"Aleatoria","A",5,1900,2,18,0.9
15,"Aleatoria","A",5,1950,5,15,0.75
15,"Bloque","A",3,1550,12,8,0.4
15,"Bloque","A",3,1600,12,8,0.4
15,"Bloque","A",3,1650,9,11,0.55
15,"Bloque","A",3,1700,13,7,0.35
15,"Bloque","A",3,1750,6,14,0.7
15,"Bloque","A",3,1800,9,11,0.55
15,"Bloque","A",3,1850,9,11,0.55
15,"Bloque","A",3,1900,6,14,0.7
15,"Bloque","A",3,1950,6,14,0.7
15,"Bloque","A",4,1550,17,3,0.15
15,"Bloque","A",4,1600,19,1,0.05
15,"Bloque","A",4,1650,14,6,0.3
15,"Bloque","A",4,1700,9,11,0.55
15,"Bloque","A",4,1750,8,12,0.6
15,"Bloque","A",4,1800,4,16,0.8
15,"Bloque","A",4,1850,5,15,0.75
15,"Bloque","A",4,1900,6,14,0.7
15,"Bloque","A",4,1950,6,14,0.7
15,"Bloque","A",5,1550,18,2,0.1
15,"Bloque","A",5,1600,16,4,0.2
15,"Bloque","A",5,1650,8,12,0.6
15,"Bloque","A",5,1700,11,9,0.45
15,"Bloque","A",5,1750,6,14,0.7
15,"Bloque","A",5,1800,7,13,0.65
15,"Bloque","A",5,1850,6,14,0.7
15,"Bloque","A",5,1900,5,15,0.75
15,"Bloque","A",5,1950,6,14,0.7
15,"Aleatoria","B",3,900,14,6,0.3
15,"Aleatoria","B",3,937,13,7,0.35
15,"Aleatoria","B",3,975,8,12,0.6
15,"Aleatoria","B",3,1012,5,15,0.75
15,"Aleatoria","B",3,1050,3,17,0.85
15,"Aleatoria","B",3,1088,2,18,0.9
15,"Aleatoria","B",3,1125,3,17,0.85
15,"Aleatoria","B",3,1163,4,16,0.8
15,"Aleatoria","B",3,1200,2,18,0.9
15,"Aleatoria","B",4,900,15,5,0.25
15,"Aleatoria","B",4,937,12,8,0.4
15,"Aleatoria","B",4,975,8,12,0.6
15,"Aleatoria","B",4,1012,5,15,0.75
15,"Aleatoria","B",4,1050,4,16,0.8
15,"Aleatoria","B",4,1088,4,16,0.8
15,"Aleatoria","B",4,1125,3,17,0.85
15,"Aleatoria","B",4,1163,2,18,0.9
15,"Aleatoria","B",4,1200,4,16,0.8
15,"Aleatoria","B",5,900,17,3,0.15
15,"Aleatoria","B",5,937,16,4,0.2
15,"Aleatoria","B",5,975,14,6,0.3
15,"Aleatoria","B",5,1012,7,13,0.65
15,"Aleatoria","B",5,1050,7,13,0.65
15,"Aleatoria","B",5,1088,2,18,0.9
15,"Aleatoria","B",5,1125,1,19,0.95
15,"Aleatoria","B",5,1163,1,19,0.95
15,"Aleatoria","B",5,1200,2,18,0.9
15,"Bloque","B",3,900,15,5,0.25
15,"Bloque","B",3,937,12,8,0.4
15,"Bloque","B",3,975,9,11,0.55
15,"Bloque","B",3,1012,8,12,0.6
15,"Bloque","B",3,1050,5,15,0.75
15,"Bloque","B",3,1088,6,14,0.7
15,"Bloque","B",3,1125,3,17,0.85
15,"Bloque","B",3,1163,2,18,0.9
15,"Bloque","B",3,1200,1,19,0.95
15,"Bloque","B",4,900,18,2,0.1
15,"Bloque","B",4,937,14,6,0.3
15,"Bloque","B",4,975,6,14,0.7
15,"Bloque","B",4,1012,2,18,0.9
15,"Bloque","B",4,1050,6,14,0.7
15,"Bloque","B",4,1088,1,19,0.95
15,"Bloque","B",4,1125,1,19,0.95
15,"Bloque","B",4,1163,2,18,0.9
15,"Bloque","B",4,1200,0,20,1
15,"Bloque","B",5,900,17,3,0.15
15,"Bloque","B",5,937,11,9,0.45
15,"Bloque","B",5,975,11,9,0.45
15,"Bloque","B",5,1012,10,10,0.5
15,"Bloque","B",5,1050,2,18,0.9
15,"Bloque","B",5,1088,5,15,0.75
15,"Bloque","B",5,1125,4,16,0.8
15,"Bloque","B",5,1163,3,17,0.85
15,"Bloque","B",5,1200,4,16,0.8
15,"Aleatoria","C",3,1200,16,4,0.2
15,"Aleatoria","C",3,1250,11,9,0.45
15,"Aleatoria","C",3,1300,17,3,0.15
15,"Aleatoria","C",3,1350,0,20,1
15,"Aleatoria","C",3,1400,1,19,0.95
15,"Aleatoria","C",3,1450,1,19,0.95
15,"Aleatoria","C",3,1500,1,19,0.95
15,"Aleatoria","C",3,1550,0,20,1
15,"Aleatoria","C",3,1600,2,18,0.9
15,"Aleatoria","C",4,1200,16,4,0.2
15,"Aleatoria","C",4,1250,8,12,0.6
15,"Aleatoria","C",4,1300,10,10,0.5
15,"Aleatoria","C",4,1350,2,18,0.9
15,"Aleatoria","C",4,1400,3,17,0.85
15,"Aleatoria","C",4,1450,2,18,0.9
15,"Aleatoria","C",4,1500,1,19,0.95
15,"Aleatoria","C",4,1550,2,18,0.9
15,"Aleatoria","C",4,1600,1,19,0.95
15,"Aleatoria","C",5,1200,16,4,0.2
15,"Aleatoria","C",5,1250,12,8,0.4
15,"Aleatoria","C",5,1300,9,11,0.55
15,"Aleatoria","C",5,1350,5,15,0.75
15,"Aleatoria","C",5,1400,1,19,0.95
15,"Aleatoria","C",5,1450,2,18,0.9
15,"Aleatoria","C",5,1500,3,17,0.85
15,"Aleatoria","C",5,1550,2,18,0.9
15,"Aleatoria","C",5,1600,1,19,0.95
15,"Bloque","C",3,1200,18,2,0.1
15,"Bloque","C",3,1250,12,8,0.4
15,"Bloque","C",3,1300,19,1,0.05
15,"Bloque","C",3,1350,12,8,0.4
15,"Bloque","C",3,1400,8,12,0.6
15,"Bloque","C",3,1450,7,13,0.65
15,"Bloque","C",3,1500,6,14,0.7
15,"Bloque","C",3,1550,7,13,0.65
15,"Bloque","C",3,1600,2,18,0.9
15,"Bloque","C",4,1200,17,3,0.15
15,"Bloque","C",4,1250,16,4,0.2
15,"Bloque","C",4,1300,13,7,0.35
15,"Bloque","C",4,1350,9,11,0.55
15,"Bloque","C",4,1400,3,17,0.85
15,"Bloque","C",4,1450,3,17,0.85
15,"Bloque","C",4,1500,4,16,0.8
15,"Bloque","C",4,1550,0,20,1
15,"Bloque","C",4,1600,3,17,0.85
15,"Bloque","C",5,1200,19,1,0.05
15,"Bloque","C",5,1250,16,4,0.2
15,"Bloque","C",5,1300,13,7,0.35
15,"Bloque","C",5,1350,6,14,0.7
15,"Bloque","C",5,1400,5,15,0.75
15,"Bloque","C",5,1450,8,12,0.6
15,"Bloque","C",5,1500,7,13,0.65
15,"Bloque","C",5,1550,9,11,0.55
15,"Bloque","C",5,1600,7,13,0.65
16,"Aleatoria","A",3,1550,19,1,0.05
16,"Aleatoria","A",3,1600,19,1,0.05
16,"Aleatoria","A",3,1650,16,4,0.2
16,"Aleatoria","A",3,1700,13,7,0.35
16,"Aleatoria","A",3,1750,10,10,0.5
16,"Aleatoria","A",3,1800,7,13,0.65
16,"Aleatoria","A",3,1850,3,17,0.85
16,"Aleatoria","A",3,1900,0,20,1
16,"Aleatoria","A",3,1950,0,20,1
16,"Aleatoria","A",4,1550,17,3,0.15
16,"Aleatoria","A",4,1600,19,1,0.05
16,"Aleatoria","A",4,1650,18,2,0.1
16,"Aleatoria","A",4,1700,12,8,0.4
16,"Aleatoria","A",4,1750,6,14,0.7
16,"Aleatoria","A",4,1800,3,17,0.85
16,"Aleatoria","A",4,1850,0,20,1
16,"Aleatoria","A",4,1900,0,20,1
16,"Aleatoria","A",4,1950,1,19,0.95
16,"Aleatoria","A",5,1550,19,1,0.05
16,"Aleatoria","A",5,1600,19,1,0.05
16,"Aleatoria","A",5,1650,15,5,0.25
16,"Aleatoria","A",5,1700,15,5,0.25
16,"Aleatoria","A",5,1750,8,12,0.6
16,"Aleatoria","A",5,1800,4,16,0.8
16,"Aleatoria","A",5,1850,2,18,0.9
16,"Aleatoria","A",5,1900,1,19,0.95
16,"Aleatoria","A",5,1950,0,20,1
16,"Bloque","A",3,1550,20,0,0
16,"Bloque","A",3,1600,19,1,0.05
16,"Bloque","A",3,1650,18,2,0.1
16,"Bloque","A",3,1700,14,6,0.3
16,"Bloque","A",3,1750,11,9,0.45
16,"Bloque","A",3,1800,4,16,0.8
16,"Bloque","A",3,1850,2,18,0.9
16,"Bloque","A",3,1900,1,19,0.95
16,"Bloque","A",3,1950,1,19,0.95
16,"Bloque","A",4,1550,19,1,0.05
16,"Bloque","A",4,1600,19,1,0.05
16,"Bloque","A",4,1650,20,0,0
16,"Bloque","A",4,1700,17,3,0.15
16,"Bloque","A",4,1750,9,11,0.55
16,"Bloque","A",4,1800,6,14,0.7
16,"Bloque","A",4,1850,3,17,0.85
16,"Bloque","A",4,1900,0,20,1
16,"Bloque","A",4,1950,0,20,1
16,"Bloque","A",5,1550,20,0,0
16,"Bloque","A",5,1600,18,2,0.1
16,"Bloque","A",5,1650,18,2,0.1
16,"Bloque","A",5,1700,14,6,0.3
16,"Bloque","A",5,1750,11,9,0.45
16,"Bloque","A",5,1800,7,13,0.65
16,"Bloque","A",5,1850,2,18,0.9
16,"Bloque","A",5,1900,0,20,1
16,"Bloque","A",5,1950,2,18,0.9
16,"Aleatoria","B",3,900,17,3,0.15
16,"Aleatoria","B",3,937,15,5,0.25
16,"Aleatoria","B",3,975,13,7,0.35
16,"Aleatoria","B",3,1012,9,11,0.55
16,"Aleatoria","B",3,1050,7,13,0.65
16,"Aleatoria","B",3,1088,5,15,0.75
16,"Aleatoria","B",3,1125,7,13,0.65
16,"Aleatoria","B",3,1163,8,12,0.6
16,"Aleatoria","B",3,1200,1,19,0.95
16,"Aleatoria","B",4,900,19,1,0.05
16,"Aleatoria","B",4,937,18,2,0.1
16,"Aleatoria","B",4,975,15,5,0.25
16,"Aleatoria","B",4,1012,10,10,0.5
16,"Aleatoria","B",4,1050,8,12,0.6
16,"Aleatoria","B",4,1088,11,9,0.45
16,"Aleatoria","B",4,1125,8,12,0.6
16,"Aleatoria","B",4,1163,2,18,0.9
16,"Aleatoria","B",4,1200,0,20,1
16,"Aleatoria","B",5,900,19,1,0.05
16,"Aleatoria","B",5,937,17,3,0.15
16,"Aleatoria","B",5,975,18,2,0.1
16,"Aleatoria","B",5,1012,13,7,0.35
16,"Aleatoria","B",5,1050,14,6,0.3
16,"Aleatoria","B",5,1088,15,5,0.25
16,"Aleatoria","B",5,1125,8,12,0.6
16,"Aleatoria","B",5,1163,4,16,0.8
16,"Aleatoria","B",5,1200,3,17,0.85
16,"Bloque","B",3,900,18,2,0.1
16,"Bloque","B",3,937,19,1,0.05
16,"Bloque","B",3,975,16,4,0.2
16,"Bloque","B",3,1012,11,9,0.45
16,"Bloque","B",3,1050,11,9,0.45
16,"Bloque","B",3,1088,10,10,0.5
16,"Bloque","B",3,1125,1,19,0.95
16,"Bloque","B",3,1163,2,18,0.9
16,"Bloque","B",3,1200,2,18,0.9
16,"Bloque","B",4,900,19,1,0.05
16,"Bloque","B",4,937,18,2,0.1
16,"Bloque","B",4,975,16,4,0.2
16,"Bloque","B",4,1012,13,7,0.35
16,"Bloque","B",4,1050,12,8,0.4
16,"Bloque","B",4,1088,5,15,0.75
16,"Bloque","B",4,1125,1,19,0.95
16,"Bloque","B",4,1163,0,20,1
16,"Bloque","B",4,1200,0,20,1
16,"Bloque","B",5,900,19,1,0.05
16,"Bloque","B",5,937,20,0,0
16,"Bloque","B",5,975,20,0,0
16,"Bloque","B",5,1012,19,1,0.05
16,"Bloque","B",5,1050,16,4,0.2
16,"Bloque","B",5,1088,8,12,0.6
16,"Bloque","B",5,1125,5,15,0.75
16,"Bloque","B",5,1163,0,20,1
16,"Bloque","B",5,1200,1,19,0.95
16,"Aleatoria","C",3,1200,18,2,0.1
16,"Aleatoria","C",3,1250,17,3,0.15
16,"Aleatoria","C",3,1300,19,1,0.05
16,"Aleatoria","C",3,1350,12,8,0.4
16,"Aleatoria","C",3,1400,10,10,0.5
16,"Aleatoria","C",3,1450,8,12,0.6
16,"Aleatoria","C",3,1500,6,14,0.7
16,"Aleatoria","C",3,1550,4,16,0.8
16,"Aleatoria","C",3,1600,2,18,0.9
16,"Aleatoria","C",4,1200,19,1,0.05
16,"Aleatoria","C",4,1250,15,5,0.25
16,"Aleatoria","C",4,1300,15,5,0.25
16,"Aleatoria","C",4,1350,9,11,0.55
16,"Aleatoria","C",4,1400,14,6,0.3
16,"Aleatoria","C",4,1450,6,14,0.7
16,"Aleatoria","C",4,1500,4,16,0.8
16,"Aleatoria","C",4,1550,2,18,0.9
16,"Aleatoria","C",4,1600,0,20,1
16,"Aleatoria","C",5,1200,18,2,0.1
16,"Aleatoria","C",5,1250,19,1,0.05
16,"Aleatoria","C",5,1300,20,0,0
16,"Aleatoria","C",5,1350,16,4,0.2
16,"Aleatoria","C",5,1400,14,6,0.3
16,"Aleatoria","C",5,1450,8,12,0.6
16,"Aleatoria","C",5,1500,2,18,0.9
16,"Aleatoria","C",5,1550,3,17,0.85
16,"Aleatoria","C",5,1600,1,19,0.95
16,"Bloque","C",3,1200,17,3,0.15
16,"Bloque","C",3,1250,12,8,0.4
16,"Bloque","C",3,1300,16,4,0.2
16,"Bloque","C",3,1350,8,12,0.6
16,"Bloque","C",3,1400,9,11,0.55
16,"Bloque","C",3,1450,4,16,0.8
16,"Bloque","C",3,1500,3,17,0.85
16,"Bloque","C",3,1550,2,18,0.9
16,"Bloque","C",3,1600,1,19,0.95
16,"Bloque","C",4,1200,19,1,0.05
16,"Bloque","C",4,1250,16,4,0.2
16,"Bloque","C",4,1300,15,5,0.25
16,"Bloque","C",4,1350,13,7,0.35
16,"Bloque","C",4,1400,9,11,0.55
16,"Bloque","C",4,1450,3,17,0.85
16,"Bloque","C",4,1500,2,18,0.9
16,"Bloque","C",4,1550,0,20,1
16,"Bloque","C",4,1600,1,19,0.95
16,"Bloque","C",5,1200,19,1,0.05
16,"Bloque","C",5,1250,20,0,0
16,"Bloque","C",5,1300,16,4,0.2
16,"Bloque","C",5,1350,15,5,0.25
16,"Bloque","C",5,1400,12,8,0.4
16,"Bloque","C",5,1450,5,15,0.75
16,"Bloque","C",5,1500,2,18,0.9
16,"Bloque","C",5,1550,0,20,1
16,"Bloque","C",5,1600,1,19,0.95
17,"Aleatoria","A",3,1550,20,0,0
17,"Aleatoria","A",3,1600,20,0,0
17,"Aleatoria","A",3,1650,18,2,0.1
17,"Aleatoria","A",3,1700,11,9,0.45
17,"Aleatoria","A",3,1750,12,8,0.4
17,"Aleatoria","A",3,1800,7,13,0.65
17,"Aleatoria","A",3,1850,7,13,0.65
17,"Aleatoria","A",3,1900,2,18,0.9
17,"Aleatoria","A",3,1950,0,20,1
17,"Aleatoria","A",4,1550,20,0,0
17,"Aleatoria","A",4,1600,20,0,0
17,"Aleatoria","A",4,1650,20,0,0
17,"Aleatoria","A",4,1700,16,4,0.2
17,"Aleatoria","A",4,1750,12,8,0.4
17,"Aleatoria","A",4,1800,8,12,0.6
17,"Aleatoria","A",4,1850,1,19,0.95
17,"Aleatoria","A",4,1900,0,20,1
17,"Aleatoria","A",4,1950,0,20,1
17,"Aleatoria","A",5,1550,20,0,0
17,"Aleatoria","A",5,1600,20,0,0
17,"Aleatoria","A",5,1650,20,0,0
17,"Aleatoria","A",5,1700,15,5,0.25
17,"Aleatoria","A",5,1750,9,11,0.55
17,"Aleatoria","A",5,1800,8,12,0.6
17,"Aleatoria","A",5,1850,0,20,1
17,"Aleatoria","A",5,1900,0,20,1
17,"Aleatoria","A",5,1950,1,19,0.95
17,"Bloque","A",3,1550,20,0,0
17,"Bloque","A",3,1600,20,0,0
17,"Bloque","A",3,1650,16,4,0.2
17,"Bloque","A",3,1700,17,3,0.15
17,"Bloque","A",3,1750,16,4,0.2
17,"Bloque","A",3,1800,3,17,0.85
17,"Bloque","A",3,1850,1,19,0.95
17,"Bloque","A",3,1900,1,19,0.95
17,"Bloque","A",3,1950,0,20,1
17,"Bloque","A",4,1550,19,1,0.05
17,"Bloque","A",4,1600,19,1,0.05
17,"Bloque","A",4,1650,18,2,0.1
17,"Bloque","A",4,1700,14,6,0.3
17,"Bloque","A",4,1750,9,11,0.55
17,"Bloque","A",4,1800,5,15,0.75
17,"Bloque","A",4,1850,1,19,0.95
17,"Bloque","A",4,1900,0,20,1
17,"Bloque","A",4,1950,0,20,1
17,"Bloque","A",5,1550,20,0,0
17,"Bloque","A",5,1600,18,2,0.1
17,"Bloque","A",5,1650,18,2,0.1
17,"Bloque","A",5,1700,14,6,0.3
17,"Bloque","A",5,1750,10,10,0.5
17,"Bloque","A",5,1800,7,13,0.65
17,"Bloque","A",5,1850,1,19,0.95
17,"Bloque","A",5,1900,0,20,1
17,"Bloque","A",5,1950,0,20,1
17,"Aleatoria","B",3,900,20,0,0
17,"Aleatoria","B",3,937,20,0,0
17,"Aleatoria","B",3,975,18,2,0.1
17,"Aleatoria","B",3,1012,14,6,0.3
17,"Aleatoria","B",3,1050,12,8,0.4
17,"Aleatoria","B",3,1088,11,9,0.45
17,"Aleatoria","B",3,1125,1,19,0.95
17,"Aleatoria","B",3,1163,2,18,0.9
17,"Aleatoria","B",3,1200,2,18,0.9
17,"Aleatoria","B",4,900,20,0,0
17,"Aleatoria","B",4,937,20,0,0
17,"Aleatoria","B",4,975,19,1,0.05
17,"Aleatoria","B",4,1012,17,3,0.15
17,"Aleatoria","B",4,1050,9,11,0.55
17,"Aleatoria","B",4,1088,12,8,0.4
17,"Aleatoria","B",4,1125,1,19,0.95
17,"Aleatoria","B",4,1163,0,20,1
17,"Aleatoria","B",4,1200,1,19,0.95
17,"Aleatoria","B",5,900,20,0,0
17,"Aleatoria","B",5,937,20,0,0
17,"Aleatoria","B",5,975,18,2,0.1
17,"Aleatoria","B",5,1012,17,3,0.15
17,"Aleatoria","B",5,1050,13,7,0.35
17,"Aleatoria","B",5,1088,7,13,0.65
17,"Aleatoria","B",5,1125,4,16,0.8
17,"Aleatoria","B",5,1163,0,20,1
17,"Aleatoria","B",5,1200,0,20,1
17,"Bloque","B",3,900,20,0,0
17,"Bloque","B",3,937,20,0,0
17,"Bloque","B",3,975,19,1,0.05
17,"Bloque","B",3,1012,14,6,0.3
17,"Bloque","B",3,1050,11,9,0.45
17,"Bloque","B",3,1088,6,14,0.7
17,"Bloque","B",3,1125,4,16,0.8
17,"Bloque","B",3,1163,0,20,1
17,"Bloque","B",3,1200,0,20,1
17,"Bloque","B",4,900,20,0,0
17,"Bloque","B",4,937,20,0,0
17,"Bloque","B",4,975,20,0,0
17,"Bloque","B",4,1012,17,3,0.15
17,"Bloque","B",4,1050,8,12,0.6
17,"Bloque","B",4,1088,8,12,0.6
17,"Bloque","B",4,1125,1,19,0.95
17,"Bloque","B",4,1163,0,20,1
17,"Bloque","B",4,1200,1,19,0.95
17,"Bloque","B",5,900,20,0,0
17,"Bloque","B",5,937,20,0,0
17,"Bloque","B",5,975,19,1,0.05
17,"Bloque","B",5,1012,18,2,0.1
17,"Bloque","B",5,1050,9,11,0.55
17,"Bloque","B",5,1088,3,17,0.85
17,"Bloque","B",5,1125,0,20,1
17,"Bloque","B",5,1163,0,20,1
17,"Bloque","B",5,1200,0,20,1
17,"Aleatoria","C",3,1200,19,1,0.05
17,"Aleatoria","C",3,1250,19,1,0.05
17,"Aleatoria","C",3,1300,20,0,0
17,"Aleatoria","C",3,1350,14,6,0.3
17,"Aleatoria","C",3,1400,16,4,0.2
17,"Aleatoria","C",3,1450,12,8,0.4
17,"Aleatoria","C",3,1500,7,13,0.65
17,"Aleatoria","C",3,1550,2,18,0.9
17,"Aleatoria","C",3,1600,1,19,0.95
17,"Aleatoria","C",4,1200,20,0,0
17,"Aleatoria","C",4,1250,20,0,0
17,"Aleatoria","C",4,1300,20,0,0
17,"Aleatoria","C",4,1350,16,4,0.2
17,"Aleatoria","C",4,1400,15,5,0.25
17,"Aleatoria","C",4,1450,6,14,0.7
17,"Aleatoria","C",4,1500,2,18,0.9
17,"Aleatoria","C",4,1550,0,20,1
17,"Aleatoria","C",4,1600,0,20,1
17,"Aleatoria","C",5,1200,19,1,0.05
17,"Aleatoria","C",5,1250,20,0,0
17,"Aleatoria","C",5,1300,20,0,0
17,"Aleatoria","C",5,1350,17,3,0.15
17,"Aleatoria","C",5,1400,16,4,0.2
17,"Aleatoria","C",5,1450,10,10,0.5
17,"Aleatoria","C",5,1500,1,19,0.95
17,"Aleatoria","C",5,1550,0,20,1
17,"Aleatoria","C",5,1600,0,20,1
17,"Bloque","C",3,1200,18,2,0.1
17,"Bloque","C",3,1250,18,2,0.1
17,"Bloque","C",3,1300,16,4,0.2
17,"Bloque","C",3,1350,7,13,0.65
17,"Bloque","C",3,1400,5,15,0.75
17,"Bloque","C",3,1450,4,16,0.8
17,"Bloque","C",3,1500,1,19,0.95
17,"Bloque","C",3,1550,3,17,0.85
17,"Bloque","C",3,1600,3,17,0.85
17,"Bloque","C",4,1200,19,1,0.05
17,"Bloque","C",4,1250,20,0,0
17,"Bloque","C",4,1300,18,2,0.1
17,"Bloque","C",4,1350,11,9,0.45
17,"Bloque","C",4,1400,8,12,0.6
17,"Bloque","C",4,1450,5,15,0.75
17,"Bloque","C",4,1500,3,17,0.85
17,"Bloque","C",4,1550,3,17,0.85
17,"Bloque","C",4,1600,1,19,0.95
17,"Bloque","C",5,1200,20,0,0
17,"Bloque","C",5,1250,19,1,0.05
17,"Bloque","C",5,1300,18,2,0.1
17,"Bloque","C",5,1350,16,4,0.2
17,"Bloque","C",5,1400,10,10,0.5
17,"Bloque","C",5,1450,3,17,0.85
17,"Bloque","C",5,1500,2,18,0.9
17,"Bloque","C",5,1550,3,17,0.85
17,"Bloque","C",5,1600,1,19,0.95
