ID,Ag1,Ag2,Ag3,Ag4,Ag5,Ag6,Ag7,Ag8,Ag9,Ag10,Ag11,Ag12,Ag13,Ag14,Ag15,Ag16,Ag17,Ag18,Ag19,Ag20,Ag21,Ag22,Ag23,Ag24A,Ag24B,Ag24C,Ag24D,Ag24E,Ag25,Ag26,Ag27,Ag28,Ag29,Ag30,Ag31,Ag32,Ag33,Ag34,Ag35,Ag36,Ag37,Ag38,Ag39,Ag40,Ag41,Ag42,Ag43,Ag44,Ag45,Ag46,Ag47,Ag48,Ag49,Ag50,Ag51,Ag52,Ag53,Ag54,Ag55,Ag56
1,B,B,D,C,B,A,D,A,A,B,B,B,B,B,C,C,A,D,D,B,B,C,C,A,,,,,D,D,E,C,E,A,D,B,C,A,B,B,A,A,D,D,D,D,D,D,D,D,D,D,C,C,D,D,D,C,D,D
2,A,D,A,B,B,A,D,B,A,C,A,B,A,A,B,B,C,B,D,B,A,B,C,,,,,E,D,D,D,C,D,A,A,A,A,A,A,A,A,A,D,D,D,D,D,D,D,D,D,D,C,C,D,D,D,C,D,D
3,A,C,C,B,A,A,C,A,A,A,A,A,A,A,D,C,B,B,D,B,A,A,C,,,,,E,B,B,D,C,D,B,D,D,C,A,D,B,A,D,D,D,D,D,D,D,D,D,D,D,B,D,D,D,D,B,C,D
4,B,B,A,B,A,A,D,A,D,A,C,D,A,D,D,D,E,A,D,A,A,D,D,A,,,,,D,D,E,D,E,A,A,A,D,A,B,A,A,A,D,D,D,D,D,D,D,D,D,D,D,C,D,D,D,D,D,D
5,D,B,B,B,A,A,D,A,A,A,A,A,A,A,B,C,A,B,D,C,C,D,D,,,,,E,D,D,E,C,E,C,C,C,C,C,C,C,A,C,D,D,D,D,D,D,D,D,B,D,A,A,C,C,D,B,B,C
6,A,B,A,B,B,A,D,A,A,A,A,C,A,A,D,D,D,E,D,A,B,D,D,A,,,,,D,D,E,D,E,D,D,D,D,D,D,D,C,D,D,D,D,D,D,D,D,D,D,D,C,D,D,D,D,D,D,D
7,C,B,A,B,B,B,C,B,B,C,B,B,B,B,D,D,E,E,C,B,C,C,D,A,,,,,D,D,E,D,E,B,C,B,C,C,B,B,B,B,D,D,D,D,D,D,D,D,D,D,C,C,C,C,D,D,D,D
8,D,A,A,B,C,A,D,A,A,A,A,B,B,A,C,D,E,E,D,A,B,D,D,A,,,,,D,D,E,D,E,D,D,D,D,D,D,C,A,A,D,D,D,D,D,D,D,D,D,D,D,C,D,C,C,D,D,D
9,A,D,A,B,A,C,D,A,B,C,A,B,A,B,B,C,B,D,D,A,A,D,C,,,,,E,D,D,D,D,D,A,D,A,C,D,A,D,A,B,D,D,C,D,D,C,D,D,D,D,C,A,D,D,D,A,B,D
10,D,B,B,C,C,A,D,A,A,B,A,A,B,A,C,C,C,E,D,A,B,D,D,A,,,,,D,D,E,D,E,C,D,C,C,D,C,C,B,B,D,D,D,D,D,D,D,D,D,D,D,C,D,D,D,D,D,D
11,C,B,B,B,C,A,B,A,A,A,A,A,A,A,C,C,E,E,C,A,A,C,D,A,,,,,D,D,D,D,D,C,C,C,C,C,C,C,B,C,D,D,D,D,D,D,D,D,D,D,D,D,B,D,D,D,D,D
12,D,B,B,B,B,A,C,A,A,A,A,A,A,A,D,A,E,E,D,A,D,D,D,A,,,,,D,D,E,D,E,A,A,A,A,A,A,A,A,A,D,D,D,D,D,D,D,D,D,D,D,C,D,D,D,D,D,D
13,C,B,B,B,B,A,D,B,A,B,B,B,B,A,C,C,B,E,D,B,B,C,D,,,,,E,D,D,E,D,E,A,B,B,B,A,A,B,A,A,D,D,D,D,D,D,D,D,C,D,C,D,D,D,D,D,D,D
14,C,B,A,C,B,A,C,A,A,A,A,A,A,A,B,C,B,D,D,A,A,D,D,A,,,,,D,D,E,D,E,A,C,A,A,A,A,A,A,A,D,D,C,C,D,C,D,D,B,D,C,B,D,C,D,D,D,D
15,D,B,C,B,D,A,C,B,C,C,B,B,C,B,C,B,B,A,D,B,B,D,D,A,,,,,D,D,E,D,E,C,C,C,B,C,B,C,A,C,C,D,D,C,D,D,D,D,D,D,C,D,A,D,C,D,C,D
17,C,B,A,B,A,A,C,A,A,A,A,B,A,B,B,C,B,B,C,A,D,D,C,,,,,E,D,D,E,D,E,B,D,C,B,D,C,C,A,B,B,D,B,C,D,B,D,D,B,D,C,B,C,C,D,D,D,C
18,D,B,A,B,C,B,D,A,A,A,A,B,A,A,C,C,C,A,D,A,A,C,D,A,,,,,D,D,D,D,D,C,C,C,B,C,C,C,B,C,D,D,D,D,D,D,D,D,D,D,D,C,D,D,D,D,D,D
19,C,D,A,B,B,B,C,A,B,A,A,A,A,B,C,B,B,A,C,B,B,B,D,,,,,E,B,B,D,D,D,C,D,B,C,A,C,B,B,B,D,D,D,C,D,D,D,C,D,D,D,C,C,D,D,D,D,D
20,D,B,A,C,A,A,D,A,A,B,A,A,A,A,C,C,A,E,D,A,B,A,D,A,,,,,D,D,D,D,C,A,A,A,A,B,A,A,A,A,D,D,D,D,D,D,D,D,D,D,C,D,D,D,D,D,D,D
21,C,B,D,A,D,A,D,A,A,A,A,A,A,A,B,C,B,B,D,A,A,D,D,A,,,,,D,D,D,C,C,A,B,A,A,A,A,A,A,A,D,D,B,C,D,C,D,D,D,C,C,C,D,C,D,D,C,D
22,D,B,B,B,C,A,C,B,B,C,B,C,B,A,C,C,B,A,D,B,B,D,D,,,,,E,D,D,E,D,E,A,D,C,D,B,C,B,B,A,D,D,D,D,D,D,D,D,D,D,C,C,C,D,D,D,D,C
23,B,B,A,B,B,A,D,A,A,B,A,A,A,A,B,B,A,B,A,A,D,C,C,,,,,E,D,D,D,D,D,A,A,A,A,A,A,A,A,A,D,D,D,D,D,D,D,D,D,D,B,D,C,C,D,C,D,C
24,B,D,A,B,B,A,B,A,B,B,A,A,B,A,C,C,B,B,D,B,A,C,D,,,,,E,B,D,C,C,C,A,B,A,B,A,A,A,A,A,D,D,D,C,D,B,D,D,C,D,B,B,D,C,B,D,C,C
25,D,B,B,B,C,A,D,B,A,A,B,C,A,C,C,C,B,E,C,A,A,C,D,,,,,E,D,D,E,D,E,A,D,B,C,B,B,B,B,A,D,D,D,D,D,D,D,D,D,D,C,D,D,D,D,D,D,D
26,D,C,A,B,A,A,C,A,A,A,A,A,A,A,B,C,A,E,D,B,A,D,D,A,,,,,D,D,E,D,E,C,D,D,C,A,C,D,D,D,D,D,D,D,D,D,D,D,D,D,D,D,D,D,D,D,D,D
27,C,B,A,B,C,A,C,A,B,B,B,B,B,A,C,C,B,E,C,A,B,B,D,A,,,,,D,D,E,D,E,A,C,B,C,A,B,B,A,A,D,D,D,D,D,D,D,D,D,D,C,D,D,D,D,D,D,D
28,C,A,A,A,A,A,D,A,A,B,A,B,B,A,D,D,A,E,D,A,B,B,C,A,,,,,D,D,E,D,E,C,C,C,C,C,C,C,C,B,D,D,D,D,D,D,D,D,B,D,C,C,C,C,D,D,D,D
29,B,D,B,B,A,A,C,A,A,A,B,A,A,A,B,B,A,E,A,B,B,D,B,,B,,D,E,B,D,E,C,E,B,D,C,A,B,B,B,A,A,C,D,C,B,D,B,A,D,A,C,A,A,A,B,C,D,D,C
30,C,A,B,B,D,A,D,A,A,C,B,B,B,B,D,C,B,B,A,A,B,B,D,A,,,,,D,D,C,D,D,A,D,D,B,A,B,B,A,B,D,D,D,D,D,D,D,D,D,C,B,B,C,C,D,D,D,C
31,A,B,A,B,B,B,B,B,A,B,C,C,A,B,C,C,C,D,C,A,A,C,D,,,,D,E,D,D,D,D,D,B,C,C,B,B,C,C,B,C,D,D,D,D,D,D,D,D,D,D,C,C,D,D,D,D,C,D
32,C,B,B,B,A,A,C,A,A,A,A,B,A,A,C,C,B,D,C,A,A,C,C,A,,,,,D,D,E,D,E,B,C,B,B,C,B,B,A,C,D,D,D,D,D,D,D,D,D,D,C,C,C,C,D,D,D,D
33,C,D,A,A,A,A,C,A,A,C,A,A,B,A,D,D,E,E,B,B,B,D,D,A,,,,,D,D,D,D,C,A,D,A,B,A,A,A,B,A,D,D,D,D,D,C,D,D,C,D,C,B,D,C,D,D,D,C
34,B,B,A,C,A,B,D,A,A,C,A,B,C,A,B,A,B,B,D,A,C,D,B,,,,,E,D,D,E,D,E,B,D,B,A,A,A,A,A,B,D,D,D,D,D,D,D,D,B,D,D,A,D,B,D,D,D,C
35,C,B,B,B,B,A,D,C,A,B,C,D,B,C,C,C,B,E,B,B,B,C,D,A,,,,,D,D,D,D,D,D,D,D,B,A,C,D,B,C,D,D,D,D,D,D,D,D,D,D,B,D,D,D,D,D,D,D
36,C,C,A,B,D,A,C,A,A,A,A,B,B,A,C,D,B,A,C,A,A,B,D,A,,,,,D,D,D,D,D,A,B,A,A,A,A,A,A,A,D,D,D,D,D,D,D,D,D,D,C,D,D,D,D,D,D,D
37,C,B,A,B,B,C,D,B,A,D,B,C,D,A,C,C,E,E,D,B,C,D,D,A,,,,,D,D,D,D,D,C,D,C,A,D,D,D,B,D,D,D,D,D,D,D,D,D,D,D,D,D,D,D,D,D,D,D
38,D,C,C,B,B,A,D,A,A,B,A,A,B,A,B,C,B,B,D,A,C,D,D,,,,,E,D,D,D,D,D,A,B,A,A,A,A,A,A,A,D,D,C,D,D,C,D,D,B,D,C,C,D,C,D,D,D,C
39,D,B,B,B,B,B,C,A,B,B,A,B,A,A,C,D,C,E,D,A,A,C,D,,,,,E,D,D,D,D,C,C,D,C,B,C,B,C,B,C,D,D,D,D,D,D,D,D,D,D,D,D,D,D,D,D,D,C
40,D,A,A,B,B,A,D,A,A,C,A,A,A,A,D,C,E,E,D,B,C,D,D,A,,,,,D,D,E,D,E,C,D,D,C,A,C,D,C,C,D,D,D,D,D,D,D,D,D,D,D,D,D,D,D,D,D,D
41,B,A,A,B,A,A,B,B,A,B,B,B,A,B,C,C,C,E,B,A,B,B,D,A,,,,,D,D,E,D,E,C,D,D,B,B,C,C,A,B,D,D,D,D,D,D,D,D,C,D,C,B,D,C,D,D,D,D
42,C,A,A,B,A,C,D,B,A,C,C,D,B,C,C,C,B,A,D,A,A,D,D,,,,,E,D,D,D,D,D,B,D,A,C,A,B,A,A,A,D,D,C,D,C,C,D,D,C,D,C,B,C,D,D,D,D,D
43,D,A,A,B,B,B,B,,B,B,B,,B,B,C,C,C,E,D,A,A,,,,,,,,D,D,E,D,E,C,D,D,D,C,B,D,C,C,D,D,D,D,D,D,D,D,D,D,D,C,C,D,D,D,D,D
44,C,C,B,C,B,A,D,A,A,A,A,A,A,A,B,B,A,B,D,B,B,C,B,,,,,E,D,D,C,D,D,A,D,A,A,A,A,A,A,A,D,D,C,D,D,C,D,D,A,D,B,A,C,B,D,C,D,C
45,D,A,A,B,A,A,D,A,A,A,A,A,A,A,D,D,E,E,D,A,A,D,D,A,,,,,D,D,D,D,D,A,A,A,A,A,A,A,A,A,D,D,D,D,D,D,D,D,D,D,D,D,D,D,D,D,D,D
46,D,A,A,C,B,A,D,A,A,C,B,B,A,A,D,D,E,E,D,A,B,A,D,A,,,,,D,D,E,D,E,D,D,D,D,D,D,D,C,D,D,D,D,D,D,D,D,D,D,D,D,D,D,D,D,D,D,D
47,D,B,A,B,B,B,D,B,B,B,B,B,B,C,C,C,C,E,C,B,B,C,C,A,,,,,D,D,E,D,E,C,C,C,C,C,C,C,C,C,D,D,D,D,D,D,D,D,D,D,C,C,D,D,D,D,D,D
48,B,C,A,C,B,A,C,A,A,B,B,B,B,B,C,B,B,D,D,C,B,D,C,,B,,,E,D,D,C,D,A,A,C,B,D,A,A,B,B,A,C,D,A,D,D,B,C,D,A,C,A,B,A,A,C,D,D,C
49,B,B,A,B,A,A,D,A,A,B,A,B,B,A,C,C,E,E,B,B,B,B,D,A,,,,,D,D,E,D,E,C,D,B,B,B,B,B,B,B,D,D,D,D,D,D,D,D,C,D,C,D,D,D,D,C,D,D
50,B,A,B,C,B,A,A,A,A,C,A,C,B,B,B,C,B,D,B,A,C,C,D,A,,,,,C,D,D,D,B,C,C,B,B,C,C,C,A,D,D,D,B,D,D,B,D,D,C,C,C,A,D,C,D,D,C,C
51,D,B,B,B,C,A,C,A,A,A,A,B,B,A,C,C,B,E,D,C,B,D,D,A,,,,,D,D,D,D,D,B,D,C,B,C,C,C,B,B,D,D,D,D,D,D,D,D,D,D,D,D,D,C,D,D,D,D
52,D,B,B,B,B,A,D,A,A,A,A,A,A,A,D,D,A,A,D,C,C,D,D,,,,,E,D,D,D,D,D,C,D,C,D,D,C,D,C,C,D,D,D,D,D,D,D,D,D,D,D,D,D,D,D,D,D,D
53,C,B,A,B,A,A,D,A,A,A,B,A,A,B,B,B,B,A,D,B,A,D,D,A,,,,,D,D,D,D,B,D,D,C,B,C,C,A,D,D,D,B,D,D,D,D,C,B,B,A,C,A,C,A,C,D,D,B
54,C,C,B,B,A,C,A,C,B,C,C,C,C,B,B,B,C,A,C,A,B,C,C,A,,,,,D,B,D,D,C,C,C,C,B,C,B,C,B,B,C,D,D,B,D,D,D,D,C,C,B,D,C,C,C,D,D,D
55,D,B,A,B,A,A,C,B,A,A,B,B,A,A,C,D,B,E,D,B,B,D,D,A,,,,,D,D,E,C,E,D,D,D,D,A,C,D,B,C,D,D,D,D,D,D,D,D,D,D,B,D,C,C,D,D,D,D
56,C,B,B,C,A,A,D,B,D,B,B,C,B,B,D,D,A,E,D,A,A,D,D,A,,,,,D,D,D,D,D,D,D,D,C,D,D,D,B,D,D,D,D,D,D,D,D,D,D,D,D,D,D,D,D,D,D,D
57,D,C,C,B,B,B,D,B,A,B,D,D,B,B,C,C,B,E,D,B,A,D,D,A,,,,,D,D,E,D,E,A,D,B,B,A,A,A,A,A,D,D,D,D,D,D,D,D,D,D,D,D,D,C,D,D,D,D
58,C,B,B,B,B,A,D,A,A,B,A,A,A,A,C,C,C,A,D,A,A,C,D,A,,,,,D,D,D,C,D,C,D,D,D,C,D,D,C,C,D,D,D,D,D,D,D,D,C,D,C,C,D,D,D,C,D,D
59,C,B,B,B,B,A,D,B,B,D,B,B,C,B,C,C,C,B,D,A,B,C,D,,,,,E,D,D,E,D,E,D,D,D,B,D,C,D,B,C,D,D,D,C,D,D,D,D,C,D,C,C,D,C,D,D,D,D
60,C,B,B,B,B,B,D,A,A,B,B,B,B,A,B,B,B,E,D,A,B,C,D,A,,,,,D,D,D,D,D,C,D,C,C,B,C,D,B,B,D,D,D,D,D,D,D,D,D,D,D,D,C,C,D,D,D,D
61,B,B,C,B,A,A,D,A,A,B,A,B,A,B,B,C,A,E,D,A,B,D,D,A,,,,,D,D,D,D,D,A,A,A,C,A,A,A,B,A,D,D,D,D,D,D,D,D,D,D,C,B,D,C,D,D,A,D
62,C,B,B,B,D,A,D,A,B,D,C,D,D,B,D,D,E,E,D,A,A,D,D,,,,,E,D,D,E,D,E,A,A,A,D,D,A,D,D,A,D,D,D,D,D,D,D,D,D,D,B,D,D,D,D,D,D,D
63,B,B,A,B,C,A,D,A,A,B,A,B,B,B,D,D,E,E,D,A,B,C,D,A,,,,,C,D,E,D,E,D,C,D,B,B,D,C,D,D,C,D,D,C,C,D,D,C,D,D,D,D,D,C,D,D,C,D
64,B,A,A,B,B,A,C,A,A,B,B,C,B,B,B,C,B,B,D,A,D,D,C,,,,,E,C,D,D,D,C,B,D,B,B,A,B,A,A,A,D,D,C,C,D,C,D,D,D,C,B,C,B,C,D,D,C,D
65,C,B,B,B,B,A,C,A,B,B,B,B,B,B,C,C,C,B,C,B,B,D,D,A,,,,,D,D,E,C,E,C,C,C,B,B,C,C,A,B,D,D,D,D,D,D,D,D,D,D,C,D,C,D,D,D,D,D
66,D,B,A,C,B,A,C,B,B,A,B,B,A,A,D,D,E,E,D,B,B,D,D,A,,,,,D,D,E,D,E,A,C,B,B,A,B,B,A,A,D,D,D,D,D,D,D,D,D,D,B,C,C,C,D,D,D,D
67,C,A,A,B,D,A,C,B,A,B,B,C,B,B,D,D,B,E,D,A,B,B,D,,,,,E,D,D,E,D,E,A,D,B,C,A,B,B,A,A,D,D,D,D,D,D,D,D,D,D,D,D,D,D,D,D,D,D
68,C,B,A,B,C,A,D,A,B,B,A,A,B,A,D,C,D,E,D,A,A,C,D,A,,,,,D,D,D,D,D,A,D,A,A,A,A,A,A,A,D,D,C,D,D,C,D,D,D,D,C,C,C,D,D,D,D,D
69,C,B,A,B,C,A,D,A,A,A,A,A,A,A,C,C,B,A,C,A,B,D,D,A,,,,,D,D,E,D,E,A,D,B,B,B,A,A,A,A,D,D,D,D,D,D,D,D,D,D,C,C,D,B,D,D,D,D
70,C,B,A,C,C,C,D,D,C,D,D,D,D,D,C,C,A,E,D,A,A,D,D,,,,,E,D,D,D,D,D,D,D,D,D,B,D,D,B,D,D,D,D,D,D,D,D,D,D,D,D,D,C,D,D,C,D,D
71,B,B,A,B,A,C,D,B,A,C,B,B,A,C,C,D,B,E,D,A,B,C,D,,,,,E,D,D,D,D,C,A,C,A,D,B,A,A,B,A,D,D,B,D,D,B,D,D,D,C,C,C,D,D,D,D,D,D
72,D,C,B,B,B,A,D,A,A,A,A,A,A,A,C,B,A,A,D,A,A,A,D,A,,,,,D,D,D,C,D,A,C,A,A,A,C,A,A,A,D,D,C,D,D,D,D,D,D,D,C,C,C,C,D,C,D,C
73,C,A,A,B,A,A,C,B,B,B,A,B,B,A,D,D,B,B,D,A,D,C,D,A,,,,,C,D,E,D,E,A,D,D,C,A,A,D,B,A,D,D,D,C,D,D,D,D,C,D,A,B,A,C,D,D,D,D
74,C,B,B,C,A,B,C,A,A,C,A,A,C,B,B,B,A,D,D,B,B,C,D,,,,,E,C,D,D,D,D,C,C,C,A,A,B,C,A,A,D,D,D,B,D,D,D,D,B,C,B,D,C,C,D,D,D,D
75,C,B,A,B,B,A,D,A,A,A,A,A,A,A,B,B,A,B,C,A,B,B,C,,,,,E,D,D,E,D,E,A,D,A,A,A,A,A,A,A,D,D,D,D,D,D,D,D,C,D,B,B,C,B,D,D,D,D
76,C,B,B,C,D,A,D,B,B,C,B,B,D,A,C,C,B,B,D,B,A,C,C,,,,,E,D,D,D,D,C,A,B,B,A,A,B,B,B,A,C,D,C,D,D,C,D,D,D,D,C,B,D,C,D,D,D,C
77,C,B,B,C,B,B,C,B,A,C,C,B,B,B,C,C,B,D,C,B,B,D,D,,,,,E,C,D,E,D,E,D,D,C,D,A,C,C,C,B,C,D,D,C,D,B,D,C,D,D,C,C,C,C,D,C,C,D
78,C,B,A,B,A,A,B,B,A,A,A,B,B,A,C,B,B,E,B,A,A,C,C,,,,,E,D,D,C,D,C,B,C,C,B,A,B,B,A,B,D,D,D,C,D,D,D,D,D,D,C,B,C,D,C,D,D,C
79,D,B,A,B,C,B,D,C,B,B,C,C,B,B,C,D,A,A,D,D,D,D,D,A,,,,,D,D,E,D,E,B,D,C,B,B,C,C,B,B,D,D,D,D,D,D,D,D,C,D,D,D,D,D,D,D,D,D
80,B,B,B,B,A,A,D,A,A,A,A,A,A,A,C,C,B,D,B,A,A,B,D,A,,,,,B,D,E,D,E,A,D,C,B,A,A,A,A,A,D,D,D,D,D,D,D,D,D,D,C,C,C,C,D,D,D,D
81,D,B,A,B,B,A,D,A,A,C,B,B,A,A,C,D,C,E,D,A,B,D,D,A,,,,,D,D,E,D,E,C,D,B,C,C,C,D,A,B,D,D,D,C,D,C,D,D,D,D,C,D,D,C,D,D,D,D
82,C,B,B,B,B,B,B,A,A,C,B,C,B,B,C,C,C,D,C,B,B,D,D,,,,,E,D,D,E,C,E,B,D,D,C,D,B,D,B,D,D,D,D,D,D,D,D,D,D,D,C,C,C,D,D,D,D,D
83,A,B,A,B,A,A,C,B,A,B,B,C,A,C,C,C,B,B,D,B,B,D,C,,,,,E,B,D,E,C,E,C,C,C,C,C,C,C,C,C,B,B,D,C,D,C,D,D,D,D,B,A,A,B,D,B,D,C
84,C,A,A,A,A,D,D,C,D,D,C,C,A,A,D,D,A,D,D,A,A,D,D,A,,,,,D,D,E,D,E,B,C,C,C,A,D,D,D,D,D,D,D,D,D,D,D,D,D,D,C,C,D,D,A,D,D,D
85,B,B,A,C,C,C,B,D,B,D,D,D,C,D,C,C,D,D,C,B,C,D,B,,,,,E,D,D,E,D,E,D,C,D,B,D,D,D,D,D,D,D,C,D,D,C,D,D,C,D,D,D,D,D,C,D,D,D
86,C,C,A,C,C,A,D,A,A,B,A,A,A,B,C,C,E,A,D,C,A,C,D,A,,,,,D,D,C,D,D,B,D,B,B,B,B,B,B,B,D,D,D,D,D,D,D,D,D,D,A,B,D,B,D,D,B,C
87,B,B,B,B,C,A,A,A,A,B,A,A,A,A,C,C,A,B,D,B,A,D,C,,B,,,E,D,D,D,C,D,C,C,C,B,B,C,B,A,C,D,D,D,D,C,D,D,D,C,C,A,B,D,C,C,B,C,D
88,C,B,B,B,B,A,C,B,A,B,A,B,B,B,C,C,C,E,D,A,A,D,D,A,,,,,D,D,E,D,E,C,D,C,B,B,C,C,B,B,D,D,D,D,D,D,D,D,D,D,D,C,D,D,D,C,D,D
89,C,D,D,C,C,C,D,D,A,D,A,A,B,A,A,B,B,D,D,A,A,D,D,A,,,,,D,D,E,D,E,A,C,B,B,A,A,A,A,A,D,D,D,D,D,D,D,D,C,D,B,C,C,D,D,D,D,D
90,D,B,B,B,C,A,D,A,B,A,A,A,A,A,D,D,A,A,A,A,A,B,D,A,,,,,D,D,D,D,D,D,D,D,D,D,D,D,B,D,D,D,D,D,D,D,D,D,D,D,D,D,D,D,D,D,D,D
91,C,B,A,B,C,A,C,B,B,A,A,A,B,A,C,D,B,B,D,A,B,B,D,A,,,,,D,D,C,D,D,C,D,B,C,A,B,B,B,B,D,D,D,D,D,D,D,D,D,D,C,C,D,C,D,D,D,D
92,B,B,A,C,B,A,D,A,A,B,A,A,A,A,C,B,B,D,D,A,C,D,C,A,,,,,D,B,E,D,E,A,D,A,A,A,A,A,A,B,C,D,D,C,D,C,D,D,C,D,B,B,B,B,C,D,D,D
93,B,A,A,B,A,A,C,A,A,A,A,C,A,A,A,B,B,B,D,A,B,C,C,,,,,E,D,B,E,D,E,A,B,B,C,B,A,B,B,A,D,D,D,C,D,D,D,D,B,D,B,B,C,A,C,D,D,D
94,C,B,B,C,B,A,D,B,A,B,B,C,B,B,C,C,B,E,D,A,B,C,D,A,,,,,D,D,D,D,D,B,D,B,B,C,B,B,C,B,D,D,D,D,D,D,D,D,D,D,C,D,D,C,D,D,D,C
95,D,B,C,C,C,A,B,A,C,B,A,A,A,A,D,C,B,E,A,D,D,A,D,A,,,,,D,D,D,D,D,C,C,C,C,C,C,C,C,C,D,D,D,D,D,D,D,D,D,D,D,D,D,D,D,D,D,D
96,C,B,D,B,A,A,D,C,B,B,B,B,A,B,C,C,C,E,D,A,B,C,C,A,,,,,D,D,D,B,D,A,A,A,A,A,A,A,A,A,D,D,D,D,D,D,D,D,D,D,C,B,C,D,D,D,D,D
98,D,C,B,B,B,A,C,A,A,B,B,B,B,B,B,C,C,D,D,A,A,D,D,A,,,,,D,D,D,D,D,B,B,B,A,B,B,B,B,B,D,D,D,D,D,D,D,D,D,D,C,C,D,D,D,C,D,D
99,B,A,A,A,A,A,C,B,A,B,B,C,A,B,C,B,B,B,D,A,B,D,D,A,,,,,D,D,E,D,B,B,B,A,A,A,C,A,A,A,D,C,D,C,D,D,D,D,D,D,A,B,A,C,D,B,D,C
100,D,B,B,B,B,A,D,B,A,D,B,B,B,B,B,C,A,D,D,A,A,B,D,,,,,E,C,D,D,D,D,A,D,C,A,A,B,B,A,A,D,D,D,D,D,D,D,D,D,D,B,B,B,C,D,C,D,D
101,C,B,B,C,C,A,C,B,A,C,B,B,C,A,C,C,C,D,D,B,B,C,D,A,,,,,C,D,D,D,C,A,B,B,B,B,A,A,A,A,D,C,B,C,D,C,D,D,B,D,C,D,B,C,D,D,D,D
102,B,A,A,B,B,B,D,B,B,B,B,D,A,D,B,D,D,D,D,A,A,D,D,,,,,E,D,D,E,D,E,A,D,D,,A,D,B,C,D,D,D,D,D,D,D,D,D,D,D,B,D,C,D,D,C,D,D
103,C,B,A,B,A,A,C,A,B,A,A,A,A,A,C,B,B,B,B,B,B,B,B,A,,,,,D,C,D,D,C,A,D,B,D,B,B,B,D,A,D,D,C,C,D,C,D,C,C,D,C,C,D,C,C,C,D,D
104,B,B,A,B,B,A,D,A,A,C,A,B,C,A,C,C,B,B,D,A,A,D,D,A,,,,,D,D,D,D,D,B,D,B,A,B,A,C,A,B,D,D,D,D,D,C,D,D,C,D,D,C,D,D,D,D,D,D
105,D,B,A,B,D,A,D,A,A,A,A,A,A,A,C,D,B,E,D,A,A,B,D,A,,,,,D,D,D,D,D,C,C,C,C,C,C,C,C,C,D,D,D,D,D,D,D,D,D,D,C,C,D,D,D,D,D,D
106,D,B,B,B,D,A,D,A,A,A,A,A,A,A,C,C,A,E,A,A,B,A,D,A,,,,,D,D,E,D,E,B,B,B,A,B,C,C,A,C,D,D,D,D,D,D,D,D,D,D,D,D,D,D,D,D,C,D
107,C,B,B,B,D,D,A,C,D,B,C,B,D,D,D,D,A,B,D,A,A,D,A,A,,,,,D,D,D,C,D,C,C,C,D,,D,D,B,B,D,D,C,C,D,,D,D,D,D,C,B,C,C,C,D,D,D
108,D,B,A,B,D,A,C,A,A,C,B,C,C,A,C,C,A,A,B,A,A,A,D,,,,,E,D,D,D,D,D,D,D,D,D,D,D,D,D,D,D,D,D,D,D,D,D,D,D,D,D,C,D,D,D,D,D,D
109,C,B,A,B,C,A,D,A,A,A,A,A,B,A,D,C,B,E,D,A,B,D,D,A,,,,,D,D,E,D,E,B,D,A,B,A,A,B,A,A,D,D,D,D,D,D,D,D,C,D,D,B,D,D,D,D,D,D
110,C,B,C,B,B,A,C,B,A,B,A,C,A,A,D,D,B,D,D,A,A,D,D,A,,,,,D,D,E,D,E,A,D,B,A,A,B,C,B,A,D,D,D,C,D,D,D,D,C,D,C,D,D,C,D,D,D,D
112,B,B,A,C,B,A,D,A,A,A,A,A,A,A,C,D,B,A,D,A,A,D,D,A,,,,,D,D,D,D,C,A,D,A,A,A,A,A,A,A,D,D,C,D,D,C,D,D,D,D,B,C,C,C,B,D,D,C
113,B,C,B,B,B,C,D,A,B,D,A,B,A,A,B,C,A,D,A,A,A,A,D,,,,,E,C,D,E,D,E,A,B,B,B,B,A,B,B,A,D,D,D,C,D,D,D,D,C,D,B,C,C,D,D,D,C,D
114,C,B,B,B,A,B,C,A,C,C,A,C,B,B,B,D,B,E,D,A,B,C,D,A,,,,,D,D,D,D,D,A,A,A,A,A,A,A,A,A,D,D,D,D,D,D,D,D,D,D,C,B,C,C,D,D,D,D
115,C,B,A,B,B,A,B,A,A,B,A,B,B,A,C,D,D,C,C,A,A,A,C,,,,D,E,C,D,D,D,C,B,C,B,A,A,A,A,B,A,D,C,C,C,D,D,D,D,C,C,C,C,D,C,D,D,D,D
117,C,A,A,B,C,A,D,B,A,A,A,B,A,A,C,D,E,E,D,A,B,D,D,A,,,,,D,D,E,D,E,A,A,A,A,A,A,A,A,A,D,D,D,D,D,D,D,D,D,D,D,C,D,C,D,D,D,D
118,D,B,A,C,B,B,B,B,B,B,B,B,B,B,C,D,B,E,B,B,B,B,D,A,,,,,D,D,E,D,E,B,C,C,C,C,C,C,C,C,D,D,D,D,D,D,D,D,D,D,C,D,D,D,D,D,D,D
119,D,B,A,B,B,A,C,A,A,B,B,B,B,B,C,B,B,A,D,A,A,B,D,,,,,E,D,D,E,D,E,B,B,B,B,A,B,B,B,B,D,D,D,D,D,D,D,D,D,D,C,D,D,D,D,D,D,D
120,C,B,A,B,B,A,D,A,B,B,A,A,B,C,C,C,B,E,B,B,B,B,C,A,,,,E,D,D,E,C,E,A,D,A,A,B,A,B,B,C,D,D,D,D,D,D,D,D,D,D,C,D,C,C,D,D,D,D
122,D,B,B,B,B,C,D,A,B,B,A,B,B,B,D,C,B,E,D,A,A,B,D,A,,,,,C,D,E,D,E,D,D,D,C,D,D,D,D,D,D,D,D,C,D,D,D,D,C,D,C,C,C,C,D,D,C,D
123,C,B,D,B,A,A,B,B,B,C,B,C,C,B,B,B,E,E,D,A,B,D,C,,,,,E,D,D,E,D,E,A,D,B,C,A,B,B,B,A,D,D,D,D,D,D,D,D,D,D,D,D,D,D,D,D,D,D
124,C,B,D,B,A,D,C,C,C,C,C,C,C,C,B,B,B,B,D,A,B,B,C,A,,,,,C,D,E,D,E,A,D,C,B,A,B,C,A,B,D,D,D,D,D,D,D,D,C,D,C,C,C,C,D,D,D,D
125,B,C,B,C,C,B,C,B,B,C,B,B,B,B,A,B,C,C,D,B,B,B,D,A,,,,,C,D,D,C,C,C,D,A,A,B,A,A,B,B,C,C,B,B,D,B,B,C,C,D,B,B,C,D,D,C,D,C
126,D,B,A,B,A,A,D,A,A,C,A,A,B,B,D,D,B,B,B,B,A,B,D,,,,,E,D,D,D,D,D,D,D,D,D,D,D,D,D,D,D,D,C,C,C,C,C,C,C,D,C,D,D,D,D,B,D,D
127,D,B,B,B,B,A,D,A,A,B,A,C,B,A,B,C,B,E,A,A,A,C,D,A,,,,,D,D,D,D,D,C,D,C,B,C,D,D,D,,D,,D,D,D,D,D,D,D,D,D,D,D,D,D,D,D,D
128,B,C,D,C,A,A,B,B,B,C,C,B,B,C,C,C,B,D,B,B,C,D,D,,,,,E,D,D,E,C,E,C,C,C,C,C,C,C,C,C,C,C,C,C,C,C,C,C,C,C,C,B,C,C,D,D,C,D
129,C,A,B,B,A,A,C,A,A,A,A,A,A,A,B,C,B,B,A,A,B,A,D,,,,,E,C,B,E,D,E,A,D,A,B,A,A,A,A,A,C,D,D,C,D,D,D,D,D,D,B,A,B,A,C,D,C,D
130,A,C,D,A,B,B,B,C,D,C,B,D,B,B,C,D,C,D,A,D,A,C,C,A,,,,,C,B,D,A,A,D,B,B,C,D,D,A,C,B,A,A,D,B,C,D,C,B,B,A,D,D,C,C,A,B,C,C
131,D,A,A,B,A,C,B,C,C,C,B,C,D,C,D,B,C,B,C,B,C,B,D,A,,,,,D,D,E,D,E,D,D,D,D,D,D,D,C,B,C,B,C,B,C,B,C,B,D,C,B,C,D,B,B,C,D,B
132,B,D,B,B,A,A,B,A,A,B,C,C,B,B,B,C,D,E,D,B,C,D,D,A,,,,,C,D,E,B,E,B,B,B,B,B,B,B,B,B,C,C,B,C,C,B,C,C,C,D,A,C,A,B,C,D,D,D
133,D,B,B,B,B,C,C,C,C,C,C,C,C,C,B,C,E,E,B,B,B,D,D,A,,,,,D,D,D,D,D,C,C,C,C,C,C,C,C,C,D,D,D,D,D,D,D,D,D,D,B,C,C,D,D,D,D,D
134,D,B,B,B,C,A,A,B,B,B,B,A,A,B,B,C,E,E,A,A,A,A,A,A,,,,,D,D,D,D,D,A,B,B,B,B,A,A,A,A,D,D,D,D,D,D,D,D,D,D,D,D,D,D,D,D,D,D
135,D,A,A,A,B,B,D,B,B,B,B,B,C,C,D,D,A,A,A,B,B,C,A,A,,,,,B,D,A,C,D,B,B,B,B,B,B,B,B,B,D,D,D,D,D,D,D,D,D,D,D,D,D,D,D,D,D,D
136,D,C,B,C,B,B,D,B,C,D,C,C,C,B,A,B,C,D,A,A,B,B,D,A,,,,,B,C,D,D,B,B,C,B,B,A,A,B,B,A,A,A,C,D,B,A,C,A,A,C,A,B,B,B,C,D,D,C
137,D,B,B,B,B,A,C,A,A,A,A,A,A,A,C,C,C,D,C,B,B,C,C,A,,,,,D,D,D,D,D,A,A,B,A,A,A,B,A,A,D,D,C,D,D,C,D,D,C,D,D,D,D,D,D,C,D,D
138,D,C,B,C,B,A,C,B,C,A,C,D,A,B,C,D,C,B,A,B,C,D,C,,B,,,,A,B,C,C,C,C,C,B,A,B,A,B,C,B,B,C,A,C,B,D,A,C,A,B,D,A,C,B,A,C,A,C
139,D,E,C,B,B,D,D,D,D,C,B,B,C,D,D,D,D,D,C,D,B,D,D,A,,,,,D,B,B,C,D,D,D,D,C,C,D,D,A,D,D,D,D,*,D,D,D,A,D,*,D,D,D,D,D,D,D,D
140,C,B,B,B,C,A,D,A,A,A,A,A,A,A,B,B,A,D,B,A,A,B,C,A,,,,,C,C,A,D,D,A,D,A,A,B,C,B,C,B,A,D,A,A,D,A,B,C,B,D,D,D,D,D,C,D,D,C
141,D,A,A,A,B,B,B,A,B,B,B,C,B,B,D,D,C,E,B,D,B,B,D,,B,,,,D,A,B,D,B,*,C,A,C,D,C,C,C,C,C,C,C,C,D,C,B,C,B,C,D,B,D,C,D,B,D,C
142,D,B,B,B,A,A,C,B,A,A,B,B,A,A,B,C,B,A,C,A,B,C,C,A,,,,,B,C,E,D,E,A,C,B,A,B,C,C,A,A,D,D,C,B,C,C,C,B,B,D,D,C,D,D,D,C,D,D
143,D,B,B,C,B,A,C,A,A,A,A,A,A,A,D,C,A,E,D,A,D,A,D,A,,,,,D,D,E,C,E,C,D,D,D,A,D,D,D,C,D,D,D,D,D,D,D,D,D,D,C,C,D,D,D,D,D,C
144,A,B,B,B,A,A,C,A,A,C,A,B,C,B,B,C,B,D,D,A,A,A,D,A,,,,,D,D,C,D,D,A,C,C,B,A,C,D,B,B,D,D,D,D,D,D,D,D,C,D,C,C,D,D,D,D,D,C
145,B,B,A,C,B,A,C,B,A,B,A,B,A,B,B,C,B,E,A,A,B,B,D,A,,,,,C,D,B,D,C,C,C,C,B,B,B,C,A,B,B,D,D,D,D,C,D,D,D,D,B,B,C,C,D,D,D,D
146,D,B,B,B,C,A,D,A,A,A,A,A,A,A,D,D,E,E,D,B,B,D,D,A,,,,,D,D,D,D,D,C,C,C,C,C,C,C,C,C,D,D,D,D,D,D,D,D,D,D,C,D,D,D,D,D,D,D
147,A,B,B,C,B,A,C,A,A,A,A,A,A,A,A,A,A,B,B,A,B,B,B,,B,,D,E,D,C,E,D,E,A,B,A,B,A,A,A,A,A,D,D,D,D,D,D,D,D,B,D,A,A,B,C,C,C,D,D
148,D,A,A,B,A,C,D,B,B,D,C,C,B,C,B,C,E,E,B,A,B,B,D,A,,,,E,D,C,D,D,D,B,B,B,B,B,B,B,B,B,D,D,D,D,D,D,D,D,D,D,D,D,D,D,D,D,D,D
149,B,B,B,B,B,B,B,B,B,B,B,B,B,B,B,B,A,B,A,A,B,B,B,A,,,,,A,D,C,B,A,A,A,B,B,B,A,A,A,B,D,D,D,D,D,D,D,D,D,D,B,D,D,D,D,D,D,D
150,C,B,B,B,B,A,A,A,A,A,A,A,A,A,D,D,E,E,D,A,D,D,D,A,,,,,C,D,D,D,C,D,D,C,C,C,B,A,A,B,D,D,D,D,D,D,D,D,D,D,B,C,C,C,D,D,D,C
151,C,B,A,B,B,A,D,A,A,A,A,C,A,A,B,C,C,B,D,B,B,C,D,A,,,,,D,D,D,D,C,C,D,B,B,D,B,C,B,B,D,D,B,D,D,D,D,D,B,D,A,B,C,C,C,D,D,D
152,A,A,A,A,A,B,D,C,C,C,C,D,B,A,B,C,B,B,C,B,A,C,C,A,,,,,B,B,C,B,D,D,A,C,C,B,A,B,B,B,A,B,C,B,A,B,A,B,C,D,D,D,D,D,B,B,B,B
153,D,B,A,B,A,A,D,A,A,A,A,A,A,A,D,D,E,E,D,A,B,D,D,A,,,,,D,D,D,D,D,A,D,A,A,A,A,A,A,A,D,D,D,D,D,D,D,D,D,D,D,D,D,D,D,D,D,D
154,B,B,B,B,A,B,C,A,A,C,C,A,B,C,D,C,B,E,B,B,C,C,C,,,,,E,D,D,D,D,D,B,D,B,C,C,B,B,C,B,D,D,D,D,D,D,D,D,D,D,C,B,D,D,C,D,D,C
155,B,B,C,A,B,B,C,B,A,C,B,B,B,B,B,B,B,C,A,B,B,B,C,,,,,E,C,D,D,D,D,D,D,C,C,D,C,D,B,D,D,D,C,D,D,D,D,D,D,C,C,C,B,C,D,C,D,D
156,B,C,B,B,B,D,D,B,D,D,D,D,D,D,B,B,C,D,D,B,B,D,D,A,,,,,C,D,D,D,D,D,D,D,D,D,D,D,D,D,D,D,D,D,D,D,D,D,D,D,B,B,B,B,D,C,D,C
157,A,E,E,E,A,D,D,A,A,D,A,A,D,D,A,A,A,C,D,C,D,A,A,A,,,,,A,A,A,A,E,A,D,A,D,D,A,A,D,A,D,D,A,A,D,A,D,D,D,A,A,A,A,A,A,D,A,A
158,A,D,A,B,B,A,B,B,B,B,B,C,D,C,C,C,D,D,D,C,B,D,D,A,,,,,C,C,B,D,D,D,D,D,D,D,D,D,D,D,A,A,A,A,A,A,A,A,A,D,C,C,C,C,C,B,D,D
159,B,D,E,A,C,B,C,A,B,B,B,B,C,D,C,C,D,D,B,B,B,C,C,,,,,E,A,A,A,C,D,D,D,D,D,D,C,C,C,C,C,C,C,C,C,C,C,C,C,D,C,C,C,C,C,C,D,C
160,D,D,D,B,A,A,C,B,A,B,A,B,B,A,B,D,E,E,C,C,C,C,C,A,,,,,D,D,E,D,E,D,D,D,D,D,D,D,D,D,D,D,D,C,C,D,C,D,D,D,D,D,D,D,D,D,D,D
161,D,B,A,B,D,,A,A,A,A,A,A,C,A,B,C,A,B,A,A,D,A,D,A,,,,,D,D,E,D,E,A,D,C,B,A,D,A,A,B,D,D,D,D,D,D,B,D,A,D,C,A,B,C,D,D,B,D
162,B,D,C,A,D,C,A,B,D,A,B,D,C,B,D,B,D,B,A,D,C,A,B,,,,D,,B,D,A,C,B,D,C,B,C,B,D,B,C,B,A,D,B,C,B,D,B,C,A,D,B,C,B,D,B,C,A,B
163,A,A,B,C,C,B,C,C,D,D,C,C,C,D,A,A,A,B,B,B,C,C,C,,B,,,,D,A,B,B,B,A,A,C,B,C,D,B,B,B,B,C,A,A,D,C,C,D,C,A,B,A,A,B,B,B,A,D
164,B,B,B,B,B,A,B,B,B,B,B,C,B,B,C,D,E,E,A,A,A,D,A,A,,,,,D,D,E,D,E,B,B,B,B,B,B,B,B,B,D,D,D,D,D,D,D,D,D,D,D,D,D,D,D,D,D,D
165,B,E,B,B,A,A,B,A,B,C,A,A,B,A,B,B,C,A,B,B,B,B,C,A,,,,,D,C,D,D,D,B,C,A,A,A,A,A,B,B,A,C,C,B,B,A,A,B,A,D,A,C,A,A,B,C,C,C
166,C,B,B,C,B,B,B,C,A,B,C,A,B,A,C,B,A,C,B,A,C,B,B,,,,D,,D,D,D,C,B,D,C,C,D,C,C,A,B,A,D,C,C,D,D,C,C,D,C,C,B,D,C,D,C,C,C,D
167,D,A,A,B,B,A,C,A,A,A,B,B,A,A,D,D,E,E,D,A,A,A,D,A,,,,,D,D,E,D,E,A,D,A,A,A,A,A,A,A,D,D,D,D,D,D,D,D,D,D,D,C,D,D,D,D,D,D
168,C,B,C,B,C,B,D,A,A,A,A,A,A,A,B,B,A,D,B,A,A,D,D,,B,,,E,C,D,E,B,D,C,D,D,B,D,D,D,D,D,D,,D,A,,D,D,D,D,D,A,D,B,A,B,D,D,D
169,B,B,B,B,C,A,B,A,A,B,A,A,A,A,B,C,B,A,B,A,B,C,,A,,,,,C,C,B,B,C,B,D,A,B,C,A,A,B,C,A,B,A,C,A,B,A,B,C,B,B,A,A,A,A,A,C,D
170,C,B,A,C,A,A,B,B,B,A,B,B,A,A,A,B,C,B,A,D,B,C,B,A,,,,,B,C,A,C,E,A,B,D,C,B,C,A,D,B,B,D,A,C,A,B,C,A,C,B,D,B,C,A,D,B,C,B
171,B,A,A,B,B,B,D,B,A,B,C,B,A,B,C,C,E,E,B,A,A,A,D,A,,,,,D,D,E,D,E,B,B,B,B,B,B,B,B,B,D,D,D,D,D,D,D,D,D,D,C,D,D,D,D,D,D,D
172,D,B,A,B,A,A,B,A,A,A,B,A,B,D,A,B,E,C,C,A,B,C,B,,,,,E,C,D,E,D,E,A,B,C,B,A,B,B,B,B,D,D,D,D,D,D,D,D,D,D,D,D,D,D,D,D,D,D
173,B,C,B,B,A,B,B,B,B,B,B,B,B,B,C,C,B,C,D,A,B,D,D,A,,,,,C,D,D,C,D,A,A,A,A,A,A,A,A,A,C,A,D,C,D,D,D,D,C,D,C,C,C,C,D,D,D,D
174,D,B,B,B,B,D,D,D,D,D,D,D,D,D,D,D,E,E,B,C,A,D,C,A,,,,,B,D,D,D,D,D,D,B,B,B,B,A,D,B,A,B,A,C,A,A,,B,D,C,B,A,B,C,D,C,B,A
175,C,D,C,C,B,B,B,B,B,B,B,B,B,B,D,D,D,D,C,C,B,B,C,,B,,D,E,B,B,D,C,C,B,B,B,B,B,B,B,B,B,C,C,C,C,C,C,C,C,C,D,A,C,B,C,C,D,D,C
176,C,B,B,C,C,C,C,C,B,C,C,C,B,C,C,C,C,A,B,B,B,C,C,,,,D,,D,D,E,D,E,C,C,C,C,C,C,C,C,C,C,C,C,C,C,C,C,C,B,D,D,D,D,D,C,C,C,C
177,A,B,B,A,B,C,B,C,B,A,B,B,A,B,B,A,A,B,B,C,B,A,B,A,,,,,B,B,B,A,A,B,C,B,B,B,A,A,B,C,D,C,B,A,B,C,D,C,B,A,B,C,D,C,B,A,A,A
178,D,B,B,B,B,A,D,A,A,A,A,A,A,A,C,C,B,B,B,C,B,B,B,,B,,,,C,D,D,D,D,C,D,D,C,A,C,B,C,B,D,D,D,C,D,D,D,C,C,D,C,D,D,D,D,D,D,D
179,D,B,B,B,B,A,C,B,A,A,B,B,A,A,C,C,B,A,B,B,B,B,C,A,,,,,D,D,E,D,E,C,C,C,C,B,C,C,B,C,D,D,D,D,D,D,D,D,D,D,D,D,D,D,D,D,D,D
180,C,C,B,B,A,A,A,A,A,B,B,B,B,B,C,B,B,D,B,B,B,B,C,,,,,E,D,D,D,D,D,A,B,A,A,B,A,A,A,B,D,D,D,D,D,D,D,D,D,D,D,C,D,D,D,C,D,D
181,D,B,B,B,B,A,C,A,A,A,A,A,A,B,C,D,E,E,A,A,A,A,,A,,,,,D,D,E,D,E,B,C,B,B,B,C,C,A,D,D,D,D,D,D,D,D,D,D,D,D,D,D,D,D,D,D,D
182,A,E,E,E,A,D,D,C,D,D,C,B,B,C,A,C,D,E,C,B,B,A,D,,,,,E,C,B,A,B,C,B,C,D,C,B,A,D,B,B,A,B,D,B,C,B,D,A,C,B,C,B,A,B,B,C,D,A
183,C,B,A,B,B,B,D,B,B,B,B,B,B,B,C,C,B,D,B,B,B,B,C,A,,,,,C,C,C,C,D,B,C,C,C,C,C,C,C,C,C,C,C,C,C,C,C,C,C,D,C,D,B,C,D,C,D,D
184,D,B,B,B,D,A,D,A,A,A,A,A,A,A,B,C,B,D,A,A,A,B,D,A,,,,,D,C,D,D,E,D,D,D,C,D,D,D,A,D,D,D,B,D,D,D,D,D,D,D,D,D,D,D,D,C,D,D
185,D,A,B,B,B,D,D,D,D,D,D,D,D,D,C,C,A,B,C,B,C,B,C,A,,,,,D,D,D,D,D,D,D,D,D,D,D,D,D,C,D,D,D,D,D,D,D,D,D,D,D,D,D,D,D,C,C,D
186,C,B,B,B,A,A,C,B,A,B,A,A,A,B,B,B,B,B,B,B,B,B,D,,,,,E,D,C,E,D,E,C,D,C,B,D,A,B,A,A,D,D,D,B,D,C,D,B,D,D,C,C,C,D,C,D,D,D
187,A,D,C,B,A,C,B,D,B,B,D,D,C,A,B,C,C,D,D,C,B,D,D,,,,,E,B,C,D,D,D,A,C,B,A,D,B,B,A,A,D,D,D,D,D,D,D,D,A,D,B,C,D,D,D,B,D,D
188,C,B,A,B,C,A,C,A,A,C,B,A,C,D,D,D,C,E,B,B,A,D,D,,,,,E,C,D,D,D,D,B,D,A,A,A,A,A,A,A,C,D,C,D,D,C,D,D,D,D,B,D,D,C,C,D,D,D
189,D,A,A,B,A,A,B,A,A,A,A,A,A,A,C,D,A,E,A,B,B,D,D,,,,,E,C,C,C,C,C,C,C,C,C,C,C,C,C,A,D,D,D,D,D,D,D,D,D,D,B,B,D,C,D,C,D,D
191,B,B,A,B,B,A,D,A,A,C,A,A,B,B,B,D,E,E,B,A,A,B,D,A,,,,,D,D,D,D,D,D,D,B,C,C,C,D,B,D,D,D,D,D,D,D,D,D,D,D,D,D,D,B,D,D,D,D
192,C,B,B,B,B,A,C,A,A,A,A,A,A,A,D,D,B,E,D,A,B,C,D,A,,,,,D,D,C,D,D,A,C,A,A,A,A,A,A,A,D,D,D,D,D,D,D,D,D,D,D,D,D,D,D,D,D,D
193,D,A,A,B,B,A,D,B,A,A,C,B,A,A,B,D,E,E,A,B,B,B,D,A,,,,,D,D,C,D,D,D,D,D,C,D,C,C,B,D,D,D,D,D,D,D,D,D,B,D,D,D,D,D,D,D,D,D
195,A,B,B,B,A,B,C,D,B,A,C,C,B,B,A,A,D,A,A,B,B,C,A,,B,,,,B,B,D,D,B,C,D,D,B,B,D,D,A,C,D,D,D,D,D,D,D,C,D,D,C,C,D,D,C,A,D,D
196,D,B,C,B,B,C,A,C,B,C,C,C,C,B,C,A,C,E,D,B,B,C,D,,,,,E,D,D,D,D,D,B,C,A,D,B,A,A,B,C,D,D,D,D,D,D,D,D,D,D,C,B,C,B,D,D,B,D
197,D,B,A,C,,A,C,A,A,A,B,B,A,A,D,B,E,E,D,A,A,C,D,A,,,,,D,D,C,D,D,A,D,A,A,A,B,A,A,A,A,A,A,B,A,A,A,A,A,D,D,C,D,D,D,D,D,D
198,A,E,C,B,A,A,B,A,A,B,A,A,A,C,B,B,A,B,D,D,D,D,A,A,,,,,C,A,D,A,D,A,A,A,A,A,A,A,A,A,A,B,B,B,B,B,B,B,B,C,C,B,D,D,A,C,D,A
199,B,B,B,B,A,A,C,A,A,A,A,A,A,A,D,D,E,E,D,A,A,D,D,,B,C,,E,D,D,D,D,D,D,D,D,D,D,D,D,D,D,D,D,D,D,D,D,D,D,D,D,A,D,D,D,D,D,D,D
200,C,B,B,C,B,D,D,D,D,D,D,D,D,D,D,D,E,E,A,A,C,A,D,A,,,,,D,D,E,C,E,D,D,D,D,D,D,D,D,D,D,D,D,D,D,D,D,D,D,D,D,C,C,D,,,,
201,B,C,B,B,A,A,B,A,A,A,A,A,A,A,C,D,A,A,C,B,A,B,C,,,,,E,D,B,D,D,D,A,C,A,A,A,A,A,A,A,B,D,D,A,A,B,D,A,C,D,B,C,C,D,A,D,D,B
202,B,B,A,B,C,A,D,A,B,A,B,B,A,A,D,D,E,E,D,A,A,A,D,A,,,,,D,D,D,D,D,D,D,D,C,C,C,D,B,C,D,D,D,D,D,D,D,D,D,D,C,D,B,D,D,D,D,D
203,B,C,A,D,A,B,B,C,C,A,D,B,D,B,A,D,D,B,D,D,D,D,A,,B,,,,A,A,A,A,A,B,B,C,C,A,D,B,D,B,B,B,C,C,A,D,B,D,B,A,A,A,A,A,A,A,A,A
204,D,B,A,A,C,A,D,D,A,A,C,C,A,A,B,C,E,E,D,A,A,A,D,A,,,,,D,D,D,D,D,A,A,A,A,A,A,A,A,A,D,D,D,D,D,D,D,D,D,D,D,D,D,D,D,D,D,D
205,C,B,A,D,A,A,D,A,A,C,A,A,B,B,B,C,B,D,D,B,B,C,D,,,,,E,D,D,D,D,A,A,D,A,A,A,A,B,B,B,,D,A,D,D,A,D,D,D,D,A,B,,C,D,D,D,B
206,B,B,B,B,C,A,C,A,A,B,A,B,B,A,C,D,A,E,B,B,B,C,C,,,,,E,D,D,E,D,E,A,C,C,C,B,A,A,B,A,D,D,C,C,D,C,B,D,C,D,D,C,C,D,D,D,D,D
207,B,C,B,E,B,C,A,D,B,D,A,C,D,B,D,A,D,E,B,C,A,C,B,,,,D,,C,A,D,D,A,C,B,D,B,C,A,B,C,B,A,C,D,B,A,C,A,C,B,A,C,B,D,B,A,C,B,A
208,A,D,C,E,B,B,C,C,B,C,C,D,B,C,B,B,A,E,B,B,A,B,D,A,,,,,D,D,D,B,E,B,C,C,C,B,B,C,C,B,D,D,D,D,D,D,D,D,D,D,C,A,C,B,D,D,B,D
209,C,D,A,B,C,B,C,C,B,C,C,C,B,B,C,C,C,E,C,C,B,C,C,A,,,,,D,D,D,D,E,B,C,C,B,C,C,C,B,C,D,D,D,D,D,D,D,B,D,D,C,B,B,B,B,C,D,C
210,D,B,B,B,C,A,D,B,A,B,C,C,B,B,D,D,E,E,B,B,B,C,D,A,,,,,C,D,C,D,D,A,A,A,C,A,A,A,C,C,D,D,D,D,D,D,D,D,D,D,B,C,B,D,D,D,D,D
211,B,B,B,B,B,A,A,A,A,A,A,A,A,A,B,C,B,B,B,A,B,D,D,A,,,,,B,C,E,D,E,D,A,D,D,D,D,C,D,D,D,A,D,C,D,D,D,D,D,D,C,D,C,D,D,D,D,D
212,C,C,A,C,B,B,D,A,A,B,B,B,A,B,B,C,D,E,D,A,B,D,D,A,,,,,D,C,D,D,D,B,D,A,B,C,B,B,A,B,D,D,D,D,D,D,D,D,D,D,B,A,B,B,D,D,B,D
213,A,B,B,B,A,A,D,A,A,B,A,A,A,B,C,C,D,E,C,A,D,D,D,A,,,,,C,C,E,D,E,D,D,D,D,D,D,D,D,D,C,D,D,D,C,D,D,D,D,D,A,A,D,C,C,D,D,C
214,C,B,A,B,B,B,C,A,C,C,A,C,C,A,D,C,A,D,B,B,A,B,C,,,,,E,C,C,C,D,D,A,D,D,B,D,D,D,D,D,B,B,B,B,B,B,B,B,B,C,C,C,B,D,D,C,D,D
215,B,B,B,A,C,C,D,D,B,D,D,B,C,B,C,C,B,C,B,D,B,C,B,,,C,,,C,D,E,D,E,B,B,D,C,A,B,D,A,A,C,B,D,D,D,C,D,D,C,C,B,D,D,C,D,D,D,D
216,D,B,B,B,A,A,D,A,A,A,A,A,A,A,A,A,A,E,A,A,A,A,A,A,,,,,D,D,B,D,D,A,D,A,A,A,A,A,A,A,A,D,A,A,A,A,A,A,A,D,D,D,D,D,D,D,D,D
217,A,B,B,C,C,A,C,B,A,A,A,B,A,A,C,C,B,E,D,A,C,C,C,A,,,,,C,D,D,D,D,C,C,D,C,B,B,C,C,D,D,D,D,D,D,D,D,D,D,D,C,A,D,C,D,C,D,D
218,B,C,C,B,B,A,C,A,A,B,C,C,B,B,B,C,A,B,B,B,B,C,C,,,,,E,B,B,B,A,C,A,C,A,C,A,A,A,B,A,D,D,C,C,D,C,D,D,C,D,B,B,C,C,C,C,C,C
219,C,B,B,C,B,A,C,A,A,A,A,A,A,A,A,C,A,A,C,A,A,C,D,,,,,E,D,C,C,D,B,D,D,C,C,D,C,D,C,D,D,D,D,D,D,D,D,D,D,C,C,C,D,C,D,C,D,D
220,B,B,B,B,B,A,C,A,A,A,A,A,A,A,C,B,B,B,B,B,B,B,C,A,,,,,D,D,D,D,C,A,A,B,A,A,B,C,B,A,B,A,A,B,A,A,A,A,A,D,C,C,B,D,D,C,D,D
221,C,E,C,B,A,C,B,C,B,C,B,C,B,B,C,C,B,D,B,C,B,D,B,,,C,,,B,A,C,B,C,B,C,B,A,C,A,B,C,B,C,A,B,C,D,A,B,C,B,A,B,C,A,B,C,C,B,B
222,B,D,C,C,B,A,D,A,B,D,A,C,B,A,C,C,A,D,C,A,B,D,D,A,,,,,D,C,D,D,C,A,D,A,D,A,A,A,C,A,D,D,D,D,D,D,D,D,D,C,B,D,B,C,D,D,D,D
223,B,B,C,B,A,B,C,B,A,A,B,A,A,A,B,B,B,A,B,A,B,B,C,,,,,E,D,C,B,B,D,A,D,C,B,C,D,C,A,C,D,D,B,D,D,A,B,D,B,D,C,C,D,D,D,D,D,D
224,C,B,A,B,A,C,D,C,A,C,C,D,A,B,A,B,A,D,D,A,C,D,B,A,,,,,D,D,C,D,D,D,D,D,D,D,D,D,D,D,D,D,B,D,D,B,D,D,D,D,C,D,D,C,D,D,D,B
225,C,D,A,B,A,A,D,C,A,B,A,A,A,A,B,D,A,D,D,A,A,D,C,,,,,E,D,D,A,D,D,D,D,D,D,D,D,D,D,D,D,D,B,D,D,B,D,D,D,D,A,D,D,D,D,D,D,D
226,C,B,B,B,B,A,D,A,A,A,A,A,A,A,B,C,B,E,D,A,B,B,D,A,,,,,D,D,E,D,E,B,C,D,B,B,C,C,A,C,D,D,D,C,D,D,D,D,B,D,B,C,D,C,D,C,D,D
227,D,B,A,B,B,A,B,C,B,B,C,D,B,C,C,D,A,B,A,A,A,C,D,A,,,,,D,D,E,D,E,A,D,D,C,A,D,D,B,C,D,D,D,C,D,D,D,D,D,D,C,D,D,C,D,D,D,D
228,C,B,A,B,B,A,B,B,A,B,D,D,B,C,C,B,A,E,D,A,A,D,D,A,,,,,D,C,D,D,D,D,D,D,B,C,D,D,B,C,D,D,D,B,D,D,D,D,D,D,B,B,C,D,C,D,D,D
229,B,B,B,B,A,A,C,B,A,A,B,B,A,B,B,C,B,E,C,A,B,D,D,A,,,,,D,D,E,D,E,B,B,B,B,B,B,B,B,B,D,D,D,D,D,D,D,D,D,D,B,C,B,C,C,D,D,D
230,C,A,A,B,A,A,A,A,A,A,A,A,A,A,C,C,A,C,C,C,A,B,C,,,,,E,D,D,D,D,D,A,D,B,B,A,A,A,A,A,D,D,D,D,D,D,D,D,D,D,D,D,D,D,D,D,D,D
231,D,B,A,B,A,D,D,A,D,D,B,B,D,C,A,D,A,E,A,A,B,B,D,A,,,,,D,D,D,D,D,C,D,D,D,D,D,C,D,D,D,D,D,D,D,D,D,D,D,D,B,C,D,C,D,C,D,D
232,C,D,B,B,A,C,C,D,D,A,D,D,C,C,C,C,B,D,D,C,C,C,D,A,,,,,D,C,D,D,D,D,D,D,B,D,D,D,D,D,D,D,C,D,D,D,D,D,D,D,C,D,D,D,C,C,D,C
233,B,A,A,B,A,A,C,A,A,A,A,A,A,A,A,A,A,B,B,A,A,B,B,,B,,,,D,D,E,D,E,C,D,C,C,D,C,C,B,C,D,D,D,D,D,D,D,D,D,D,C,D,D,D,D,D,D,D
234,D,A,A,A,A,A,D,A,A,A,A,A,A,A,C,C,E,E,A,A,A,D,D,A,,,,,D,D,D,D,D,D,D,D,D,D,D,D,D,D,D,D,D,D,D,D,D,D,D,D,D,D,D,D,D,D,D,D
235,B,C,B,D,C,B,D,B,C,B,C,D,B,D,A,C,C,B,C,B,C,B,C,,,,D,,B,B,E,B,C,B,C,A,C,B,D,D,B,B,B,C,A,C,B,D,B,C,A,D,D,D,D,D,D,D,D,D
236,D,B,C,B,C,B,C,C,C,B,C,C,B,C,D,D,E,E,C,B,C,C,D,A,,,,,D,D,E,D,E,D,D,D,D,D,D,D,D,D,D,D,D,D,D,D,D,D,D,D,D,D,D,D,D,D,D,D
237,D,A,A,A,A,A,D,D,D,D,D,D,D,D,D,D,E,E,D,D,D,D,D,,,,D,E,D,D,D,D,D,D,C,B,C,D,C,C,C,A,B,B,A,B,B,B,B,A,B,B,A,B,C,B,B,B,C,B
238,C,B,A,B,C,A,D,D,A,A,A,A,A,A,B,D,E,E,D,A,C,D,D,A,,,,,C,C,E,D,E,D,D,D,B,D,D,D,A,D,D,D,D,D,D,D,D,D,D,D,C,C,D,D,D,D,D,D
239,D,B,B,B,A,A,D,A,A,A,A,C,A,A,C,C,D,D,D,D,D,D,D,,,,,E,D,D,D,D,D,A,A,A,A,A,A,B,A,A,D,D,D,D,D,D,D,D,D,D,D,D,D,D,D,D,D,D
240,D,C,A,A,B,A,A,A,A,A,A,A,A,A,A,C,D,A,A,A,A,A,D,A,,,,,D,D,E,D,E,A,A,A,A,A,A,A,A,A,D,D,D,D,D,D,D,D,D,D,D,D,D,D,D,D,D,D
241,B,B,B,B,A,A,B,A,A,A,B,A,A,A,C,D,B,D,D,A,B,C,D,A,,,,E,B,D,E,D,E,A,B,A,B,A,A,A,A,A,D,D,D,D,D,D,D,D,D,D,D,C,C,C,D,D,C,D
242,D,B,B,C,B,A,C,B,A,A,A,A,A,A,B,B,B,B,B,B,B,C,C,A,,,,,D,D,C,C,C,A,D,A,A,A,A,A,A,A,B,D,D,D,D,B,D,D,D,D,C,C,D,D,D,D,D,D
243,D,B,B,B,C,D,D,A,A,A,A,A,A,A,C,D,C,D,D,B,C,B,C,A,,,,,C,C,D,C,D,C,D,D,B,C,C,B,C,B,D,D,C,D,C,D,D,D,C,D,C,C,D,C,D,C,C,D
244,D,B,B,B,A,A,B,A,A,A,A,A,A,A,D,C,A,A,A,A,A,A,D,A,,,,E,D,D,E,D,E,A,D,A,A,A,A,A,A,A,A,D,D,D,D,D,D,D,D,C,D,D,D,D,B,B,D,D
245,D,B,B,B,B,A,C,B,A,A,A,A,A,A,C,C,A,A,A,B,A,B,D,,,,D,E,C,C,D,D,D,A,C,B,A,A,A,A,A,A,D,D,D,D,D,D,D,D,D,D,D,D,D,D,D,C,D,D
246,D,B,A,C,B,B,D,B,B,B,B,B,B,B,C,C,A,E,D,A,B,C,D,A,,,,,D,D,E,D,E,A,D,A,A,A,A,A,A,A,D,D,D,D,D,D,D,D,D,D,D,D,D,D,D,D,D,D
247,C,B,B,B,C,C,C,C,C,C,C,C,D,C,B,B,D,E,D,D,C,D,D,A,,,,,D,D,D,D,D,C,D,C,C,C,D,C,C,D,C,C,C,D,D,D,D,D,D,D,D,D,D,D,D,D,D,D
248,B,D,A,C,B,B,D,B,B,B,B,B,B,B,B,A,E,D,D,B,C,D,D,,B,,,,A,C,D,D,E,C,C,C,B,C,C,C,A,C,C,C,C,C,D,D,D,D,D,D,B,A,C,C,D,B,A,D
249,D,B,C,B,B,B,D,C,A,A,C,D,D,C,C,B,E,E,A,B,D,C,D,A,,,,,D,D,E,D,C,A,D,C,B,A,C,D,B,C,A,D,B,C,A,C,D,B,C,C,C,D,D,D,D,D,D,D
250,D,B,B,B,B,B,C,C,B,C,B,B,B,C,C,C,B,E,C,B,B,C,C,A,,,,,D,D,E,D,E,C,C,C,B,B,C,C,B,C,C,C,C,C,C,C,C,C,C,D,D,D,D,D,D,D,D,D
251,D,B,A,B,A,C,D,A,A,C,B,C,A,A,D,D,D,E,D,B,D,D,C,,,,,E,C,D,D,C,D,D,D,D,B,D,D,D,B,B,B,D,D,B,D,D,D,D,B,D,A,D,C,D,C,C,D,D
252,C,B,D,B,A,B,B,B,B,B,B,B,B,B,D,C,C,D,C,C,C,C,C,,,C,,,C,C,C,C,C,C,C,B,C,C,D,D,D,C,C,C,C,C,C,C,C,D,D,D,D,D,D,D,D,C,C,C
253,C,B,B,B,A,A,C,A,A,A,A,A,A,A,C,D,B,E,C,A,A,B,D,A,,,,,D,D,D,D,D,A,D,A,A,A,A,A,A,A,D,D,D,D,D,D,D,D,D,D,B,D,C,D,D,D,D,D
254,A,B,C,B,A,B,B,A,C,C,C,C,B,C,D,D,E,C,B,B,C,A,B,,,,D,,A,B,C,B,B,C,C,C,B,A,B,B,B,A,C,D,D,D,D,D,C,C,B,D,D,D,D,D,D,C,D,D
255,D,E,E,E,E,D,D,D,D,D,D,D,D,D,A,A,A,A,*,A,A,A,A,A,,,,,A,A,A,A,A,A,A,A,A,A,A,A,A,A,A,A,A,A,A,A,A,A,A,A,A,A,A,A,A,A,A,A
256,D,B,B,B,A,A,B,B,B,A,B,B,A,C,B,C,C,E,B,B,A,B,D,,,,,E,D,C,E,D,E,B,D,D,B,C,B,D,,A,D,D,D,C,D,D,D,C,D,D,C,C,D,D,C,D,C,D
257,B,B,B,A,A,A,C,B,B,B,A,A,A,B,B,C,B,B,C,B,B,D,D,A,,,,E,C,D,E,D,E,C,D,D,C,D,D,C,A,D,C,D,D,D,C,D,C,C,D,C,D,D,D,D,D,D,D,D
258,C,E,C,B,A,B,D,C,D,B,D,D,B,C,C,B,B,D,C,B,B,C,B,,,,,E,D,D,E,B,E,D,D,B,B,B,C,B,C,B,C,D,D,A,C,C,C,B,D,D,A,A,D,C,C,B,D,C
259,D,B,B,B,B,A,D,A,A,A,A,A,A,A,D,C,D,E,B,A,A,B,D,A,,,,,C,D,E,D,E,D,D,D,D,D,D,D,D,D,D,D,D,D,D,D,D,D,D,D,D,D,D,D,D,D,D,D
260,B,B,C,B,A,C,C,C,C,C,C,C,C,C,C,C,A,D,C,A,A,C,C,,,,,E,B,D,C,C,D,C,C,C,C,D,C,C,C,C,C,C,C,C,C,C,C,C,C,C,C,C,C,C,C,A,C,C
261,B,C,C,B,A,A,C,A,A,A,A,A,A,A,A,A,B,B,B,B,A,B,C,,,,D,E,B,A,A,C,D,A,D,B,A,A,B,A,A,B,A,D,B,A,D,A,A,A,D,D,B,C,A,A,C,A,A,D
262,D,B,B,B,B,C,C,C,B,D,C,C,C,C,C,C,D,D,D,D,D,D,D,A,,,,,D,D,D,C,D,B,C,C,B,C,C,C,C,C,C,D,D,C,D,C,C,C,C,D,C,C,C,C,D,D,C,D
263,B,B,C,B,A,A,C,A,D,D,B,A,B,A,A,B,B,D,C,B,B,C,D,,B,,,,C,B,D,C,D,A,D,B,B,C,D,C,C,C,D,D,C,C,D,D,C,B,B,D,D,C,C,D,B,D,C,D
264,D,A,A,A,A,B,C,A,A,B,B,B,B,A,B,B,B,E,D,A,B,C,D,A,,,,,D,D,E,D,E,C,D,D,C,B,B,B,A,A,D,D,D,D,D,D,D,D,D,D,D,D,D,D,D,D,D,D
265,D,B,A,B,C,A,C,B,B,A,B,B,B,B,B,C,B,B,B,B,B,B,C,,,,,E,C,D,E,D,E,B,C,C,D,A,B,B,B,A,D,D,D,C,D,D,D,D,C,D,C,D,D,C,D,D,D,D
266,D,B,A,A,B,B,C,A,A,B,B,A,B,B,B,C,B,E,A,A,C,B,D,,,,,E,C,D,E,D,E,B,B,B,B,B,B,B,B,B,D,D,D,D,D,D,D,D,D,D,D,D,D,C,D,D,D,D
267,B,A,B,B,A,A,C,B,A,A,A,B,A,B,C,B,B,D,D,B,B,C,D,A,,,,E,D,D,E,D,*,C,B,B,B,B,B,B,B,B,D,D,D,D,D,D,D,D,D,D,C,D,D,D,D,D,D,D
268,C,A,A,B,B,A,D,A,A,A,A,A,A,A,B,B,A,D,B,B,C,B,B,,,,,E,D,C,E,D,E,B,D,C,B,C,C,D,B,B,D,D,D,D,D,D,D,D,D,D,C,D,C,D,D,D,D,D
269,D,A,A,B,C,A,C,B,B,C,B,B,B,B,D,D,E,E,D,A,A,B,D,A,,,,,D,D,C,D,D,D,D,D,D,D,D,D,D,D,D,D,D,D,D,D,D,D,D,D,C,D,D,D,D,D,D,D
270,B,B,B,B,D,A,D,A,B,C,B,C,A,B,C,D,E,E,A,B,A,D,D,,,,,E,D,D,E,D,E,C,D,D,C,C,D,C,A,C,D,D,D,D,D,D,D,D,D,D,A,B,C,D,C,C,C,D
271,D,C,C,B,A,B,C,B,B,B,C,B,B,B,B,C,C,B,D,B,C,D,D,A,,,,,D,D,E,D,D,D,D,B,,C,C,C,C,C,D,D,D,D,D,D,D,D,D,D,C,C,D,C,D,C,D,D
272,D,D,E,A,A,A,A,A,A,A,A,A,A,A,C,B,C,D,D,B,B,C,C,A,,,,,D,D,E,D,E,B,B,B,B,B,B,B,B,C,C,C,C,C,C,C,C,C,C,D,D,D,D,D,D,D,D,D
273,C,B,A,B,B,C,B,C,C,D,C,B,B,C,B,C,E,E,B,B,B,B,C,,,,,E,D,D,E,D,E,D,C,C,C,C,C,C,C,C,D,D,D,D,D,D,D,C,D,D,C,B,C,D,D,D,C,D
274,C,E,A,E,B,D,A,B,C,B,A,C,A,A,A,C,A,B,A,D,A,D,A,,,,D,,B,D,A,D,B,D,B,C,D,B,A,C,B,D,B,D,A,D,B,A,D,C,A,D,B,D,,C,A,D,B,C
275,A,D,D,A,C,B,A,B,C,D,C,B,A,B,A,B,C,A,B,C,B,A,C,,,,,E,C,A,,B,A,C,,A,D,A,D,A,B,D,B,C,A,D,D,A,B,C,B,C,A,C,D,A,B,A,B,C
276,C,D,C,B,B,B,C,A,B,B,A,A,B,C,B,D,E,E,B,A,B,A,D,,,,,E,D,D,D,D,D,C,D,D,B,D,D,D,D,D,D,D,D,D,D,D,D,D,D,D,C,D,D,D,D,D,D,D
277,D,C,B,B,A,D,B,D,C,D,D,D,D,C,A,C,D,D,B,B,C,C,C,A,,,,,D,D,E,D,E,A,B,A,A,A,A,A,A,A,A,B,A,A,A,A,A,A,A,D,C,C,C,C,B,D,D,D
278,D,C,A,B,B,B,B,B,C,B,B,B,C,B,C,C,B,D,B,B,B,B,C,A,,,,,C,D,D,D,E,A,C,B,C,A,A,B,C,A,D,D,C,C,D,C,D,D,D,D,C,D,D,C,D,D,D,D
279,D,A,A,B,B,D,D,C,C,D,C,C,C,D,C,C,B,E,D,B,B,D,D,A,,,,,D,D,D,D,D,C,D,C,B,D,D,D,D,C,D,D,D,D,D,C,D,D,B,D,C,C,D,C,D,D,D,D
280,C,B,B,C,E,A,A,B,A,A,A,A,A,A,B,B,B,B,A,A,A,A,B,,,,,E,D,D,B,D,C,C,D,C,D,D,C,A,C,A,C,D,A,D,D,A,C,D,B,D,B,D,D,C,D,B,D,D
281,D,B,A,B,C,A,B,A,A,A,D,A,B,C,B,C,A,C,B,C,B,C,D,A,,,,,D,D,C,D,D,D,D,D,D,D,D,D,D,D,D,D,D,D,B,C,B,D,D,D,D,C,D,C,D,C,C,C
282,C,B,B,B,B,,A,A,A,A,A,A,A,A,B,C,D,D,B,A,A,B,D,A,,,,,D,D,E,D,E,A,A,A,A,A,A,A,A,A,D,D,D,D,D,D,D,D,D,D,C,C,D,D,D,D,D,D
283,A,C,C,B,B,A,C,A,A,A,A,A,B,B,C,C,C,E,C,B,A,C,C,A,,,,,B,C,A,D,E,C,C,A,C,A,A,A,C,A,D,D,D,D,D,D,D,D,D,D,A,A,D,D,D,C,D,D
284,D,E,D,E,A,C,C,C,C,C,C,C,A,C,B,C,E,E,B,B,B,B,B,A,,,,,D,D,E,D,E,B,B,B,B,B,B,B,B,B,B,B,B,B,B,B,B,B,B,D,D,D,D,D,D,D,D,D
285,A,A,A,A,A,A,D,A,A,A,A,A,A,A,A,A,A,B,D,B,C,D,D,A,,,,,A,A,A,C,A,D,A,C,B,D,A,D,B,C,D,A,C,D,A,D,B,D,A,C,B,C,D,A,B,C,A,C
286,D,D,A,B,B,B,C,A,A,C,B,C,B,C,B,B,B,D,B,A,A,C,C,,,,,E,C,C,C,D,D,C,D,D,B,A,C,C,A,C,C,D,B,C,D,C,D,D,D,D,C,C,C,D,C,D,D,D
287,C,B,A,B,A,B,C,A,B,B,A,A,A,A,B,C,B,A,B,A,A,C,C,,,,D,,C,D,E,D,E,B,C,B,B,B,B,B,B,B,D,D,D,D,D,D,D,D,D,D,D,D,D,D,D,D,D,D
288,C,A,A,C,A,A,D,A,A,A,A,A,A,A,A,A,B,D,D,A,B,B,A,,,,,E,A,D,A,D,B,A,D,A,A,A,A,A,A,A,D,C,A,B,D,B,A,D,D,C,B,D,D,A,C,A,D,D
289,C,B,B,B,B,A,C,A,B,B,A,A,B,A,B,B,A,A,A,A,A,C,C,,B,,,E,D,D,C,C,A,A,D,A,A,A,A,A,C,A,D,D,D,D,D,D,D,D,D,D,C,D,C,D,D,C,D,D
290,D,A,A,B,A,A,C,A,A,B,A,A,A,A,B,C,A,B,D,A,A,B,C,,,,,E,D,D,D,D,D,A,B,A,C,A,A,B,B,A,,D,D,D,D,D,D,D,D,D,C,D,D,B,C,D,D,D
291,D,C,C,B,C,D,D,D,D,D,D,D,D,D,C,C,A,A,D,D,B,D,D,A,,,,,D,D,E,D,E,A,A,A,A,A,A,A,A,A,D,D,D,D,D,D,D,D,D,D,D,D,D,D,D,D,D,D
292,D,B,B,B,D,C,A,C,C,D,C,D,C,D,D,D,E,E,D,A,B,B,D,A,,,,,D,D,D,D,E,C,C,C,C,C,C,C,C,C,D,D,D,D,D,D,D,D,D,D,C,D,D,D,D,D,D,D
293,B,C,C,B,B,A,C,A,A,A,A,A,A,A,D,D,C,D,A,B,B,D,D,,,,,E,D,D,E,D,D,C,C,C,C,C,C,C,C,C,D,D,D,D,D,D,D,D,D,D,D,D,D,D,D,D,D,D
294,A,E,D,E,A,A,A,A,A,A,A,A,D,A,B,D,E,E,D,D,D,D,D,A,,,,,A,A,A,A,C,C,C,C,C,C,C,C,C,C,D,D,D,D,D,D,D,D,D,D,D,D,D,D,D,D,D,D
295,C,D,E,B,A,B,C,A,B,A,A,A,B,B,C,C,B,E,C,B,B,D,C,A,,,,,D,D,E,B,E,C,C,C,B,B,C,C,A,C,C,D,D,C,B,D,D,D,C,D,C,D,C,D,B,D,D,D
296,B,C,B,B,A,A,A,A,B,C,B,C,B,C,B,C,B,D,B,B,A,D,C,A,,,,,C,C,B,D,D,A,C,C,B,C,B,C,A,B,B,C,C,C,D,C,C,C,C,D,C,C,C,D,,,,
297,A,C,B,B,C,A,C,D,B,C,D,A,B,C,C,A,B,A,C,A,D,B,C,,B,,,,C,A,B,C,B,D,B,A,A,C,A,C,B,A,C,,B,A,C,B,A,C,B,A,C,,A,C,B,A,B,C
298,A,C,B,C,A,A,C,A,B,A,A,A,C,A,A,A,A,B,D,B,C,C,A,,B,,,,D,D,B,C,B,A,A,A,A,A,A,A,A,A,C,C,A,C,D,A,A,D,A,B,B,A,B,A,B,A,D,C
299,D,A,B,A,A,A,C,B,A,A,C,D,B,C,C,C,C,C,C,A,B,C,C,,B,,,,D,D,E,D,E,B,D,D,B,D,A,C,A,A,C,C,C,C,D,B,D,D,B,D,C,D,B,C,D,D,D,D
300,C,A,B,B,B,A,A,A,A,A,A,B,A,B,C,D,B,D,D,A,A,A,D,,B,,,E,D,D,D,D,D,D,D,A,A,A,A,B,A,A,D,D,D,D,D,D,D,D,D,D,D,D,D,D,D,D,D,D
301,B,B,B,B,B,A,D,A,A,B,A,B,A,B,B,B,B,A,C,A,A,C,C,,,,,E,D,D,C,D,D,A,D,A,A,A,A,A,A,A,D,D,D,D,D,D,D,D,A,D,B,D,B,D,D,D,D,D
302,D,B,B,B,A,A,A,A,A,A,A,A,A,A,B,B,B,B,D,D,D,D,D,,,,,E,D,D,E,D,E,D,C,D,C,D,B,B,C,B,A,B,B,B,B,D,D,D,C,C,C,C,B,C,B,B,B,C
303,C,A,A,B,B,A,C,A,A,B,A,A,B,B,D,D,B,A,B,A,A,A,D,A,,,,,D,D,E,D,D,A,C,A,C,D,A,B,A,D,D,D,D,D,D,D,D,D,D,D,C,C,C,D,D,D,D,D
304,C,B,E,E,A,A,D,D,D,C,B,D,A,B,A,B,D,A,D,B,C,A,D,A,,,,,D,B,B,A,E,A,A,A,B,A,A,D,D,A,D,D,D,D,D,D,D,D,D,D,D,D,D,D,D,D,A,D
305,A,C,B,B,B,A,C,B,A,A,A,A,A,A,B,C,B,D,C,A,B,D,D,,,,,E,B,C,C,D,E,A,B,B,A,A,A,C,A,A,A,B,B,A,C,C,B,A,A,D,B,D,C,C,C,D,C,C
306,D,D,B,B,B,A,B,B,B,C,C,B,B,A,B,C,E,E,D,A,B,B,C,A,,,,,D,C,C,D,D,B,B,B,B,B,B,B,B,B,C,C,D,D,C,C,C,C,C,D,B,B,B,C,D,D,D,C
307,A,E,C,B,A,B,D,B,B,A,B,C,A,B,A,A,B,D,C,A,B,C,B,,B,,,,B,A,C,B,E,B,C,C,B,C,A,B,A,C,B,C,C,B,C,A,B,A,C,D,D,C,B,D,A,B,A,B
308,D,B,B,B,C,A,C,A,A,A,A,A,A,A,D,D,A,E,A,A,A,A,D,A,,,,,D,D,D,D,D,A,D,A,A,A,A,A,A,A,D,A,D,D,D,D,D,D,D,D,D,D,D,D,D,D,D,D
309,C,B,C,C,C,A,D,A,A,C,A,A,A,B,B,C,B,B,B,A,B,A,C,A,,,,,B,A,B,A,B,C,C,C,A,A,A,B,B,B,,A,C,D,A,C,A,C,A,C,A,C,C,A,A,C,B,D
310,D,B,C,B,C,C,C,A,A,C,A,A,A,A,B,B,B,B,B,B,D,D,D,,,,,E,A,B,C,D,D,D,C,A,D,C,B,B,B,B,C,A,A,A,A,C,A,C,D,D,D,C,C,A,A,A,A,B
311,D,C,A,A,B,A,C,C,B,B,B,C,B,B,B,C,C,D,C,B,B,B,A,A,,,,,D,D,D,D,B,C,C,B,B,B,B,B,B,B,C,C,C,C,C,C,C,C,C,D,D,D,D,C,C,D,D,C
312,A,B,B,B,A,A,D,A,A,A,A,A,A,A,B,A,A,B,A,C,B,C,A,,B,,D,E,C,C,E,C,E,A,D,C,A,A,A,A,A,A,D,D,D,A,D,A,D,A,A,D,A,A,A,A,C,A,B,C
313,C,B,B,B,B,A,C,B,A,A,A,A,A,A,C,D,E,E,D,A,B,B,D,A,,,,,D,D,E,D,E,A,A,A,A,A,A,A,A,A,D,D,D,D,D,D,D,D,D,D,D,D,D,D,D,D,D,D
314,D,C,C,B,B,A,C,A,C,B,A,B,B,A,A,C,B,D,D,A,A,D,D,,,,,E,D,D,B,C,D,C,C,C,C,B,C,C,B,B,D,D,C,B,D,C,D,D,D,D,D,D,C,D,D,C,D,D
315,A,C,C,C,C,B,B,B,B,B,B,B,B,B,B,B,E,E,B,B,B,B,B,A,B,,,E,B,B,B,B,B,D,D,D,D,D,D,D,D,D,D,D,D,D,D,D,D,D,D,D,D,D,D,D,D,D,D,D
316,D,B,B,B,B,A,D,A,A,A,A,C,A,A,C,C,A,D,C,A,A,D,A,A,,,,,D,D,E,D,D,A,D,A,A,A,A,B,A,A,D,D,D,D,D,D,D,D,D,D,C,C,D,D,D,D,D,D
317,B,D,A,B,B,B,C,A,B,D,C,D,C,A,C,C,E,E,D,B,A,D,D,,,,,E,D,D,D,D,D,A,C,A,C,A,A,A,C,A,C,D,D,D,D,D,D,D,C,D,C,B,D,D,D,C,C,B
318,C,A,A,B,A,A,C,B,C,C,D,C,B,D,C,D,D,E,C,D,C,D,C,,,,D,,D,D,D,D,D,A,D,A,A,A,A,A,A,A,D,D,D,D,D,D,D,D,D,D,D,D,D,D,D,D,D,D
319,A,C,A,B,A,A,D,A,C,A,A,A,C,A,D,D,E,A,D,D,D,A,D,,,,,E,D,D,C,D,D,A,D,A,D,A,A,A,D,A,D,D,D,D,D,D,D,D,D,D,D,D,D,D,C,D,D,D
320,C,B,A,B,A,A,A,A,A,A,A,A,A,A,D,D,B,A,D,A,B,A,D,A,,,,,D,D,E,D,E,A,A,A,A,A,A,A,A,A,D,D,D,D,D,D,D,D,D,D,D,C,D,D,D,D,D,D
321,C,C,C,B,A,C,C,C,B,C,D,D,B,D,B,C,B,D,C,B,B,C,D,A,,,,,B,C,D,D,D,C,C,D,C,C,C,D,B,C,C,C,D,C,C,D,D,C,D,D,C,D,D,D,D,D,D,C
322,B,A,A,A,B,C,C,C,C,C,C,C,C,C,C,D,E,E,A,A,A,D,D,A,,,,,D,D,E,D,E,A,A,A,A,A,A,A,A,A,D,D,D,D,D,D,D,D,D,D,C,B,D,D,D,D,B,D
323,D,C,A,B,B,B,C,B,B,B,B,B,B,B,B,A,D,D,C,B,B,B,C,,,,,E,B,A,C,D,E,A,A,A,A,A,A,A,A,A,C,C,C,C,C,C,C,C,C,D,C,C,D,D,B,D,D,C
324,C,B,D,B,B,A,C,D,B,A,D,C,D,C,B,D,D,A,A,A,A,B,C,,,,,E,D,D,D,D,D,D,*,C,C,C,D,D,D,D,B,C,D,B,C,D,D,C,B,D,D,D,D,D,D,D,D,D
325,B,A,B,A,D,D,D,D,D,D,D,D,D,D,B,B,B,D,C,A,D,C,A,,,,D,,C,D,D,D,D,B,D,C,A,B,B,B,B,B,D,D,D,D,D,D,D,D,D,D,C,D,C,D,D,D,D,D
326,D,B,C,B,B,A,D,A,B,A,A,A,A,A,C,B,E,E,B,A,B,A,C,A,,,,,D,D,D,D,D,C,C,C,C,B,B,B,B,B,D,D,D,C,D,D,D,C,C,D,D,D,D,D,D,D,D,D
328,D,B,B,B,A,A,C,B,B,A,B,C,B,B,B,B,E,E,B,A,B,B,D,A,,,,,D,D,E,D,E,C,C,C,B,C,C,C,B,C,C,C,C,B,D,C,C,B,C,D,D,D,D,D,D,D,D,D
329,D,D,E,A,B,A,D,A,A,A,A,A,A,A,D,C,B,B,B,B,C,C,B,A,,,,E,D,D,E,B,E,D,D,A,A,A,A,A,A,A,B,B,D,B,D,B,D,D,B,D,C,C,C,C,C,D,C,D
330,D,D,B,B,A,A,C,A,A,B,B,A,A,A,C,C,E,E,B,B,B,B,D,A,,,,,C,C,D,C,C,D,D,D,D,D,D,D,D,C,D,D,D,D,D,D,D,D,C,D,D,D,D,D,D,C,C,D
332,D,C,A,B,B,A,D,A,B,B,C,D,B,A,D,D,E,E,D,A,A,,D,A,,,,,D,D,D,D,D,B,D,C,A,A,C,B,A,B,D,D,D,D,D,D,D,D,D,D,C,D,D,D,D,D,D,D
333,D,A,A,B,A,D,D,D,D,D,D,D,D,C,D,D,C,E,B,B,B,B,C,A,,,,,C,D,E,D,E,D,D,D,D,D,D,D,D,C,D,D,D,D,D,D,D,D,C,D,D,D,D,D,D,D,D,D
334,D,B,A,B,B,A,A,A,A,A,A,A,A,A,A,B,A,E,D,A,A,D,C,,,C,D,E,D,D,E,D,E,D,D,D,D,D,D,D,D,D,D,D,D,D,D,D,D,D,D,D,C,C,D,C,D,D,C,D
335,D,D,A,B,B,C,D,C,C,A,C,D,C,C,C,B,C,D,C,C,D,C,D,,,,,E,D,C,C,C,D,D,C,C,C,D,A,B,B,B,B,C,C,D,C,B,A,B,B,C,C,D,C,C,D,B,C,C
336,D,B,B,A,A,B,B,A,B,C,C,C,A,B,B,C,E,E,A,A,A,A,D,,,,,E,D,D,A,C,D,B,C,C,A,C,A,A,A,C,C,A,A,C,C,C,D,C,D,D,D,D,D,D,D,C,D,B
337,D,E,E,A,A,B,B,B,B,B,B,A,A,B,B,B,E,E,C,A,A,D,C,A,,,,,D,D,E,D,E,D,D,A,B,B,B,B,B,B,D,D,D,D,D,D,D,D,D,D,D,D,D,D,D,D,D,D
340,D,B,B,B,B,B,D,A,A,B,A,A,A,A,D,D,E,E,D,A,B,A,D,A,,,,,C,D,D,D,D,A,A,D,C,D,C,D,B,C,D,D,D,D,D,D,D,D,D,D,C,D,D,C,D,D,D,D
343,B,C,B,B,A,A,D,B,B,B,A,B,B,B,B,B,A,E,D,A,A,A,C,A,,,,,C,D,D,D,D,C,D,D,C,D,D,C,B,B,D,D,C,D,D,D,C,D,D,D,B,C,D,C,D,D,D,D
344,C,B,E,B,A,B,C,D,C,D,D,D,D,D,C,D,E,E,D,A,D,D,D,A,,,,E,D,D,E,D,E,B,D,D,D,D,D,D,D,D,D,D,D,D,D,D,D,D,D,D,D,D,D,D,D,D,D,D
346,C,B,A,B,B,A,B,B,B,A,A,A,A,A,C,C,B,E,B,A,C,C,D,,,,,E,D,D,D,D,D,A,D,B,B,A,A,A,B,A,D,D,D,D,D,D,D,D,D,D,C,C,D,D,D,C,D,D
347,B,B,E,B,A,B,C,A,B,C,A,B,C,B,A,A,C,C,C,B,D,B,A,,B,,,,B,C,D,C,D,C,D,B,C,C,B,B,C,C,C,D,B,C,D,D,D,D,B,B,C,C,B,B,C,B,D,C
348,A,D,B,B,B,A,C,A,B,B,A,A,A,A,B,B,A,D,C,A,B,A,C,A,,,,,D,D,D,D,D,B,C,B,B,B,B,A,B,A,C,B,A,C,D,B,C,D,C,D,C,C,D,D,D,D,D,D
349,A,B,B,B,A,A,B,B,A,B,D,D,B,D,A,A,B,D,D,B,B,A,D,,,,D,,B,A,A,D,D,B,C,C,A,A,C,B,A,A,B,B,C,B,A,C,C,B,C,D,B,A,C,B,B,A,D,B
351,C,B,B,B,A,B,C,B,A,B,B,B,B,B,B,B,A,D,C,B,B,B,C,,,,,E,D,B,C,C,C,B,B,B,B,B,B,B,B,A,C,C,C,B,C,D,D,C,B,D,C,D,C,D,C,D,C,C
352,D,B,A,B,B,A,C,A,A,A,A,A,A,A,C,D,A,E,D,B,B,C,D,A,,,,,C,D,D,D,D,D,D,D,D,D,D,D,D,D,D,D,C,C,D,C,D,D,C,D,D,D,D,D,C,D,D,D
353,D,B,B,B,C,A,B,A,A,A,A,A,A,A,C,C,C,E,D,A,C,C,C,A,,,,,D,D,D,D,D,B,C,B,B,B,B,B,B,B,D,D,D,D,D,D,D,D,D,D,D,D,D,D,D,D,D,D
354,C,A,A,B,B,A,C,A,C,C,D,D,A,C,D,D,A,A,D,A,A,D,D,,,,,E,D,D,E,D,E,D,D,D,D,D,D,D,D,D,D,D,D,D,D,D,D,C,D,D,C,D,D,C,C,D,D,D
356,C,A,A,B,A,A,D,B,A,A,A,A,A,A,B,A,A,B,A,A,B,A,C,A,,,,,D,D,A,D,D,A,D,A,A,A,A,A,A,A,D,D,B,C,D,D,D,D,D,D,C,C,D,D,D,C,D,D
357,D,B,D,C,A,B,D,A,B,C,A,A,B,A,B,B,A,B,B,B,A,B,D,,,,,E,D,D,C,D,D,A,D,A,B,B,A,B,B,A,D,D,C,B,B,A,B,A,A,D,C,C,D,B,D,D,D,D
358,D,B,B,B,B,A,C,B,C,A,C,C,B,C,B,B,B,B,B,A,B,B,B,,,,,,C,D,E,D,E,B,D,D,C,D,D,D,D,A,C,D,D,C,D,D,D,D,D,D,D,D,D,D,D,D,D,D
359,B,C,B,B,B,C,D,A,A,A,B,C,D,A,A,A,B,D,C,A,A,B,C,,,,D,E,D,D,D,C,E,D,D,C,B,D,D,A,A,A,C,D,D,D,D,B,A,D,D,D,B,A,B,C,B,D,D,A
360,C,C,B,B,B,A,D,B,A,A,C,B,A,B,D,D,B,D,D,B,B,D,D,A,,,,,C,D,E,C,E,D,D,D,C,D,D,D,A,D,D,D,D,D,D,D,D,D,D,D,D,D,D,D,D,D,D,D
361,A,C,A,C,B,B,C,C,B,C,C,D,C,B,A,A,B,D,B,B,A,C,A,,B,,,,C,B,D,D,D,B,D,C,D,B,C,C,B,B,D,D,D,C,D,D,D,D,D,D,D,B,D,A,D,B,D,D
362,D,B,A,B,B,B,C,A,C,C,B,B,B,B,C,C,B,E,A,A,A,C,A,A,,,,,D,D,D,D,D,B,C,B,C,A,C,C,B,B,C,D,D,C,D,D,D,C,C,D,D,D,C,D,D,C,D,D
363,B,C,D,C,B,C,B,A,D,B,B,C,A,B,B,B,D,B,D,B,A,C,D,A,,,,,C,C,C,C,B,A,C,B,A,D,B,C,A,A,C,C,A,A,D,A,A,B,C,A,C,C,A,A,C,D,D,B
364,C,B,A,B,B,A,C,B,A,B,B,B,B,B,C,C,A,D,B,A,A,B,C,,,,,E,C,C,B,D,B,B,D,C,B,B,C,C,B,B,B,C,B,A,D,C,C,B,C,D,B,C,D,C,C,D,D,C
365,D,B,C,B,B,A,D,A,B,B,A,A,B,A,C,D,E,E,D,B,B,B,D,A,,,,E,D,D,D,D,D,A,B,A,A,A,A,B,B,A,D,D,D,D,D,D,D,D,D,D,D,D,D,D,D,D,C,D
367,A,C,D,B,B,A,B,A,B,A,A,C,B,C,A,B,B,B,C,B,A,B,C,,,,,E,C,C,D,D,B,C,C,D,B,C,A,A,A,A,D,C,C,C,D,C,D,B,D,B,A,A,C,C,D,C,D,C
368,D,A,B,B,B,A,B,B,B,A,B,B,B,A,C,C,B,D,B,A,A,A,C,A,,,,,C,D,E,D,E,C,C,C,C,C,C,C,B,C,D,D,D,C,D,D,D,C,D,D,D,C,C,D,D,D,D,D
369,D,C,C,B,D,A,D,B,A,,B,B,A,A,A,B,A,B,B,B,C,C,C,,,,,E,D,D,D,C,C,C,D,B,B,C,B,B,B,A,D,D,C,B,D,D,D,D,B,B,A,B,A,B,D,D,D,A
370,C,E,C,A,A,A,B,B,B,B,B,C,C,B,C,B,A,D,C,B,B,B,C,A,,,,,C,D,E,D,E,C,C,C,C,B,D,C,C,B,D,D,D,D,D,D,D,D,D,D,D,C,D,D,D,C,C,D
371,D,C,A,B,A,A,D,A,D,D,D,C,A,D,A,A,C,D,C,A,A,A,B,A,,,,,D,C,E,D,E,A,D,D,B,A,D,D,A,B,D,D,D,B,C,B,C,C,C,D,D,C,D,C,D,C,D,B
373,C,C,A,B,B,B,C,A,A,B,A,B,B,B,B,C,E,D,D,B,B,B,C,A,,,,,B,B,B,D,C,A,A,A,B,A,A,A,A,A,B,A,B,B,D,B,B,C,C,D,C,C,C,C,C,D,A,D
374,D,B,A,B,A,A,B,A,A,A,A,A,A,A,D,D,E,E,A,A,D,A,D,A,,,,,D,D,D,D,E,A,D,C,B,A,C,B,A,A,D,D,D,D,D,D,D,D,D,D,D,D,D,D,D,D,D,D
375,D,A,B,B,B,A,D,A,A,A,B,B,B,A,B,C,A,E,B,A,A,B,D,A,,,,,D,D,D,D,D,A,B,B,B,C,A,B,B,B,D,D,D,C,D,C,D,D,D,D,C,D,D,D,D,C,D,D
376,D,B,A,B,A,A,D,A,A,A,A,A,A,A,C,D,A,E,D,A,A,A,D,A,,,,,D,D,D,D,D,D,D,D,D,D,D,D,D,D,D,D,D,D,D,D,D,D,D,D,C,D,D,D,D,D,D,D
377,B,E,B,B,B,A,C,A,A,B,B,C,A,A,C,C,B,D,C,B,B,B,C,,,,,E,C,D,E,C,E,C,C,C,B,B,C,C,A,C,D,D,D,C,D,D,D,D,D,D,B,D,D,D,C,C,D,D
378,C,B,B,B,C,A,D,A,A,B,A,A,B,A,B,B,E,E,B,A,A,A,B,A,,,,,D,D,D,B,B,D,D,C,C,D,C,D,C,D,D,D,B,C,D,C,D,D,D,C,B,B,D,C,D,C,D,D
379,B,B,A,B,A,D,D,A,D,D,A,C,D,D,D,D,E,E,B,B,D,D,D,A,,,,,D,D,D,D,D,D,D,D,D,D,D,D,D,D,D,D,D,D,D,D,D,D,D,D,D,D,D,D,D,D,D,D
380,D,B,B,A,B,B,B,D,B,B,C,D,B,B,C,B,B,A,B,B,B,C,C,A,,,,,D,C,C,C,D,B,D,B,A,C,C,D,B,B,B,D,B,B,D,C,D,D,B,D,D,D,D,D,D,,,
381,C,B,B,B,A,C,C,C,C,C,C,C,C,C,A,A,B,A,A,A,A,A,A,A,,,,,A,A,B,B,B,D,D,D,D,D,A,A,A,A,A,A,A,A,B,D,D,D,D,D,D,D,D,D,D,D,D,D
382,A,A,B,A,A,B,C,B,B,B,C,C,D,B,A,A,A,D,B,A,A,,,,,,,E,B,B,,D,D,A,D,,D,B,,C,B,A,C,D,C,B,C,D,C,C,A,D,C,D,D,C,C,B,D,B
383,C,B,A,B,B,A,C,C,A,A,B,C,A,A,B,B,A,E,A,A,B,B,C,A,,,,,D,C,E,D,E,A,D,D,A,A,B,C,A,A,D,D,D,D,D,D,D,D,D,D,C,B,C,C,C,C,D,D
384,D,C,A,B,B,A,D,A,A,A,A,C,A,A,B,A,A,B,D,A,A,D,D,A,,,,,D,D,D,D,C,*,D,A,A,A,A,C,A,A,D,D,D,D,D,D,D,D,D,D,C,D,D,C,D,D,B,D
385,D,E,E,A,A,D,D,D,D,D,D,D,D,D,B,B,C,D,B,B,D,C,B,A,,,,,B,B,D,B,D,D,D,D,D,D,D,D,D,D,B,D,B,D,D,D,D,B,B,D,B,B,C,B,B,D,D,B
386,B,C,C,A,A,B,C,B,B,B,B,B,B,B,B,B,C,A,C,B,B,B,C,A,,,,,C,B,E,D,E,B,C,B,C,C,B,C,C,B,D,C,D,D,D,D,D,D,D,D,C,C,C,C,C,C,D,D
387,A,B,B,B,A,A,B,A,A,C,C,D,C,D,D,D,B,A,D,B,A,C,A,A,,,,,A,C,E,D,E,A,D,C,C,A,D,C,C,A,D,D,D,B,D,D,D,D,D,D,C,D,D,D,D,D,D,C
390,D,A,B,B,A,D,D,D,D,D,D,D,D,D,,B,B,D,D,,D,D,C,A,,,,,B,B,D,D,D,A,A,A,D,D,A,D,D,D,B,A,D,D,D,D,D,D,D,D,C,C,C,A,D,D,D,B
391,D,B,A,B,C,D,D,C,B,B,C,A,A,A,A,C,B,E,B,B,B,C,D,A,,,,,D,D,D,D,C,B,C,C,B,A,B,C,D,A,D,D,D,B,D,D,D,C,D,D,D,D,C,D,D,C,D,D
393,C,B,B,B,A,A,C,B,A,B,B,B,A,B,A,B,A,D,B,B,B,C,C,,,,,E,D,D,B,B,A,B,C,B,B,B,B,B,B,A,C,C,B,B,D,B,B,B,B,A,A,A,B,A,B,B,B,A
394,D,B,B,B,A,A,D,A,B,B,A,A,B,B,A,A,A,D,D,A,B,B,D,A,,,,,D,D,E,D,E,A,A,A,A,A,A,A,A,A,D,D,D,D,D,D,D,D,D,D,D,D,D,D,D,D,D,D
395,D,B,B,B,B,A,D,A,A,A,A,A,A,A,B,B,B,B,D,A,C,B,B,,B,,,E,D,D,D,D,D,A,A,A,A,A,A,A,A,A,D,D,D,D,D,D,D,D,D,D,B,B,C,B,D,B,D,D
396,D,B,A,A,B,A,B,A,A,A,A,B,A,A,B,D,E,E,D,A,A,A,D,A,,,,,D,D,D,D,D,C,C,C,C,C,C,C,C,A,D,D,D,D,D,D,D,D,D,D,C,D,C,D,D,D,D,D
397,D,B,C,B,B,A,D,A,C,A,A,B,B,A,A,C,A,B,B,B,C,C,C,A,,,,,D,D,C,B,D,C,C,C,C,C,C,C,C,C,D,D,D,D,D,D,D,D,D,D,D,C,D,B,D,C,D,D
398,D,B,B,B,A,A,D,D,C,B,D,D,B,D,D,D,C,E,D,A,A,C,D,,,,,E,D,D,E,D,D,A,D,D,D,B,D,D,B,B,D,D,D,D,D,D,D,D,D,D,D,D,D,D,D,D,D,D
399,B,B,A,A,A,A,B,A,A,A,A,A,A,A,A,C,B,D,D,A,B,B,D,A,,,,,D,C,D,D,D,A,D,B,B,A,A,A,A,A,D,D,D,D,D,D,D,D,D,D,A,A,B,B,D,B,D,D
400,B,B,B,B,A,C,D,,D,B,,C,D,B,B,,C,D,,,A,D,,,,,,,,D,D,,D,,,,,,A,A,A,A,D,D,D,D,D,D,D,D,D,D,C,D,D,D,D,D,D,D
402,D,B,D,B,A,C,C,C,A,D,C,C,C,C,A,A,A,C,B,A,B,B,B,A,,,,,C,C,D,C,D,B,A,B,C,A,A,C,A,B,C,C,C,A,C,D,A,C,C,D,D,C,C,C,D,D,D,D
403,D,B,B,B,B,B,D,C,C,C,D,D,C,C,B,B,B,B,C,B,B,B,B,A,,,,,C,D,D,D,B,D,D,B,C,D,D,B,D,B,D,D,C,D,D,C,C,D,C,C,D,B,D,B,D,C,D,B
404,C,C,A,B,B,A,C,B,B,B,A,A,A,A,B,B,A,C,D,B,B,D,B,,B,,,,D,C,E,D,E,B,B,B,B,B,B,B,B,B,C,C,C,C,C,C,C,C,C,D,C,B,D,C,C,D,D,C
406,D,E,A,B,C,D,B,D,C,D,C,B,A,D,A,D,E,E,D,A,A,C,C,,,,,E,D,D,E,D,E,D,D,D,C,D,D,D,D,C,D,D,B,C,D,D,C,D,D,D,D,D,D,C,C,B,C,D
407,D,B,B,B,B,A,C,A,A,B,A,A,B,B,B,B,B,B,B,B,B,B,C,A,,,,,D,D,E,D,E,B,C,B,C,B,B,B,B,A,B,D,D,D,D,C,D,D,D,D,D,D,D,D,D,D,D,D
408,D,B,A,,A,A,D,A,A,,A,,,A,D,D,B,E,D,A,A,B,,,,,,E,D,D,,,,,,D,,,D,D,C,D,D,,D,,D,D,D,D,D,D,C,,,D,D,D,,D
409,C,B,A,B,B,B,C,B,A,B,C,A,A,C,B,C,A,D,C,A,B,C,D,,,,,E,C,C,C,D,E,B,C,D,B,D,B,B,C,A,D,C,C,B,D,C,B,D,D,C,C,D,C,C,C,D,D,D
410,D,B,B,A,B,A,B,C,A,A,B,D,C,C,D,D,E,E,D,A,D,C,C,A,,,,,D,D,D,D,D,A,B,C,B,B,C,C,B,A,D,C,C,B,B,B,D,C,D,D,C,C,B,C,D,D,D,D
411,C,E,A,C,A,A,B,C,A,B,C,C,A,B,A,C,A,D,D,B,B,D,C,A,,,,,D,D,E,D,E,A,C,C,A,B,C,C,A,B,C,B,C,B,C,B,C,B,B,D,D,B,D,D,D,C,D,C
412,A,A,A,B,A,A,C,A,A,C,C,A,A,A,B,B,B,A,C,B,B,C,C,,,,,E,A,D,C,B,D,D,D,D,D,D,A,D,A,D,A,D,A,A,D,A,D,C,B,B,A,B,D,C,C,A,C,C
414,D,B,B,B,B,A,B,A,B,B,B,A,B,D,B,,E,E,D,B,B,B,B,A,,,,,D,D,D,D,D,A,B,A,A,A,A,B,B,A,D,D,D,D,D,D,D,D,D,D,D,D,D,D,D,D,D,D
415,C,B,B,B,B,A,C,D,C,B,C,C,A,C,A,A,B,E,D,B,A,B,D,,B,,,,D,C,D,C,C,B,C,C,A,A,B,C,A,C,D,B,C,B,D,C,C,A,C,C,B,D,B,D,D,A,D,D
417,B,B,B,B,B,C,D,B,A,D,B,C,C,C,B,C,A,B,D,B,C,C,C,,B,,,E,C,D,E,D,E,A,D,B,C,A,B,B,B,B,D,D,C,C,D,D,D,D,B,D,A,B,B,A,D,D,D,D
418,C,A,A,B,B,A,D,A,A,A,A,B,A,A,A,B,A,E,D,A,A,D,D,A,,,,,D,D,D,D,D,B,D,B,B,A,C,D,B,B,C,D,C,C,D,C,D,D,C,D,C,B,D,D,D,D,D,D
419,C,B,A,B,B,A,D,A,A,A,A,B,A,A,C,C,C,A,D,B,C,C,D,A,,,,,D,D,E,D,E,A,D,A,D,D,A,A,D,A,D,D,D,D,D,D,D,D,D,D,D,D,D,D,D,D,D,D
420,C,B,A,B,C,D,D,A,A,A,A,A,A,A,C,C,B,E,B,A,B,A,D,A,,,,,D,D,D,D,C,D,D,C,B,D,B,C,B,A,D,D,C,D,D,D,D,D,D,D,D,D,D,C,D,D,D,D
421,A,D,B,B,A,B,C,B,B,B,B,C,B,B,B,C,C,D,D,A,B,C,D,A,,,,,C,D,E,C,E,A,D,C,B,A,C,C,B,B,D,D,D,D,D,D,D,D,D,D,B,D,C,C,D,D,D,D
422,A,D,C,A,A,B,C,B,A,A,B,B,A,A,C,B,B,E,B,B,B,C,C,,,,,E,D,C,E,D,E,D,D,D,D,D,D,D,D,D,D,D,D,D,D,D,D,D,D,D,B,D,C,D,D,C,D,D
423,C,B,C,B,B,A,C,A,A,B,A,A,C,A,B,C,B,D,D,A,B,D,D,,,,,E,D,D,D,C,D,C,D,A,A,C,A,A,A,B,D,D,D,C,D,B,D,D,B,D,B,A,C,B,D,D,D,B
424,C,A,B,B,A,A,D,B,A,B,A,C,B,A,C,C,D,E,D,B,B,D,C,A,,,,,D,D,D,D,C,C,D,C,C,C,C,A,B,C,D,D,B,D,D,C,D,D,D,C,D,B,C,D,D,D,D,D
425,C,A,B,B,C,D,B,D,C,D,C,D,C,D,C,B,C,E,D,B,B,D,D,A,,,,,D,D,E,D,E,C,B,C,C,D,D,D,B,D,D,A,D,D,D,D,D,D,D,D,D,C,D,D,D,D,D,D
426,A,E,B,B,C,D,D,D,D,D,D,D,D,A,D,D,A,A,A,A,D,A,A,,B,,,,A,C,C,D,D,A,D,D,D,D,D,D,D,D,D,D,D,A,D,D,D,A,D,D,D,D,D,C,C,C,D,D
427,D,B,B,B,B,A,A,A,A,A,B,B,B,A,B,B,B,D,B,B,B,B,C,A,,,,,D,D,E,D,E,A,B,B,B,B,A,A,A,A,A,A,A,A,A,A,B,B,B,D,D,D,D,D,D,D,D,B
428,D,B,A,B,B,A,D,A,A,A,B,C,B,A,B,D,A,D,D,A,A,A,D,A,,,,,D,D,D,D,D,A,D,A,C,A,A,A,B,A,D,D,D,D,D,D,D,D,D,D,D,C,D,D,D,D,D,D
429,D,D,D,B,B,B,C,C,A,D,C,C,B,B,A,B,B,D,D,B,B,D,D,A,,,,,B,B,D,D,D,B,B,B,B,B,B,B,B,B,B,A,C,C,D,C,D,C,C,C,B,A,C,B,C,C,D,C
430,B,B,A,B,B,A,C,A,A,C,A,A,A,A,D,D,A,A,A,A,A,B,D,,,,,E,C,D,D,D,D,A,D,D,D,D,B,C,C,A,A,D,D,C,D,D,C,D,C,D,C,C,D,D,D,D,D,C
431,C,B,B,A,B,A,D,C,B,D,C,C,B,B,B,B,C,A,A,B,C,B,D,,B,,,,B,B,B,B,B,B,D,B,A,C,C,A,D,D,B,C,C,C,C,A,A,A,B,C,B,B,D,D,C,B,C,D
432,C,A,B,B,B,A,D,A,C,A,A,A,B,B,D,D,A,E,D,D,A,A,D,,,,,E,C,D,D,D,D,D,D,D,C,D,D,D,B,D,D,D,D,D,D,D,D,D,C,D,B,C,D,D,D,D,D,C
433,B,C,B,C,B,A,D,C,A,A,C,A,A,A,A,A,A,B,B,C,D,A,B,,B,,,E,C,C,E,D,E,A,D,D,B,B,B,A,A,A,D,D,D,C,D,D,D,C,A,D,B,A,D,B,D,C,D,C
434,C,A,B,B,B,A,D,A,B,B,A,B,A,A,B,C,A,B,D,A,B,C,D,A,,,,,D,D,D,D,D,B,D,D,B,D,D,D,A,B,D,D,D,D,D,D,D,D,C,D,B,C,D,C,D,D,D,D
435,C,B,A,C,A,D,D,C,B,C,C,C,D,B,D,D,B,E,D,C,C,D,D,A,,,,,D,D,E,D,E,B,C,C,B,A,C,C,A,B,D,D,D,D,D,D,D,D,D,D,C,C,C,D,D,D,D,D
436,C,B,B,B,B,A,B,B,A,B,B,C,B,B,D,D,E,E,D,A,B,D,D,A,,,,,D,D,D,D,D,A,C,B,C,A,B,B,B,A,D,D,D,D,D,D,D,D,D,D,D,C,D,D,D,D,C,D
437,D,C,A,B,A,B,C,A,A,B,B,A,A,A,B,B,B,A,D,A,B,D,D,A,,,,,D,D,E,D,E,D,D,C,B,C,D,D,A,C,D,D,D,D,D,D,D,D,D,D,D,D,D,C,D,D,D,D
438,B,C,A,B,B,A,D,B,A,A,A,A,A,A,A,B,B,D,D,B,B,D,C,,,,,E,D,B,D,D,E,B,D,B,A,A,A,D,A,A,D,D,D,B,D,D,D,D,B,D,B,B,C,C,B,C,D,C
439,D,B,A,B,A,B,D,B,B,B,D,D,B,B,A,C,B,B,D,A,B,D,C,A,,,,,D,D,E,D,E,A,D,B,C,A,C,B,C,A,D,D,D,D,D,D,D,D,B,D,A,B,C,B,D,D,D,D
440,C,B,A,B,B,B,C,B,B,B,B,C,B,C,C,C,C,E,D,B,B,C,C,A,,,,,D,D,E,D,E,B,B,B,B,B,B,B,B,B,D,D,D,D,D,D,D,D,D,D,D,D,D,C,D,D,D,D
441,B,C,A,B,B,A,D,A,B,B,A,B,B,A,C,C,B,C,D,B,B,D,C,,,,,E,D,D,E,D,E,A,B,A,B,A,A,A,B,B,B,D,D,C,D,D,D,D,B,D,B,D,D,D,D,D,D,D
442,A,B,A,A,A,A,C,B,A,A,A,A,A,A,B,B,A,B,B,A,A,B,B,,B,C,,E,D,C,E,D,E,A,C,B,A,B,A,B,A,A,D,D,D,D,D,D,D,D,D,D,B,B,C,B,C,D,D,D
443,B,B,B,B,A,B,D,D,B,B,B,D,C,B,D,D,E,E,D,A,B,D,D,,,,,E,D,D,E,D,E,A,D,D,D,B,B,D,A,B,D,D,D,D,D,D,D,D,D,D,D,D,D,D,D,D,D,D
444,C,B,A,B,C,A,D,A,A,A,A,A,A,A,C,C,B,E,D,A,A,D,D,A,,,,,D,D,D,D,D,A,C,A,B,A,A,A,A,A,D,D,D,D,D,D,D,D,D,D,C,C,D,D,D,D,D,D
445,C,B,B,B,B,A,B,B,A,B,B,B,B,B,A,D,E,E,C,B,B,C,D,,,,,E,D,D,E,D,E,A,C,A,B,A,A,A,A,A,D,D,D,D,D,D,D,D,D,D,C,D,D,D,D,D,D,D
446,C,B,A,B,B,A,D,A,A,A,A,A,A,A,B,D,B,E,C,A,A,C,D,,B,,,,D,D,E,D,E,B,D,A,A,A,A,A,A,A,D,D,D,C,D,D,D,D,D,D,B,B,C,C,D,D,D,D
447,D,B,A,B,B,A,B,B,A,A,B,C,A,B,D,C,A,E,D,A,A,D,D,A,,,,,D,D,E,D,E,A,D,C,A,A,C,C,B,C,D,D,D,D,D,D,D,D,D,D,C,D,D,D,D,D,D,D
448,D,B,A,B,B,A,D,B,A,B,B,B,B,B,D,D,E,E,D,A,B,D,D,A,,,,,D,D,E,D,E,A,D,B,B,B,B,D,B,B,D,D,D,D,D,D,D,D,D,D,D,D,D,D,D,D,D,D
449,D,B,B,C,B,B,D,D,A,B,B,C,B,B,D,C,B,A,D,B,B,D,D,,,,,E,D,D,E,D,E,C,D,D,B,C,C,C,B,B,D,D,D,D,D,D,D,D,C,D,C,C,C,C,D,D,D,D
450,D,B,A,B,A,A,C,A,C,A,A,C,A,A,C,A,A,E,B,A,B,A,D,,,,,E,D,D,E,C,E,D,D,D,C,C,D,D,A,D,D,D,D,D,D,D,D,D,D,D,C,D,D,C,D,D,C,D
451,C,B,B,B,B,B,D,B,B,B,B,B,B,A,C,C,B,E,D,A,A,D,D,,,,,E,D,D,E,D,E,B,D,C,C,A,B,C,B,A,D,D,D,D,D,D,D,D,C,D,C,C,D,D,D,D,D,D
452,D,B,B,B,D,A,D,A,A,A,A,B,A,A,C,D,E,E,D,B,B,D,D,A,,,,,D,D,E,C,E,B,D,B,C,B,B,D,B,C,D,D,D,D,D,D,D,D,D,D,D,D,D,D,D,D,D,D
453,C,B,A,B,B,A,B,B,A,A,A,B,B,B,C,C,B,E,C,A,A,A,D,A,,,,,D,D,E,D,E,A,C,A,B,A,B,A,A,A,D,D,D,D,D,D,D,D,D,D,D,D,D,C,D,D,D,C
454,C,B,A,C,B,A,D,A,A,B,A,A,B,B,B,C,B,E,D,B,B,C,D,A,,,,,D,D,D,D,D,D,B,C,B,C,A,A,A,A,D,D,C,D,D,C,D,D,D,D,C,D,D,D,D,D,D,D
455,C,B,C,B,C,D,C,B,C,D,B,B,D,D,C,B,B,D,D,A,B,C,D,A,,,,,D,C,E,D,E,B,D,D,A,D,D,D,A,C,D,D,D,D,D,D,D,D,D,D,D,D,D,D,D,D,D,D
456,A,A,B,B,A,B,B,C,D,D,D,D,D,B,C,C,B,D,D,B,B,C,B,,,,,E,D,D,E,B,E,D,D,D,C,D,D,D,A,D,D,D,D,B,D,D,D,C,D,D,B,C,D,C,B,A,B,D
457,B,A,A,B,B,B,C,B,A,B,B,C,B,B,A,C,C,D,D,A,B,D,D,,,,,E,B,D,D,C,C,B,D,D,B,A,A,A,A,A,D,D,D,C,D,D,D,D,D,D,B,B,D,D,D,D,D,D
458,C,B,B,B,A,A,D,A,C,C,A,A,C,A,C,B,B,B,D,C,A,B,C,,,,D,E,D,D,D,C,D,C,C,C,A,D,B,B,A,B,B,D,A,C,D,A,A,C,A,C,A,A,A,A,C,B,D,C
459,C,B,C,B,C,A,D,A,A,A,A,A,A,A,C,B,A,E,D,A,A,D,D,A,,,,,D,D,D,D,D,D,D,D,C,D,D,D,B,B,D,D,D,D,D,D,D,D,D,D,C,C,D,D,D,B,B,D
460,D,B,A,B,A,A,C,C,A,C,C,C,B,A,B,B,B,B,D,A,A,D,D,A,,,,,D,D,D,D,D,A,C,C,A,A,C,C,A,B,C,D,D,D,D,D,D,D,D,C,B,B,D,D,D,D,D,D
461,D,B,B,B,C,A,D,A,A,A,A,B,A,A,C,C,B,A,A,A,A,A,D,A,,,,,D,D,E,D,E,C,D,D,D,D,D,C,C,D,D,D,D,D,D,D,D,D,D,D,C,D,D,D,D,D,D,D
462,B,C,A,C,C,B,C,A,B,C,B,C,B,A,B,B,B,A,D,A,C,C,C,,B,,,E,D,D,E,D,E,C,C,A,B,A,A,A,B,A,D,D,D,D,D,D,D,D,C,D,B,B,D,D,D,D,D,D
463,D,B,A,B,B,A,D,A,A,A,A,B,A,A,C,C,A,E,A,A,A,B,D,A,,,,,D,D,E,D,E,C,C,C,D,C,C,C,C,C,D,D,D,D,D,D,D,D,D,D,D,D,D,D,D,D,D,D
464,D,B,A,C,C,B,A,A,A,B,A,A,A,A,B,C,B,E,D,A,A,C,D,A,,,,,D,D,D,D,D,A,C,A,A,A,A,A,A,A,D,D,C,C,D,C,D,D,D,C,B,C,B,B,C,A,D,C
465,D,B,A,B,A,A,C,B,B,B,A,A,B,A,C,C,A,A,C,B,C,D,C,,,,,E,D,D,E,D,E,B,D,B,B,A,A,B,A,B,D,D,D,D,D,D,D,D,D,D,C,D,C,D,D,D,D,D
466,D,A,A,B,D,C,C,C,B,C,C,C,C,A,B,B,A,B,D,D,C,C,D,A,,,,,D,D,E,D,E,C,C,C,B,C,C,C,B,A,D,D,D,B,D,D,D,D,B,D,B,A,D,C,C,D,D,D
467,C,B,B,B,B,B,C,C,A,B,B,B,A,A,D,D,E,E,A,A,A,A,D,,,,,E,D,D,E,D,E,B,B,C,A,A,B,C,A,B,D,D,D,B,D,D,C,C,C,D,C,D,C,D,D,D,D,D
468,B,B,A,B,A,B,D,A,A,D,B,B,D,B,C,C,B,E,D,A,A,D,D,,,,,E,D,D,E,D,E,D,D,B,B,D,D,C,A,B,D,D,D,B,D,D,D,D,B,D,B,C,C,D,D,D,D,C
469,A,B,A,C,A,B,D,B,B,B,B,B,B,B,B,C,D,C,B,C,B,C,C,,,,,E,D,D,E,D,E,A,D,D,A,D,B,D,A,C,C,D,D,D,D,D,D,D,D,D,C,C,D,D,C,C,C,D
470,D,B,A,B,B,A,D,A,B,B,A,B,B,A,B,C,E,D,D,B,B,B,B,,,,,E,D,D,E,D,E,C,D,D,B,B,D,B,A,B,D,D,D,B,D,D,D,D,D,D,C,C,D,D,D,D,D,D
471,D,A,D,B,A,D,D,D,D,D,D,D,D,D,C,C,D,E,A,A,A,A,C,,,C,D,,D,D,E,D,E,D,D,D,D,D,D,D,D,D,D,D,D,D,D,D,D,D,D,D,D,D,D,D,D,D,D,D
472,C,B,B,B,A,C,D,D,C,D,D,D,D,D,D,D,E,E,D,A,A,A,D,A,,,,,D,D,D,D,D,D,D,D,D,D,D,D,D,D,D,D,D,D,D,D,D,D,D,D,C,D,D,D,D,D,D,D
473,D,B,B,C,A,A,A,A,A,A,A,A,A,D,D,D,A,A,A,A,A,A,D,A,,,,,D,D,D,D,D,A,C,A,A,A,A,A,A,D,D,D,D,D,D,D,D,D,D,D,C,D,D,D,D,D,D,D
474,C,B,B,B,B,B,B,B,B,B,A,B,B,B,C,B,A,B,D,A,B,C,D,A,,,,,D,D,D,D,C,A,D,B,B,C,A,A,A,A,D,D,B,B,D,C,C,D,C,C,A,B,A,C,C,C,C,A
475,C,C,D,B,A,C,C,B,B,C,B,B,B,B,C,D,B,D,D,B,B,B,C,,,,,E,C,D,E,C,E,C,D,C,C,C,C,C,B,C,D,D,D,D,D,D,D,D,D,D,C,B,D,D,D,C,D,D
476,D,A,A,A,A,A,D,B,A,B,B,D,A,D,C,C,B,E,D,A,A,C,D,A,,,,,D,D,D,D,D,D,D,D,D,D,D,D,D,D,D,D,D,D,D,D,D,D,D,D,C,D,B,D,D,D,D,D
477,C,A,A,B,C,A,D,A,A,B,A,B,B,A,C,C,B,D,D,A,B,A,D,A,,,,,D,D,D,D,D,B,D,D,C,D,D,C,B,B,D,D,D,D,D,C,D,D,C,D,B,C,D,D,D,D,C,D
478,B,B,A,B,C,A,C,A,C,D,A,B,C,A,A,A,D,C,D,B,A,A,A,A,,,,,C,D,D,D,A,A,D,A,C,A,D,D,A,A,D,D,A,D,D,C,C,D,A,D,A,D,D,C,D,D,D,D
479,C,A,A,B,C,A,D,A,A,A,A,D,A,B,B,B,A,D,D,A,B,D,D,A,,,,,D,D,D,D,A,A,D,D,D,A,D,D,A,A,D,D,D,D,D,D,D,D,D,D,A,D,D,C,D,C,D,D
480,C,B,B,B,C,A,D,A,A,A,A,A,A,A,C,B,A,D,A,A,A,A,D,,,,,E,D,D,D,D,C,C,D,B,A,A,A,C,A,C,D,D,A,C,D,C,D,D,D,C,A,A,D,B,D,C,D,D
481,B,E,E,B,B,B,D,B,B,A,D,B,C,D,B,A,C,D,A,B,B,A,C,A,,,,,D,C,E,C,E,D,D,D,A,D,D,D,A,C,B,D,D,A,C,D,C,A,C,D,A,D,B,B,C,D,D,C
482,A,E,E,B,A,A,C,D,A,A,D,D,A,A,A,A,E,E,D,D,B,D,A,,,C,,,A,A,B,A,D,D,D,D,D,D,D,D,D,D,D,C,D,D,D,D,D,D,D,D,A,D,A,A,A,A,D,A
483,A,E,B,B,B,A,D,A,A,B,A,A,A,A,B,C,A,E,C,B,B,D,C,A,,,,,C,D,E,C,E,A,A,A,A,A,A,A,A,A,C,D,C,D,D,C,D,D,D,D,A,C,C,C,D,C,D,D
484,A,D,E,B,A,B,A,A,D,A,B,B,B,B,A,B,B,D,D,B,B,C,C,A,,,,E,D,B,D,A,D,C,C,D,A,B,A,C,A,B,D,D,C,A,D,C,D,A,C,D,A,D,A,B,D,C,B,D
485,B,D,A,B,A,A,A,C,D,A,C,D,B,B,B,C,B,D,D,B,B,C,C,,,,,E,D,B,E,C,E,C,C,C,A,D,C,C,A,C,D,D,D,A,D,C,D,C,C,D,A,C,B,B,C,D,C,D
486,B,D,C,B,A,B,B,C,D,B,C,D,C,C,B,C,B,D,C,B,B,D,D,A,,,,,D,B,C,C,C,C,C,C,C,D,A,A,B,A,D,B,D,C,D,C,D,D,C,D,A,C,D,B,D,C,D,D
487,C,B,A,B,B,A,B,B,A,B,B,C,B,B,C,C,B,D,C,B,B,B,C,A,,,,,D,D,D,D,D,B,D,D,D,B,B,B,B,B,D,D,D,D,D,D,D,D,D,D,D,C,D,D,D,D,D,D
488,D,B,B,B,C,C,C,C,D,D,C,D,D,D,D,D,C,D,B,C,C,D,C,,,,D,,B,D,D,D,D,C,C,C,D,D,C,D,D,C,C,C,D,D,C,D,D,D,D,D,D,D,D,D,D,D,D,D
489,D,B,B,B,A,D,A,A,A,A,A,A,A,A,C,C,A,E,A,A,A,A,A,,B,,,,D,D,D,D,D,A,D,B,A,A,A,A,A,A,B,B,C,B,D,B,C,A,A,D,D,D,,D,C,B,D,C
490,A,C,D,C,A,A,B,C,A,A,B,C,A,A,A,A,B,D,C,A,B,C,B,A,,,,,D,C,E,C,E,A,A,B,A,B,B,A,B,A,C,B,A,C,A,B,A,B,D,D,B,A,C,D,D,B,C,B
491,C,C,C,B,B,A,C,B,A,A,B,B,B,B,C,C,B,D,C,B,B,B,C,A,,,,,C,C,C,C,C,A,A,A,B,A,A,A,B,A,D,C,B,C,D,B,C,D,C,D,C,C,C,B,D,C,D,D
492,D,B,B,B,A,A,D,A,B,A,B,B,B,B,C,D,E,E,D,A,A,A,D,A,,,,,D,D,D,D,D,D,D,D,D,D,D,D,B,D,D,D,D,D,D,D,D,D,D,D,D,D,D,D,D,D,D,D
493,D,A,A,B,B,C,A,B,C,D,D,D,D,C,B,B,A,A,A,A,A,A,A,A,,,,,D,D,D,D,D,B,B,B,B,B,A,A,B,A,D,D,D,D,D,D,D,D,D,D,C,D,D,D,D,C,D,D
494,D,B,A,B,A,B,D,C,B,A,D,C,B,B,C,C,B,A,C,A,B,C,D,A,,,,,D,D,E,D,E,D,D,D,D,D,D,D,D,D,D,D,D,D,D,D,D,D,D,D,C,D,D,D,D,D,D,D
495,D,B,A,B,B,A,C,D,B,A,D,D,B,B,B,B,B,D,A,A,A,B,B,A,,,,,D,D,E,D,E,A,B,C,A,A,C,C,A,A,D,D,D,D,D,D,D,D,D,D,C,C,D,C,D,D,D,D
496,B,D,D,E,B,A,C,A,A,B,A,B,B,A,B,B,B,A,A,A,B,C,C,A,,,,,C,C,D,C,C,A,C,B,A,A,C,A,B,C,C,C,B,A,B,D,B,B,A,D,B,D,B,B,C,C,B,D
497,C,A,A,A,E,A,A,A,A,A,A,A,A,A,C,D,E,E,D,D,D,D,D,A,,,,,D,D,E,D,E,D,D,D,D,D,D,D,C,D,D,D,D,D,D,D,D,D,D,D,D,D,D,D,D,D,D,D
498,C,A,A,B,B,C,D,A,D,D,D,D,D,D,C,D,E,E,B,A,A,A,D,A,,,,,D,D,E,D,E,D,D,D,D,D,D,D,D,D,D,D,D,D,D,D,D,D,D,A,A,A,A,A,A,A,A,A
499,D,B,C,B,A,D,B,B,D,D,C,B,D,C,C,B,B,D,C,A,C,C,C,A,,,,,D,D,D,D,D,D,C,C,D,D,C,C,B,B,B,C,B,C,D,B,B,D,B,D,D,D,C,D,D,D,D,D
500,B,E,E,B,C,C,C,C,C,C,C,C,C,D,A,B,A,D,D,B,B,C,C,A,,,,,C,B,B,B,B,D,D,D,D,D,D,D,D,D,D,D,D,D,D,D,D,D,D,B,B,B,B,B,B,B,B,B
501,B,E,E,E,A,A,D,C,B,B,B,C,A,B,A,B,E,D,B,B,C,C,D,A,,,,,D,B,A,B,C,A,C,C,B,B,C,C,B,C,D,D,D,D,D,D,D,D,D,D,B,A,C,B,B,D,C,B
502,D,B,B,B,B,A,C,B,B,B,B,B,B,B,D,C,E,E,B,B,C,B,C,A,,,,,D,D,D,D,D,B,C,B,B,B,B,B,B,B,,D,D,D,D,D,D,D,D,D,D,D,D,D,D,D,D,D
503,C,C,C,B,B,A,C,B,A,B,B,A,A,A,C,D,D,E,D,A,A,D,D,,,,,E,C,D,D,D,D,C,C,A,C,B,B,A,A,B,B,D,B,C,D,C,D,D,C,D,B,C,B,C,D,C,A,D
504,C,B,C,B,A,C,D,B,A,A,B,B,A,A,C,C,B,C,D,A,B,D,C,,,,,E,D,B,D,C,C,B,C,B,C,B,B,C,B,C,A,B,A,B,A,B,A,B,A,D,B,C,C,C,B,D,D,C
505,B,C,B,B,A,A,C,B,C,B,A,A,A,B,A,A,C,B,B,B,B,D,C,A,,,,,C,D,C,D,C,C,D,C,B,C,C,C,A,C,C,C,C,A,C,C,C,A,C,C,C,C,D,C,C,C,D,C
506,B,B,A,C,C,A,D,B,C,B,B,B,B,B,C,C,A,D,D,A,B,C,D,A,,,,,D,C,D,D,C,C,D,B,B,A,C,C,B,C,D,D,D,C,C,D,C,C,D,C,C,D,C,C,D,D,D,D
507,B,E,D,E,A,B,D,A,B,D,B,B,C,A,A,D,A,D,D,A,A,A,B,,B,,,,C,C,D,D,C,A,D,A,C,A,A,A,C,A,C,D,B,B,D,B,D,D,A,D,A,B,A,A,D,C,D,D
508,B,D,C,B,B,C,D,C,D,D,D,C,D,D,A,B,C,D,D,B,C,C,C,A,,,,,D,D,D,C,C,B,D,C,A,A,B,A,A,A,B,D,B,C,D,C,D,C,D,B,C,B,A,B,C,D,D,C
509,D,D,D,D,B,B,C,B,B,B,B,C,C,C,B,C,A,E,C,B,C,C,C,A,,,,,D,D,D,C,B,A,C,B,C,C,C,C,B,B,D,D,D,D,D,D,D,D,C,B,C,B,B,B,C,C,D,D
510,B,B,B,B,B,A,D,A,A,B,A,B,B,B,B,A,B,E,B,B,B,C,C,,,,,E,D,D,D,D,D,A,D,A,A,A,A,A,A,A,D,D,C,D,D,C,D,D,D,C,D,B,D,B,C,D,D,D
511,D,B,A,B,C,A,D,A,A,B,A,A,A,A,C,C,B,E,D,B,A,C,A,A,,,,,D,D,D,D,D,C,D,C,C,A,A,A,A,A,D,D,D,D,D,D,D,D,D,D,D,C,C,C,D,D,D,D
512,B,C,B,B,C,D,D,D,D,D,D,D,D,D,B,B,B,B,C,B,B,B,C,,,,,E,C,C,D,C,C,D,D,D,D,D,D,D,D,D,D,D,D,D,D,D,D,D,D,C,C,C,D,C,C,D,D,D
513,B,B,C,B,B,A,C,B,B,B,C,C,C,C,C,B,E,E,A,A,C,C,D,A,,,,,C,C,B,B,D,A,B,B,B,B,B,B,B,B,D,D,D,C,C,C,C,C,C,D,C,B,C,C,C,C,C,C
514,D,B,B,B,B,A,D,A,A,A,A,A,A,A,C,C,D,E,D,D,A,A,D,A,,,,,D,D,D,D,D,A,C,A,A,A,A,A,A,A,D,D,D,D,D,D,D,D,D,D,C,D,C,C,D,D,D,D
515,C,C,D,B,C,B,C,C,A,C,C,C,B,C,C,B,B,E,D,A,B,B,D,A,,,,,D,D,E,D,E,D,D,D,C,C,D,D,C,D,D,D,D,D,D,D,D,D,D,D,D,D,D,D,D,C,D,D
516,C,B,C,C,C,A,B,B,A,C,B,B,A,B,A,B,B,D,B,A,C,B,C,A,,,,,D,D,C,C,B,B,C,B,C,B,B,B,B,B,B,A,B,B,C,B,B,B,B,C,B,B,C,D,D,D,D,C
517,A,B,B,B,A,A,C,D,A,A,A,C,A,A,B,B,A,D,A,A,A,C,D,,,,,E,D,C,D,D,D,A,D,A,A,A,A,A,A,A,D,D,D,D,D,D,D,D,D,D,A,B,C,A,B,D,C,A
518,B,C,C,C,C,B,A,B,B,C,C,B,C,C,B,C,A,D,C,C,C,B,A,A,,,,,B,C,A,B,D,C,C,B,C,D,B,B,C,B,B,B,B,C,D,C,C,D,B,C,C,B,C,C,B,C,B,B
519,B,B,A,C,C,A,D,B,A,A,A,B,A,A,B,C,A,E,C,A,A,A,D,A,,,,,D,D,E,D,E,A,D,B,A,A,B,A,A,A,D,D,D,D,D,D,D,D,D,D,C,C,D,B,D,D,D,D
520,C,B,A,B,C,C,B,C,D,D,C,B,D,C,B,B,C,E,B,B,B,A,D,,,,,E,D,D,E,D,E,D,D,D,D,D,D,D,D,D,D,D,D,D,D,D,D,D,D,D,C,D,C,C,D,D,D,D
521,D,B,A,B,,A,B,B,B,A,A,B,A,A,C,C,E,E,C,B,B,B,D,A,,,,,D,D,E,D,D,D,D,D,D,D,D,D,D,D,D,D,D,D,D,D,D,D,D,D,D,D,D,D,D,D,D,D
522,C,B,B,B,A,C,A,C,C,D,C,D,C,B,C,C,C,E,D,A,B,B,D,,,,,E,D,D,E,D,E,D,D,D,D,D,D,D,D,D,D,D,D,D,D,D,D,D,D,D,D,D,D,D,D,D,D,D
523,D,B,B,D,B,A,B,C,B,D,C,C,D,A,C,C,A,E,B,A,A,D,C,,,,,E,D,C,D,D,D,A,D,D,A,C,A,D,A,A,D,D,D,D,D,D,D,D,D,D,C,C,D,D,D,D,D,D
524,C,B,A,B,C,A,C,A,A,C,A,A,A,B,A,B,A,D,A,A,B,D,C,A,,,,,D,C,E,D,B,C,A,C,B,A,C,B,A,C,D,D,B,A,B,C,C,D,D,D,D,D,D,D,D,D,D,D
525,D,B,A,B,B,D,C,C,B,D,C,C,C,C,B,B,B,C,B,A,B,B,B,,,,,E,D,D,D,D,D,C,D,D,D,D,D,D,D,D,D,D,D,C,D,D,D,C,D,C,C,B,D,C,D,B,C,D
526,D,B,A,C,B,A,C,B,A,B,B,A,C,A,B,D,E,E,D,A,A,B,D,,,C,,E,D,C,D,D,C,C,D,D,C,B,D,D,A,B,B,C,C,D,B,C,C,B,C,B,C,C,B,C,D,D,C,D
527,C,B,A,B,A,C,C,C,C,C,C,C,C,C,D,D,A,A,D,A,B,D,D,A,,,,,C,C,E,D,E,C,C,C,B,C,C,B,B,A,D,D,D,D,D,D,D,D,B,D,C,C,C,D,D,D,C,D
528,D,D,B,B,B,A,C,A,A,A,A,A,A,A,B,C,B,D,B,A,B,B,C,A,,,,,D,D,D,C,D,A,C,A,A,A,A,A,A,A,D,C,D,D,D,D,D,D,D,D,C,C,C,D,D,D,D,D
529,C,B,B,B,A,A,C,A,A,B,A,B,C,A,C,C,B,B,D,B,B,C,C,A,,,,E,D,D,D,D,D,A,D,B,C,B,B,A,C,A,D,D,C,B,D,C,D,D,B,D,B,D,D,B,D,B,D,B
530,C,D,A,B,B,B,B,A,A,B,B,A,A,B,C,C,B,D,D,B,B,C,C,,B,,,E,D,D,D,D,D,D,D,D,D,A,A,A,D,A,D,D,D,D,D,D,D,D,D,D,C,C,D,D,D,D,C,D
531,D,B,A,C,C,A,C,A,A,B,A,A,A,A,C,C,B,A,D,A,A,D,D,A,,,,,D,D,E,D,E,D,D,D,C,C,D,D,B,D,D,D,D,D,D,D,D,D,D,D,C,D,D,D,D,D,D,D
532,C,B,C,C,A,A,C,B,A,B,A,A,B,A,A,C,B,D,B,B,C,C,B,,,,,E,B,D,C,C,C,B,C,B,B,C,B,A,A,A,B,C,B,C,D,B,C,D,B,D,C,D,C,C,D,D,D,D
538,D,C,B,B,A,A,C,A,A,B,A,B,A,A,B,C,A,B,D,A,B,D,C,,,,,E,C,C,D,D,D,A,D,B,B,A,A,A,A,A,D,D,C,C,D,C,D,D,C,D,B,C,D,C,D,C,D,D
539,D,A,B,B,C,A,C,A,A,A,A,A,A,A,C,B,B,A,B,A,B,B,B,,,,,E,D,D,E,D,E,B,C,B,B,B,C,B,B,B,D,D,D,D,D,D,D,D,D,D,D,C,D,D,D,D,D,D
540,C,B,B,B,B,C,D,D,B,D,D,D,A,D,C,B,E,D,D,D,A,B,C,,,,,E,D,D,E,D,E,D,D,D,B,D,D,D,C,D,D,D,D,C,D,D,D,C,D,C,D,D,D,C,D,C,D,D
541,D,C,B,B,B,A,C,A,A,A,A,A,A,A,B,B,A,D,B,B,B,A,C,,B,,,,B,B,A,D,D,C,C,C,B,C,C,B,B,C,C,B,B,B,B,B,C,B,C,D,C,D,C,C,B,D,D,C
542,D,C,B,B,B,B,C,A,B,B,B,B,B,B,C,B,B,D,C,A,B,B,C,,,,,E,C,D,E,D,E,C,D,D,B,D,D,C,B,C,C,C,D,C,C,D,D,D,D,D,C,D,C,D,D,C,D,D
543,D,B,A,B,C,A,D,A,A,A,A,A,A,A,A,B,A,B,A,A,A,A,B,A,,,,,A,A,C,A,B,B,A,D,D,D,A,A,A,A,D,D,D,D,D,D,D,D,D,D,A,B,A,B,D,C,A,D
544,D,E,B,B,D,A,D,B,C,D,C,A,D,D,D,A,A,D,A,B,A,A,D,A,,,,,A,B,E,C,A,A,B,C,D,A,A,A,A,A,A,D,D,C,D,D,D,C,C,D,B,C,A,A,B,A,D,A
545,D,A,B,B,D,A,D,B,A,A,A,A,A,A,B,C,A,C,A,A,B,A,D,A,,,,,D,D,E,D,E,A,D,B,A,A,A,A,A,A,D,D,D,D,D,D,D,D,D,D,D,D,D,D,D,D,C,D
546,D,A,A,B,A,A,D,A,A,A,A,A,A,A,D,A,A,A,B,A,A,A,B,,,,,E,D,D,E,D,D,B,B,D,D,A,A,B,A,A,A,A,B,A,A,A,B,A,A,D,D,D,C,D,D,D,D,D
547,C,B,A,B,A,D,D,C,C,D,C,C,B,C,B,C,E,E,D,A,A,A,D,A,,,,,C,D,E,D,E,B,A,C,C,B,A,D,A,A,D,D,D,C,D,D,D,D,D,D,D,B,C,C,D,D,D,C
548,D,C,A,B,B,A,C,B,B,A,A,B,B,A,C,C,A,E,D,A,B,D,A,A,,,,,D,C,E,D,E,A,B,C,B,B,B,B,B,A,D,C,C,D,D,D,D,D,D,D,C,D,D,D,D,D,D,D
549,D,A,A,B,B,A,B,B,A,B,B,B,A,B,C,A,E,E,B,A,C,B,B,A,,,,,C,C,E,D,E,B,B,B,B,B,B,B,B,B,D,D,D,D,D,D,D,D,D,D,C,C,C,A,C,D,D,D
550,D,B,B,B,E,D,D,D,D,D,D,D,D,D,D,D,B,E,A,A,B,B,A,,B,,,,D,D,D,D,D,A,A,B,A,B,D,D,C,D,C,C,C,D,C,C,D,D,D,C,C,D,D,C,D,C,B,C
551,D,B,A,B,B,C,B,C,A,D,C,D,D,D,C,D,B,E,D,A,B,B,D,A,,,,,D,D,D,D,D,D,C,D,C,C,D,D,C,C,D,D,D,D,D,D,D,D,D,D,D,D,D,D,D,D,D,D
552,D,B,C,A,B,B,D,C,C,D,C,D,C,D,B,C,E,D,D,A,C,B,C,A,,,,,D,D,E,B,E,B,C,B,D,B,C,C,C,C,C,D,D,D,D,D,D,D,D,D,C,D,C,C,D,D,D,D
553,D,C,A,B,B,D,B,C,D,D,C,C,D,D,B,A,B,A,C,B,A,C,D,,,,,E,D,D,D,D,D,B,B,B,D,B,B,B,A,A,D,B,C,D,D,D,C,D,D,D,C,C,D,C,C,D,D,D
554,B,D,D,B,B,C,D,A,A,D,B,D,B,B,A,B,A,A,D,B,A,D,C,,B,,,E,D,B,A,B,B,B,D,D,C,A,D,A,B,A,D,D,B,C,D,D,D,D,D,D,C,B,C,C,D,D,D,D
555,A,B,B,B,A,A,D,B,C,D,D,D,A,C,B,B,B,B,D,B,B,B,C,A,,,,,B,C,D,D,D,A,A,B,A,A,B,D,A,C,D,D,D,D,D,D,D,D,D,B,B,C,C,B,D,D,D,C
556,D,B,B,B,A,A,D,A,A,A,A,A,A,A,D,C,A,E,D,A,A,D,D,,,,,E,D,D,E,C,A,D,D,D,C,A,D,D,A,D,D,D,D,A,D,D,D,A,D,D,C,D,A,D,C,C,D,D
557,C,E,C,B,B,B,B,A,B,A,B,B,C,A,A,B,B,D,B,A,A,C,C,,,,,E,C,C,C,C,*,A,A,A,A,A,A,A,A,A,C,C,C,C,C,C,C,C,C,D,C,B,B,C,D,D,C,C
558,C,B,B,B,B,D,D,A,A,D,D,D,A,D,B,B,B,D,B,A,C,D,D,,,,,E,C,D,A,D,D,C,D,B,A,D,A,A,A,A,B,C,A,C,D,C,B,D,D,D,B,A,C,C,C,D,D,D
563,C,B,A,A,C,A,C,D,C,D,D,C,A,B,B,B,C,D,A,B,B,B,B,,,,,E,D,D,E,D,E,A,C,D,B,B,C,D,B,A,A,C,D,C,D,D,D,D,A,D,C,A,C,C,B,B,D,D
564,C,B,B,A,A,A,D,A,A,A,A,A,A,A,B,C,B,D,A,A,A,C,D,,,,,E,D,D,E,D,E,B,B,B,B,B,B,B,B,B,C,D,D,D,D,D,D,D,D,D,A,B,D,C,C,D,D,D
565,D,B,B,B,A,A,D,A,B,B,B,B,B,B,B,B,A,E,C,A,B,C,C,A,,,,,D,D,E,D,E,B,C,C,C,C,C,C,C,C,D,D,D,D,D,D,D,D,D,D,C,C,D,C,D,C,D,D
566,A,C,C,B,A,A,C,B,A,A,A,A,A,B,A,B,B,D,C,B,C,C,A,,B,,D,E,B,B,D,C,D,A,D,A,A,A,A,A,A,C,D,D,D,D,D,D,D,D,D,D,B,A,A,C,D,A,D,C
567,B,B,B,B,A,A,D,B,B,D,A,B,A,A,B,C,A,E,C,A,A,D,D,A,,,,,D,D,C,C,D,A,D,B,A,A,A,A,A,A,B,D,D,D,D,C,C,C,C,D,A,A,A,B,B,D,D,D
568,D,A,B,B,A,A,C,A,A,A,A,A,A,A,C,C,A,D,C,A,C,C,C,A,,,,,D,D,D,D,D,A,D,A,A,A,A,A,A,A,D,D,D,D,D,D,D,D,D,D,C,D,C,D,D,D,D,D
569,B,B,B,B,B,A,C,A,A,B,B,B,B,B,D,D,E,E,A,A,A,B,D,A,,,,,D,D,D,D,D,A,D,D,D,A,A,B,B,A,D,D,D,D,D,D,D,D,D,D,D,D,D,D,D,C,D,D
570,D,D,A,B,A,D,A,C,B,D,C,A,D,B,A,B,A,B,A,A,B,A,A,A,,,,,A,A,A,A,A,D,A,C,B,D,C,A,D,B,D,A,C,B,D,C,A,D,B,C,C,C,C,C,D,D,D,D
571,D,C,C,B,B,A,C,B,A,A,B,A,A,B,B,B,A,D,B,A,B,A,C,,,,,E,D,D,C,D,E,A,B,A,A,A,A,B,A,B,D,C,D,C,D,B,D,D,C,D,C,C,C,D,D,C,B,C
572,D,C,A,B,A,A,C,D,B,C,A,C,A,A,C,B,E,E,C,A,C,B,C,,,,,E,D,D,C,D,D,D,B,C,D,A,A,C,B,D,A,B,A,C,A,A,A,C,D,D,D,D,D,D,D,D,D,D
573,C,C,A,B,A,C,D,D,C,C,C,D,B,D,B,B,C,D,B,B,C,D,C,A,,,,,A,C,D,D,D,D,D,D,D,D,D,D,D,D,C,D,D,D,D,D,D,D,D,D,C,B,C,C,C,D,D,D
574,D,B,B,B,B,A,D,B,A,B,A,A,A,A,C,C,B,E,B,A,A,C,B,A,,,,,D,D,E,D,E,A,D,A,A,B,A,A,A,A,D,D,D,D,D,D,D,D,D,D,D,D,D,D,D,D,D,D
575,C,C,B,A,,B,D,A,A,A,A,A,A,A,C,D,E,E,C,A,B,D,D,,,,,E,D,D,C,D,D,A,D,A,A,A,A,A,A,A,D,D,D,D,D,D,D,D,D,D,C,C,D,D,D,C,D,D
576,B,C,C,B,A,A,B,B,A,C,B,B,A,A,C,C,B,D,D,B,A,C,D,A,,,,E,D,C,E,D,E,B,C,A,D,B,A,A,C,A,B,B,C,C,D,B,D,C,D,C,C,C,C,C,D,D,D,D
577,A,E,D,C,A,A,B,A,A,D,A,A,A,D,A,B,D,D,C,D,C,D,C,A,,,,,B,B,A,D,E,A,D,A,D,A,A,A,A,A,A,C,A,A,A,A,A,A,A,D,A,A,A,A,A,A,D,B
578,B,A,A,B,B,A,B,B,A,C,A,B,B,A,C,C,B,D,D,B,C,D,C,A,,,,,D,A,E,D,E,A,A,A,A,C,A,A,B,A,D,D,D,D,D,D,D,D,D,D,A,C,A,A,A,D,D,C
579,D,B,B,B,B,B,D,C,B,D,C,D,D,C,C,C,E,E,D,D,D,D,D,A,,,,,D,D,D,D,D,B,D,C,B,A,B,B,B,C,C,D,D,C,D,D,D,D,D,D,D,D,C,D,D,D,D,D
580,B,E,B,B,A,B,B,A,C,D,B,B,B,C,A,B,B,D,C,B,B,B,C,,,,D,E,B,A,B,C,D,A,D,A,A,B,C,B,A,A,D,C,A,C,D,B,D,C,C,D,B,C,D,D,B,C,D,C
581,D,B,B,B,B,A,D,A,A,A,A,A,A,A,B,B,A,D,A,B,D,B,A,A,,,,,D,D,C,D,E,A,A,D,C,A,A,A,D,A,D,D,D,D,D,D,D,D,D,D,D,D,D,D,D,D,D,D
582,B,E,A,A,A,D,A,D,D,D,D,D,D,D,B,A,A,E,D,A,A,A,A,A,,,,,D,D,E,D,E,D,D,D,D,D,D,D,A,A,D,D,D,D,D,D,D,D,D,D,D,D,D,D,D,D,D,D
583,C,A,B,A,A,A,B,A,A,B,A,A,A,A,B,C,E,D,A,C,B,C,A,,B,,,,A,C,E,B,E,A,C,B,A,D,C,B,A,C,B,C,A,B,A,A,A,A,A,D,C,D,C,C,D,C,D,D
584,B,A,A,B,B,A,D,A,A,B,A,A,A,A,A,C,A,A,D,B,A,D,C,,,,,E,B,D,E,D,E,A,D,A,A,A,A,A,A,A,C,D,A,C,D,C,D,D,C,D,C,D,D,D,D,D,D,C
585,B,B,A,A,A,B,C,D,B,B,B,D,B,B,B,C,C,B,D,A,A,C,C,,,,,E,B,B,E,D,E,B,B,B,B,B,B,B,B,B,D,D,D,B,D,D,D,D,D,D,B,B,C,B,C,B,D,D
586,B,C,B,B,A,B,A,B,C,B,B,A,B,B,B,B,C,D,A,C,B,D,C,,,,,E,A,B,B,D,C,D,C,D,A,D,B,D,D,D,D,B,D,C,D,D,D,C,D,D,C,D,C,D,C,D,D,C
588,D,B,B,B,B,A,D,B,B,D,D,D,B,B,D,C,A,E,D,A,B,D,D,A,,,,,D,D,E,D,E,C,D,D,A,C,D,C,A,C,D,D,C,C,D,D,D,D,D,D,C,A,C,D,D,D,D,D
589,C,A,A,B,B,A,D,A,A,B,A,B,B,A,C,C,B,E,D,A,A,A,D,A,,,,,D,D,E,D,E,A,D,D,C,A,A,C,B,A,D,D,D,D,D,D,D,D,D,D,C,B,D,B,D,D,D,C
590,C,C,A,B,A,A,D,A,A,A,A,B,A,C,C,C,D,B,D,A,B,B,D,A,,,,,C,D,C,D,D,D,D,D,D,D,C,C,D,D,D,D,C,D,D,D,C,D,D,D,D,B,C,C,D,C,B,D
591,B,B,B,B,B,A,B,A,B,B,B,B,C,A,B,D,A,A,B,A,B,A,B,A,,,,E,D,D,E,D,E,B,C,C,B,B,C,C,B,A,D,D,D,D,D,D,D,D,D,D,C,C,C,D,D,C,C,D
592,C,B,B,B,B,A,D,B,B,A,A,B,B,B,B,B,C,B,D,A,A,D,D,A,,,,,D,D,D,D,D,B,D,D,C,A,A,B,A,A,D,D,D,C,D,C,D,D,C,D,B,A,B,B,D,D,C,C
593,B,B,B,B,B,A,B,B,A,B,B,B,B,B,B,B,C,D,C,B,B,D,C,,,,,E,C,C,C,D,D,D,D,D,C,A,D,D,B,D,D,D,D,C,D,D,D,C,D,D,A,C,B,C,B,B,D,D
594,C,B,B,B,B,A,D,D,A,C,C,D,B,B,B,B,C,D,D,A,B,A,B,A,,,,E,D,D,E,D,E,B,D,D,B,C,D,D,A,B,C,D,D,C,D,D,D,D,D,D,B,D,C,C,D,D,D,D
595,C,B,B,C,A,A,C,B,A,A,B,A,C,D,A,A,A,A,A,A,B,B,D,,,,,E,D,D,E,D,E,D,D,D,C,D,D,A,C,D,D,D,D,D,D,D,D,D,D,C,C,D,D,D,D,D,D,D
597,D,A,A,B,B,A,D,A,B,B,A,A,B,A,C,C,A,A,C,A,A,A,D,A,,,,,D,D,E,D,E,C,C,C,C,C,C,C,C,C,D,D,D,D,D,D,D,D,C,D,D,D,D,D,D,C,D,D
598,C,B,B,B,A,A,D,A,A,A,A,A,A,A,D,D,E,E,D,A,A,D,D,A,,,,,D,D,E,D,E,A,D,D,D,D,B,B,A,D,D,D,D,D,D,D,D,D,D,D,C,D,D,D,D,D,D,D
599,D,B,B,C,B,B,C,B,A,D,B,C,B,B,B,C,B,E,D,B,C,A,D,A,,,,,D,D,D,D,D,B,D,C,A,C,C,C,A,A,D,D,D,D,D,D,D,D,D,D,D,D,D,D,D,D,D,D
600,D,B,A,B,B,B,D,D,D,D,D,D,D,D,C,D,A,B,B,A,B,C,B,,B,,,,D,D,E,D,E,D,D,D,D,D,D,D,D,D,D,D,D,D,D,D,D,D,D,D,B,C,D,B,D,D,D,C
601,C,B,A,B,A,C,B,B,D,D,C,D,D,C,C,D,A,A,A,A,A,A,D,A,,,,E,D,D,B,D,D,D,B,B,C,D,C,A,B,C,D,D,D,D,D,D,D,D,D,D,C,D,D,D,D,D,C,D
602,C,C,E,E,B,C,C,C,B,B,C,C,B,C,C,C,D,D,B,B,B,D,C,A,,,,,C,D,E,C,E,B,D,B,D,C,C,C,B,B,D,D,D,C,D,D,D,D,D,D,D,D,D,D,D,D,D,D
603,B,A,D,B,A,A,C,A,B,B,A,A,A,A,C,C,D,D,D,A,B,C,C,A,,,,,C,D,D,D,D,A,D,A,D,B,A,A,D,A,D,D,D,D,D,D,D,D,D,D,B,D,B,D,D,D,B,D
604,D,B,B,B,A,A,D,A,A,A,A,A,A,A,B,C,E,E,D,A,D,A,D,A,,,,,D,D,E,D,E,A,D,C,A,B,D,C,D,A,D,D,D,D,D,D,D,D,D,D,D,D,D,D,D,D,D,D
605,B,B,C,B,A,B,D,A,A,B,A,A,A,B,D,C,E,D,D,A,A,C,C,A,,,,,D,D,D,D,D,A,D,A,B,B,B,A,A,C,D,D,D,C,D,D,D,D,D,D,D,D,D,C,D,D,D,D
606,C,B,A,B,B,B,D,D,C,C,D,D,C,A,B,C,E,C,B,A,A,B,C,,B,,,E,D,D,E,D,E,B,D,D,C,B,D,D,A,C,D,D,D,A,C,D,D,A,D,D,C,D,C,D,D,D,D,D
607,A,D,A,B,A,B,B,D,C,D,C,D,C,A,B,C,A,A,D,B,B,B,D,,,,,E,D,D,E,D,E,B,C,D,D,D,C,C,B,A,C,B,D,C,D,D,D,C,B,D,C,D,D,D,D,D,D,D
613,C,A,A,C,B,A,D,A,B,D,B,B,D,B,B,C,E,E,D,A,A,D,D,A,,,,E,D,D,E,D,E,A,D,A,C,A,B,B,A,B,D,D,D,D,D,D,D,D,D,D,B,D,C,C,A,D,D,D
614,C,B,A,B,B,A,D,B,A,B,A,A,B,B,B,C,C,D,B,B,B,B,D,A,,,,,D,D,D,D,E,A,C,C,A,A,B,B,A,A,D,D,D,D,D,D,D,D,D,D,D,D,D,D,D,D,D,D
615,D,B,B,B,A,A,C,A,A,B,B,A,A,A,B,B,A,A,B,A,B,C,C,A,,,,,D,C,E,D,E,A,B,B,B,A,A,B,A,B,C,C,A,B,D,C,B,D,C,D,B,B,B,B,D,D,C,D
616,C,B,B,B,A,A,C,A,A,A,A,B,A,B,B,B,A,D,C,A,A,A,B,,,,,E,D,D,A,C,D,A,D,A,B,A,A,A,C,A,B,C,B,B,D,B,D,C,B,D,B,C,B,C,C,C,D,D
617,C,B,B,C,A,A,D,A,A,B,A,A,A,A,A,A,A,B,B,B,B,A,A,,,,,E,B,B,D,D,A,A,C,B,B,A,A,A,C,A,B,B,A,C,C,A,A,B,B,B,A,A,B,C,C,A,D,B
618,D,B,B,C,C,A,D,D,C,B,A,A,B,B,B,A,A,D,A,B,C,C,B,,B,,D,E,D,D,D,D,C,D,D,D,C,B,B,D,C,D,D,D,B,D,D,D,B,D,D,D,B,B,B,A,D,C,A,A
619,A,B,B,C,C,A,B,A,C,B,A,C,A,B,C,A,B,D,A,C,B,C,C,,,,,E,D,D,D,B,C,D,D,D,B,D,B,D,A,C,D,D,B,B,D,D,D,D,C,D,C,D,B,C,D,C,D,D
620,C,B,B,B,A,A,A,B,C,B,B,B,A,A,A,B,A,B,D,B,B,D,C,A,,,,,D,D,E,D,E,B,C,D,A,B,B,B,A,C,C,D,D,B,D,C,C,B,D,D,A,A,A,A,D,D,D,A
621,B,A,A,B,A,B,C,A,A,A,B,B,B,A,B,C,C,D,C,B,B,D,C,A,,,,,D,D,E,D,E,A,C,B,D,A,A,B,B,C,D,D,D,D,D,D,D,D,A,D,A,A,A,B,D,D,D,D
622,A,B,B,B,A,C,C,B,C,B,C,B,C,B,B,C,B,C,B,C,D,B,C,,B,,,,C,D,B,C,B,C,B,C,A,C,A,B,B,B,B,C,B,A,C,B,C,B,C,B,D,B,B,C,B,B,C,D
623,D,B,B,B,C,A,D,A,A,C,A,A,C,A,B,C,B,E,A,A,A,C,D,A,,,,,D,D,D,D,D,A,D,A,A,A,A,A,A,A,C,D,B,C,D,C,D,D,C,D,B,C,B,C,D,C,D,D
624,D,B,B,B,C,A,D,A,A,B,B,B,B,B,B,D,B,E,B,A,B,D,D,A,,,,,D,D,D,D,D,A,D,B,C,A,B,B,A,A,D,D,D,D,D,D,D,D,D,D,B,C,B,D,D,D,C,D
625,B,C,A,C,B,B,D,B,B,B,B,C,B,C,B,B,A,D,D,B,B,C,C,,,,D,E,D,D,D,D,C,A,C,B,B,A,A,A,B,B,C,D,C,C,D,C,D,C,C,B,C,B,C,B,C,D,C,D
626,C,D,C,B,B,A,B,C,C,D,C,C,D,C,C,C,D,D,D,B,A,D,D,A,,,,,C,C,C,D,D,B,C,B,A,C,B,B,A,B,A,C,C,B,D,C,D,D,C,D,C,C,C,D,D,C,C,C
627,B,B,A,C,C,A,A,A,A,A,A,A,A,A,C,D,B,E,D,A,A,D,D,A,,,,,D,D,D,D,B,A,A,A,A,A,A,A,A,A,D,D,B,D,D,D,B,D,C,B,B,A,C,C,D,D,D,D
628,C,A,A,B,A,A,C,A,A,A,A,A,A,A,C,C,B,E,D,A,B,D,D,A,,,,,D,D,D,D,D,C,C,C,C,C,D,D,D,D,D,D,D,D,D,D,D,D,D,D,D,D,D,D,D,D,B,D
629,A,E,B,B,A,A,D,A,A,A,A,A,A,A,C,C,A,D,D,A,B,C,C,A,,,,,C,D,E,D,E,A,A,A,B,B,B,B,B,B,C,D,D,B,D,D,D,D,B,D,A,A,D,D,C,A,D,D
630,D,D,A,B,B,C,B,C,C,D,C,B,C,C,D,D,C,E,A,A,C,C,D,,,,,E,D,D,E,D,D,C,C,C,C,C,C,C,C,B,B,D,D,D,D,D,D,D,D,D,B,C,C,D,D,D,D,B
631,C,C,B,B,B,A,B,C,A,A,A,A,A,A,B,B,B,D,B,B,A,B,D,,,,,E,D,B,E,C,B,B,C,C,B,B,A,B,B,B,D,B,D,C,D,C,C,D,D,D,D,C,C,C,C,D,C,C
632,B,B,E,C,C,A,C,A,B,C,B,B,B,C,B,C,B,C,B,B,B,D,C,,,,D,,C,B,A,D,C,B,C,B,C,B,C,A,C,B,B,B,D,B,D,A,C,B,A,D,B,C,B,B,B,C,A,D
633,D,A,A,B,A,D,A,A,C,D,D,D,C,C,C,C,E,E,D,A,C,C,D,A,,,,,D,D,E,D,E,D,D,D,D,D,D,D,D,D,D,C,C,D,D,D,D,D,D,D,D,C,B,D,B,D,C,D
634,D,A,A,B,C,A,D,A,A,A,A,A,A,A,D,C,E,E,A,A,A,B,B,A,,,,,A,D,E,B,C,B,C,A,B,D,A,A,C,D,D,D,D,D,D,D,D,D,D,D,B,D,C,D,D,D,D,D
635,D,B,B,B,B,A,D,A,A,A,A,A,A,A,D,D,A,D,B,A,A,A,D,,,C,,E,D,C,E,D,E,A,D,A,A,A,A,A,A,A,D,D,D,D,D,D,D,D,C,D,B,C,D,C,D,D,D,D
638,D,A,A,A,B,A,A,D,A,B,C,B,A,B,C,A,D,C,B,C,D,C,B,,,C,,,B,A,A,A,A,A,A,A,A,A,A,B,C,C,A,D,C,C,B,B,C,B,A,B,B,C,B,A,B,A,B,C
641,D,A,B,B,B,A,D,A,A,C,B,B,B,B,C,A,B,E,D,A,A,D,D,A,,,,,D,D,D,D,D,D,D,D,D,D,D,D,D,D,D,D,D,D,D,D,D,D,D,D,D,C,D,C,D,C,D,D
642,C,B,B,B,A,A,C,A,B,B,A,C,B,A,A,B,B,D,B,B,B,C,C,,,,D,E,B,B,C,C,E,A,B,A,C,C,C,C,C,A,A,C,A,C,C,B,C,C,B,D,B,A,C,C,C,B,C,C
643,A,C,C,C,A,B,C,B,C,C,C,C,D,C,A,A,D,D,C,C,C,D,A,,B,,D,E,A,A,A,B,B,A,C,C,D,B,C,C,C,B,A,C,C,B,D,B,B,D,A,B,A,A,A,A,A,A,C,B
644,D,A,A,B,B,A,D,B,A,A,C,C,A,C,C,D,A,A,,B,B,B,C,,,,,E,D,D,E,D,E,A,D,C,C,B,D,C,B,B,D,D,D,D,D,D,D,D,D,D,C,C,D,C,D,D,D,D
645,C,A,A,A,B,A,C,A,A,C,B,D,B,B,B,C,B,A,C,B,B,B,C,,,,,E,D,C,D,D,C,D,D,C,D,D,D,D,D,D,D,D,D,D,D,D,D,D,D,D,C,B,D,C,D,D,D,C
646,B,C,B,A,B,A,C,A,A,A,A,C,B,A,B,A,D,D,C,B,B,D,C,A,,,,,C,B,E,D,E,D,D,D,D,B,D,D,D,B,D,D,D,D,D,D,D,D,D,D,C,B,C,C,D,D,D,D
647,C,B,A,A,B,A,B,A,A,B,A,B,A,A,B,B,A,D,B,C,C,D,C,,,,D,,D,C,D,D,D,A,B,A,C,A,A,A,B,A,C,C,B,B,C,C,B,C,C,D,C,D,C,C,D,C,D,D
648,D,B,A,A,B,D,D,C,D,D,D,D,D,D,B,B,C,B,C,C,C,C,C,,,C,,,B,D,B,C,E,D,D,D,D,D,D,D,D,D,D,D,D,D,D,D,D,D,D,D,C,C,D,D,D,D,D,D
655,B,D,B,A,A,A,C,A,A,A,A,A,A,A,B,A,C,D,C,B,B,B,B,A,,,,,C,C,D,C,D,C,C,C,C,C,C,C,C,C,C,C,C,C,C,C,C,C,C,D,C,C,C,C,C,D,D,C
658,C,C,A,B,A,A,B,B,D,C,C,D,B,C,B,C,A,D,B,B,D,C,B,,,,,E,C,C,B,C,C,D,D,D,B,C,C,C,A,C,D,D,D,D,C,C,D,B,C,D,C,B,C,D,B,D,D,B
660,D,C,C,B,A,A,B,A,A,D,A,D,A,A,C,A,A,A,D,A,C,C,C,A,,,,,D,D,D,D,D,A,A,A,A,A,A,B,B,B,A,A,A,B,A,B,A,B,A,C,B,B,B,A,B,B,C,A
663,C,D,A,B,A,C,B,B,A,D,B,C,B,B,B,D,A,B,D,D,A,B,C,A,,,,,C,B,E,C,E,B,C,A,A,A,A,A,B,A,B,B,A,A,D,B,C,B,B,D,C,B,A,C,C,B,D,C
664,B,B,A,B,A,C,C,D,B,C,C,C,B,D,C,C,B,D,D,B,B,C,C,A,,,,,D,C,C,D,D,C,C,D,C,B,D,B,B,B,C,C,C,B,B,C,D,B,D,D,D,B,D,D,B,B,D,D
665,A,E,D,B,A,B,B,C,D,B,B,B,D,D,B,A,B,B,D,B,C,C,D,A,,C,,,B,B,C,B,D,A,A,A,A,A,A,A,A,A,C,C,C,C,C,C,C,C,C,D,C,C,C,C,B,C,D,C
666,B,E,C,B,B,A,D,A,B,C,A,C,A,A,A,B,D,B,A,A,C,C,B,,,,D,E,B,B,A,C,D,A,A,A,A,A,A,A,A,A,B,B,B,C,A,B,B,B,A,D,C,D,B,B,C,B,C,B
667,D,B,A,B,B,C,B,A,D,B,A,A,C,C,D,D,A,D,D,B,A,C,C,A,,,,,B,D,C,D,D,C,D,C,A,D,B,B,A,D,D,D,C,B,D,B,A,C,D,D,B,B,D,A,D,A,B,D
668,C,C,C,C,B,C,C,D,C,C,B,C,C,A,B,B,C,C,B,C,D,C,C,,,,D,,B,C,B,B,D,D,B,C,C,C,D,D,C,C,B,B,C,C,D,C,B,C,C,B,C,C,A,B,B,B,C,C
669,B,B,C,B,A,A,D,B,A,C,A,A,D,A,B,A,A,E,D,B,A,C,D,,,,,E,D,D,E,D,E,B,C,C,D,B,C,C,D,A,D,D,D,D,D,D,D,D,D,D,B,D,B,D,D,D,D,D
670,D,B,C,B,B,C,C,C,C,C,C,D,C,C,C,B,B,E,A,A,B,D,D,,,,,E,D,D,D,C,D,C,A,B,C,C,A,B,B,A,D,A,C,C,D,C,D,D,D,D,D,C,D,D,D,D,D,D
671,D,B,B,B,A,A,A,A,A,A,A,A,A,A,D,A,E,E,A,A,A,A,A,,,,,E,D,D,E,D,E,A,A,A,A,A,A,A,A,A,D,D,D,D,D,D,D,D,D,D,D,D,D,D,D,D,D,D
672,D,A,A,B,B,A,D,A,A,A,B,B,A,A,B,D,A,A,A,A,B,B,D,A,,,,,D,D,D,D,D,D,D,D,C,B,D,D,B,B,D,D,D,B,D,D,D,D,D,D,B,D,D,D,D,D,C,D
673,D,B,B,B,A,B,C,A,A,B,A,B,B,A,C,C,C,E,C,B,B,B,C,A,,,,,D,D,E,D,E,B,D,B,D,B,B,B,C,A,D,D,D,D,D,D,D,D,D,D,C,D,C,C,D,D,D,D
674,A,A,B,B,A,B,D,B,B,C,B,D,B,B,C,B,B,B,B,B,B,B,C,A,,,,,D,D,B,D,A,C,D,C,B,C,B,B,C,C,D,D,B,D,D,B,D,D,D,C,A,D,D,C,D,D,D,D
675,D,B,A,A,A,A,B,A,A,B,A,B,A,A,A,B,A,B,A,B,A,A,C,,,,,E,D,B,B,D,D,A,A,A,A,A,A,A,A,A,D,C,A,C,A,C,B,A,D,C,C,D,D,C,D,C,D,C
676,D,B,A,B,B,A,D,C,A,A,A,B,A,B,C,C,A,D,A,A,A,D,D,A,,,,E,D,D,D,D,D,B,D,D,A,A,D,D,B,B,D,D,D,B,D,D,D,B,C,D,D,D,D,C,D,C,D,D
677,D,B,B,B,B,A,C,B,B,B,A,B,A,B,C,D,B,E,B,A,A,A,A,,,,,E,D,C,E,C,D,A,D,B,D,A,B,B,D,A,C,C,D,C,D,D,D,D,D,C,C,D,D,C,C,D,D,D
678,D,B,B,B,B,A,D,B,B,B,B,B,B,A,B,B,A,B,A,A,A,A,D,,,,,E,D,D,E,D,E,A,D,B,A,A,B,B,A,A,D,D,D,D,D,D,D,D,D,D,C,C,D,D,D,C,D,D
679,D,B,C,C,B,D,A,C,C,D,D,B,D,D,B,B,B,E,A,A,B,A,D,A,,,,,C,D,E,C,E,D,A,C,A,A,B,B,A,A,C,B,C,C,D,C,D,D,C,D,C,C,C,C,D,C,C,D
680,C,B,B,B,B,D,D,D,D,D,D,D,D,D,C,B,E,E,C,A,B,B,D,A,,,,,D,D,D,D,D,C,D,D,D,D,D,D,D,D,D,D,D,D,D,D,D,D,D,D,C,D,D,D,D,D,D,D
681,D,A,A,B,C,A,C,A,A,C,A,B,B,A,C,A,A,D,A,A,A,,D,A,,,,E,C,C,D,D,D,A,D,A,B,A,A,A,A,A,C,D,D,C,D,D,D,D,D,D,D,D,D,D,D,D,D,D
682,B,B,A,B,A,A,A,A,B,A,C,C,A,A,A,B,E,E,A,A,A,D,D,A,,,,,D,C,D,D,D,A,B,C,D,A,C,A,D,A,D,D,D,D,D,D,D,D,D,D,B,C,C,D,C,A,D,D
683,A,B,E,B,A,A,A,A,A,A,A,A,A,A,A,B,A,B,A,A,A,A,A,A,,,,,A,A,A,A,B,A,A,A,A,A,A,A,A,A,B,A,A,A,C,A,A,C,A,B,B,C,A,B,D,B,D,D
684,C,E,B,B,A,B,D,B,A,C,C,D,B,B,A,B,E,D,A,B,A,B,C,,,,D,E,C,C,B,C,D,D,D,A,A,A,A,A,A,A,B,C,C,C,D,C,C,D,C,D,C,C,C,C,C,C,B,D
685,C,B,A,B,B,C,C,C,C,D,C,C,C,C,B,B,A,D,B,A,A,C,B,,B,,,E,C,C,E,D,E,A,A,A,A,A,A,A,A,A,D,D,D,D,D,D,D,D,D,D,D,D,D,D,D,D,D,D
688,D,B,B,B,B,B,A,C,A,D,C,D,D,D,B,B,E,E,A,B,B,B,D,A,,,,,D,D,E,D,E,B,B,B,A,A,B,B,A,B,C,B,C,B,D,D,C,D,C,D,D,D,D,D,D,D,D,D
689,C,B,A,B,B,A,A,A,A,A,A,A,A,A,C,B,D,C,B,D,B,A,B,,,,,E,D,D,E,D,E,D,D,D,D,D,D,D,D,D,D,D,D,D,D,D,D,D,D,D,A,B,A,B,C,C,D,D
690,D,B,B,B,B,A,D,A,A,A,A,A,A,A,D,D,E,E,D,A,A,A,D,,B,,,,D,D,C,D,D,A,A,A,A,A,A,A,A,A,D,D,D,D,D,D,D,D,D,D,D,D,D,D,D,D,D,D
691,D,E,B,A,A,A,A,A,A,A,A,A,A,A,D,D,E,E,B,A,A,B,D,A,,,,,D,D,E,D,E,C,B,C,C,B,B,C,C,B,D,D,D,D,D,D,D,D,D,D,D,D,D,D,D,D,D,D
692,C,B,A,A,A,A,C,B,C,D,B,C,B,B,B,C,A,E,C,B,B,C,D,A,,,,,D,D,E,D,E,D,C,C,D,D,D,D,D,D,D,D,D,D,D,D,D,D,D,D,D,D,D,D,D,D,D,D
693,D,A,A,B,B,B,C,B,B,C,C,C,C,B,C,C,B,E,C,B,B,B,D,A,,,,,D,D,C,D,D,D,D,D,C,D,D,D,B,D,D,D,D,D,D,D,D,D,D,D,C,C,D,D,D,D,D,D
694,D,E,D,B,A,A,D,A,D,A,B,C,D,C,B,A,D,C,D,B,A,D,A,A,,,,,A,A,A,B,D,A,D,D,D,D,D,D,D,D,D,D,D,D,A,C,D,D,D,D,A,D,D,B,D,D,D,D
695,D,E,B,B,A,B,B,A,A,B,C,A,B,B,B,B,A,D,D,C,B,D,B,A,,,,,B,B,D,C,D,C,C,D,A,B,C,C,A,C,B,B,C,A,B,C,D,B,C,D,B,A,A,C,B,A,B,A
696,D,B,A,C,A,C,B,A,D,D,C,D,D,C,A,A,A,A,A,A,A,A,D,A,,,,,D,C,D,D,D,C,A,D,D,D,A,D,C,A,C,D,D,D,D,D,D,D,D,D,D,D,D,C,D,D,D,C
697,D,B,C,B,B,A,D,A,A,A,A,B,A,A,C,C,A,D,D,A,A,D,D,A,,,,,D,D,E,D,E,C,D,B,A,A,B,C,A,A,D,D,D,D,D,D,D,D,D,D,D,D,D,D,D,D,D,D
698,B,A,A,B,A,A,D,D,B,B,C,D,B,B,B,C,A,E,D,A,A,D,D,,B,,,,D,D,E,D,E,A,D,C,A,B,B,D,A,A,A,B,C,A,B,C,B,A,A,D,D,C,D,B,D,C,D,D
699,D,B,A,B,B,A,D,A,A,A,A,C,A,A,D,C,B,E,A,A,B,A,D,A,,,,,D,D,E,D,E,A,D,A,A,A,A,A,A,A,D,D,D,D,D,D,D,D,D,D,C,D,C,D,D,D,D,D
700,D,B,B,B,A,C,C,D,B,B,D,D,B,D,C,B,A,E,B,A,B,B,D,A,,,,E,D,D,D,D,D,D,D,D,D,D,D,D,D,D,D,D,D,D,D,D,D,D,D,D,C,D,D,D,D,C,D,D
701,D,B,B,C,B,A,A,B,B,A,B,B,B,A,B,C,E,E,B,B,B,B,C,A,,,,,C,C,E,D,E,B,B,B,B,B,B,B,B,B,B,C,C,C,C,C,C,C,C,D,C,C,C,C,D,D,D,D
702,D,B,B,A,B,A,D,A,A,B,A,C,A,B,B,D,E,D,A,A,A,A,B,,,,D,E,D,C,D,D,D,A,D,B,C,B,A,B,B,A,D,D,D,D,D,D,D,D,D,D,C,B,B,B,D,D,D,C
703,D,B,A,B,C,B,A,A,A,D,A,A,B,C,B,B,A,A,A,A,A,A,B,,,,,E,D,B,C,D,E,A,D,B,C,D,A,A,B,A,B,D,A,C,D,B,A,C,D,C,C,C,D,C,D,B,D,C
704,B,C,A,A,B,A,D,B,B,A,A,B,A,A,A,B,A,D,B,B,C,A,A,,,,D,E,D,C,E,B,E,B,C,A,B,B,A,A,A,A,B,B,C,B,D,B,C,D,B,D,A,A,B,A,B,B,B,B
705,D,B,A,B,B,A,C,B,B,C,B,B,B,C,C,C,A,E,D,A,A,A,D,A,,,,,D,D,D,D,D,A,C,B,B,C,C,B,B,B,D,D,D,D,D,D,D,D,D,D,D,D,D,D,D,D,D,D
706,D,B,A,B,B,A,C,B,B,B,A,B,B,A,B,C,A,B,B,B,A,B,C,,,,,E,D,C,D,D,D,B,B,B,C,B,B,C,B,B,D,D,D,D,D,D,D,D,D,D,C,D,D,D,D,D,D,C
707,C,A,A,B,B,A,D,D,C,D,D,D,B,D,B,B,A,A,C,B,B,B,C,A,,,,,D,D,E,D,E,A,A,A,A,A,A,A,A,A,D,D,D,D,D,D,D,D,D,D,C,C,D,C,D,C,D,D
708,D,A,A,B,B,A,C,A,A,B,A,B,A,A,C,B,C,E,B,A,B,A,D,,B,,,,C,D,E,D,E,A,C,B,C,A,B,B,A,A,B,C,B,C,C,B,B,C,A,C,C,B,C,C,C,C,C,D
712,C,B,B,A,A,A,B,D,A,C,B,D,A,B,D,C,E,E,C,B,C,D,D,A,,,,,D,D,E,D,E,B,C,D,C,A,B,D,B,B,D,D,D,C,D,D,D,D,C,D,C,D,D,C,D,C,D,D
713,B,C,A,B,B,B,B,A,B,A,A,B,B,A,B,B,B,C,C,C,B,C,B,A,,,,,B,A,E,C,E,C,C,C,B,B,C,C,A,C,C,C,C,A,C,C,C,B,D,D,B,C,B,C,D,D,D,B
714,C,B,A,B,B,D,A,C,C,D,C,C,D,B,B,C,B,E,B,B,C,C,C,A,,,,E,D,D,E,D,D,D,C,D,B,D,D,D,B,D,D,D,D,B,D,D,D,B,D,D,C,C,C,D,D,D,D,D
715,B,B,D,B,A,C,D,D,D,D,B,D,B,D,B,D,B,D,C,D,D,D,D,,,,,E,D,D,E,D,E,D,D,D,D,D,C,D,C,C,D,D,D,D,D,D,D,D,D,C,D,C,C,C,D,C,D,D
716,D,B,D,B,B,A,C,D,B,A,C,D,C,D,C,B,A,B,D,A,A,D,D,A,,,,,D,C,E,D,A,A,D,D,C,B,D,D,C,B,D,D,D,D,D,D,D,D,B,D,C,C,B,D,D,C,D,D
717,D,A,A,B,A,A,D,A,B,D,B,C,D,A,B,B,A,E,D,A,A,D,D,A,,,,,D,D,D,D,C,D,D,D,C,D,D,D,C,D,B,D,D,C,D,D,D,D,C,D,C,B,D,C,D,B,D,D
718,D,B,B,B,B,A,B,A,A,B,A,B,A,A,A,C,B,E,B,B,B,A,D,A,,,,,D,D,E,D,E,B,A,B,B,A,A,B,A,B,D,D,D,C,D,D,D,D,C,D,C,D,C,C,D,D,D,D
719,C,C,C,C,A,A,D,B,B,B,C,C,B,B,B,C,C,D,C,A,A,C,C,,,,,E,C,D,C,D,D,A,D,C,B,A,C,D,B,B,D,D,D,D,D,D,D,D,D,C,D,C,C,C,D,B,D,D
720,A,E,C,A,A,A,A,A,A,A,A,A,A,A,C,B,C,A,C,A,A,D,C,,,,,E,C,B,E,D,E,B,B,D,B,B,D,B,B,B,B,B,D,B,C,D,D,B,B,D,D,D,B,C,A,D,C,C
721,B,C,B,B,B,A,C,B,A,C,B,B,B,B,B,C,C,B,D,B,A,D,D,,,,,E,D,D,C,C,D,A,C,B,B,A,B,B,B,B,D,D,D,D,D,D,D,D,D,D,B,B,B,B,D,B,D,D
722,A,D,A,B,B,A,D,B,A,A,A,B,A,A,B,B,D,D,D,A,D,D,D,A,,,,,B,C,E,D,E,B,D,C,C,A,C,C,B,A,D,D,C,B,D,C,D,B,D,D,D,D,D,D,C,D,D,C
723,B,C,A,B,B,A,B,B,A,C,A,A,B,B,B,B,B,E,A,A,A,D,D,A,,,,,C,D,E,D,E,A,B,D,A,A,B,C,A,D,D,A,D,D,D,D,D,D,B,D,D,C,D,B,D,C,D,D
724,D,B,B,B,B,C,C,C,C,C,C,C,C,C,C,C,A,E,A,A,A,A,D,,,,,E,D,D,E,D,E,D,D,D,D,D,D,D,D,D,D,D,D,D,D,D,D,D,D,D,D,D,B,D,D,D,D,D
725,B,A,A,B,B,A,D,A,A,C,B,D,A,B,D,C,E,E,B,A,B,D,C,,,,,E,D,C,D,D,D,A,C,D,D,D,D,D,A,B,D,D,D,D,D,D,D,D,D,D,D,C,D,D,D,D,D,D
726,D,B,B,B,B,A,A,A,A,A,A,A,A,A,D,D,E,E,D,A,B,A,D,A,,,,,D,D,E,D,E,A,A,A,A,A,A,A,A,A,D,D,D,C,D,D,D,D,D,D,D,C,D,D,D,D,D,D
727,D,B,A,B,A,C,C,C,C,D,C,C,D,C,C,C,B,E,D,A,B,D,D,,,,,E,D,D,D,D,C,C,C,C,D,D,C,C,D,C,D,C,C,D,D,D,D,D,D,D,C,D,C,D,D,D,D,D
728,D,B,A,B,B,C,C,B,C,C,B,B,C,B,C,B,B,B,C,B,B,B,C,,,,,E,D,D,C,D,E,A,C,B,C,B,C,B,C,B,C,C,C,C,C,B,B,D,D,D,C,D,C,D,D,D,D,D
729,D,A,B,B,A,A,D,A,B,C,B,C,C,C,C,C,A,A,D,A,A,C,D,,,,D,E,D,D,E,D,E,B,C,B,D,C,B,C,B,A,C,D,D,C,D,D,D,D,C,D,C,B,C,C,D,D,D,C
730,D,C,C,B,D,A,D,A,D,D,C,D,C,D,B,D,A,E,C,C,C,A,D,,,,,E,D,D,E,D,D,D,D,D,D,D,D,D,D,D,D,D,D,D,D,D,D,D,D,D,D,D,D,D,D,D,D,D
731,A,D,C,B,A,B,A,A,A,A,A,A,A,A,C,B,C,D,C,B,B,D,C,,,,,E,B,B,B,C,D,B,B,A,A,B,A,A,B,B,C,B,D,B,D,D,D,B,C,D,A,B,A,B,A,A,C,A
738,B,C,A,B,B,B,C,B,C,B,B,B,B,B,A,C,C,B,B,B,A,C,B,,,C,,,C,C,B,C,A,D,D,D,D,D,C,D,D,C,B,B,B,B,D,D,D,D,C,C,A,D,A,B,C,C,C,D
739,D,B,B,A,A,A,A,A,A,A,A,A,A,A,D,D,D,E,D,A,A,C,D,A,,,,E,C,B,E,D,E,C,C,D,D,A,B,A,C,D,C,D,D,C,C,C,D,D,D,D,B,C,D,D,D,D,D,D
740,C,C,C,B,B,C,C,A,A,C,C,C,A,C,B,B,B,D,C,B,B,D,D,A,,,,,C,D,B,C,D,A,A,A,A,A,A,A,A,A,D,D,D,D,D,D,D,D,D,D,C,D,D,D,C,D,D,C
741,C,C,A,B,B,A,D,A,B,B,A,B,B,B,C,D,A,E,D,A,B,C,D,A,,,,,C,D,D,D,D,C,D,D,B,C,C,C,C,C,C,B,B,C,D,C,C,C,A,D,C,C,C,C,D,D,D,C
742,D,B,B,B,A,A,C,A,A,B,A,A,A,A,B,D,E,E,D,A,A,C,D,A,,,,,D,D,E,D,E,A,A,B,B,A,B,B,A,A,D,D,D,D,D,D,D,D,D,D,D,C,C,C,D,D,D,D
745,C,B,A,B,B,A,D,A,A,A,B,B,B,B,B,B,B,A,B,A,A,B,D,A,,,,,D,D,E,D,E,A,D,B,B,B,B,C,B,A,D,D,D,D,D,D,D,D,D,D,D,D,D,D,D,D,D,D
746,B,D,A,B,B,C,B,C,C,D,B,B,D,C,B,C,C,D,B,B,B,B,C,A,,,,,D,D,C,D,D,C,C,C,C,D,C,C,B,A,D,D,C,D,D,D,C,D,C,D,C,B,D,B,D,C,D,
747,C,B,A,B,A,B,B,B,B,C,B,B,B,B,C,C,C,C,C,A,B,B,C,,,,,E,A,B,C,C,C,A,A,A,A,A,A,A,A,A,C,C,C,C,D,C,D,C,C,C,C,C,C,C,D,D,D,D
748,B,D,A,B,A,A,C,A,A,B,A,B,C,B,B,C,D,C,C,A,A,D,C,A,,,,,B,B,E,C,E,A,D,B,C,A,B,B,C,A,B,C,A,A,D,D,D,B,C,D,B,A,B,D,B,B,D,B
751,B,B,A,B,A,A,C,B,B,B,B,B,B,C,C,A,B,C,C,A,A,B,C,,B,,,E,C,C,D,D,D,D,D,D,C,D,D,C,B,D,D,D,C,D,D,C,D,D,D,D,C,D,D,D,D,D,D,D
752,C,B,A,B,A,C,A,C,C,D,C,B,C,C,C,C,B,D,D,B,A,C,D,A,,,,E,D,D,E,D,E,D,B,B,C,A,B,C,B,B,D,A,D,C,D,C,D,C,C,D,B,C,C,C,D,D,D,D
753,A,B,A,B,A,A,B,B,A,A,A,A,A,A,C,A,B,E,C,B,B,D,D,A,,,,,D,B,D,D,D,D,D,D,D,D,D,D,D,D,D,D,D,D,D,D,D,D,D,D,D,D,D,D,D,D,D,D
754,D,A,B,C,B,B,C,B,B,B,B,B,B,C,A,B,C,B,C,B,B,B,B,,,C,,,C,B,B,B,C,A,A,A,B,B,C,A,B,B,B,B,B,B,B,B,B,C,B,C,D,C,C,C,D,D,D,D
755,D,A,A,B,C,A,D,A,A,A,A,A,A,A,A,D,C,A,A,A,D,D,D,A,,,,,A,D,*,D,E,D,D,D,D,D,D,D,D,D,D,D,D,D,D,D,D,D,D,D,D,D,D,D,D,D,D,D
756,D,B,D,C,B,A,D,A,A,B,A,A,B,B,B,A,A,A,B,A,C,D,B,A,,,,,D,D,E,C,E,D,D,D,D,D,D,D,D,D,D,D,D,D,D,D,D,D,D,D,C,B,C,D,D,D,D,D
757,B,A,B,B,A,A,C,A,B,B,A,B,A,A,B,C,B,C,B,A,A,C,D,,B,,,,D,C,C,C,D,A,C,B,C,A,A,A,A,A,D,D,C,C,D,C,C,C,C,D,C,D,C,D,C,C,D,D
758,C,B,B,B,A,A,D,A,A,A,A,A,A,A,B,D,A,B,B,A,A,A,D,A,,,,,D,D,E,D,E,A,D,A,A,A,A,A,A,A,D,D,D,D,D,D,D,D,D,D,D,D,D,D,D,D,D,D
759,D,A,A,A,,A,B,C,A,B,C,D,D,D,D,C,E,E,D,A,C,D,D,A,,,,,D,D,E,D,E,D,C,D,C,D,D,D,D,D,D,D,D,D,D,D,D,D,D,D,C,D,D,D,D,D,D,D
