,Tab1,Tab2,Tab3,Tab4,Tab5,Tab6,Tab7,Tab8,Tab9,Tab10,Tab11,Tab12,Tab13,Tab14,Tab15,Tab16,Tab17,Tab18,Tab19,Tab20,Tab21,Tab22,Tab23,Tab24,Tab25,Tab26,Tab27,Tab28,Tab29,Tab30,Tab31,Tab32,Tab33,Tab34,Tab35,Tab36,Tab37,Tab38,Tab39,Tab40,Tab41,Tab42,Tab43,Tab44,Tab45,Tab46,Tab47,Tab48A,Tab48B,Tab48C,Tab48D,Tab48E,Tab48F,Tab48G,Tab49,Tab50,Tab51,Tab52,Tab53,Tab54,Tab55
1,A,D,A,A,B,B,C,A,C,B,D,D,A,A,C,B,B,A,C,A,A,D,A,B,B,B,A,B,A,C,D,C,A,C,D,D,D,C,A,B,A,E,B,B,A,A,B,,,,D,,,,C,A,A,B,C,C,B
2,B,A,C,E,D,D,D,D,D,D,D,D,D,D,C,D,D,C,D,B,D,D,B,D,C,F,D,E,F,D,D,D,D,D,D,D,D,D,D,E,E,F,E,E,I,E,F,,,,,,,G,E,E,E,E,E,E,E
3,B,A,C,E,B,B,C,B,B,A,A,B,A,B,C,B,C,C,B,A,B,C,A,B,D,F,D,E,F,D,D,D,D,D,D,D,D,D,D,E,E,F,E,E,I,E,F,,,,,,,G,E,E,E,E,E,E,E
4,B,B,C,E,A,D,D,A,D,A,D,D,A,A,A,D,D,A,D,A,A,D,A,A,D,F,D,E,F,D,D,D,D,D,D,D,D,D,D,E,E,F,E,E,I,E,F,,,,,,,G,E,E,E,E,E,E,E
5,B,C,A,E,A,C,C,A,C,B,C,C,A,B,B,D,D,B,D,A,C,C,B,B,C,F,D,E,F,D,D,D,D,D,D,D,D,D,D,E,E,F,E,E,I,E,F,,,,,,,G,E,E,E,E,E,E,E
6,A,B,C,C,C,C,D,D,D,A,D,D,A,B,B,D,D,D,D,A,D,D,A,D,C,C,C,A,E,D,D,D,D,D,D,D,D,D,D,C,C,A,C,C,F,A,B,A,,,,,,,D,D,D,D,D,D,D
7,B,C,A,E,B,B,B,B,B,B,B,B,B,C,C,C,C,A,C,B,C,C,B,C,D,F,D,E,F,D,D,D,D,D,D,D,D,D,D,E,E,F,E,E,I,E,F,,,,,,,G,E,E,E,E,E,E,E
8,A,C,D,A,A,C,C,D,D,A,C,C,A,B,B,C,D,A,C,A,D,C,A,B,C,D,C,A,E,C,D,C,D,C,B,D,C,A,B,A,A,E,A,D,E,A,A,,,,D,,,,C,A,C,B,D,C,D
9,A,B,D,A,D,B,D,D,C,A,C,D,A,B,D,C,D,D,D,A,C,D,A,D,C,B,A,A,D,D,C,D,D,C,A,C,D,A,D,C,B,E,B,,,B,A,,,,D,,,,C,D,C,A,A,C,D
10,B,B,C,E,B,C,B,A,B,A,C,B,A,B,A,C,B,A,B,A,B,D,A,B,C,F,D,E,F,D,D,D,D,D,D,D,D,D,D,E,E,F,,,I,,F,,,,,,,G,E,E,E,E,E,E,E
11,B,B,A,E,B,C,C,A,C,A,C,C,A,B,B,C,C,A,C,A,C,C,A,C,D,F,D,E,F,D,D,D,D,D,D,D,D,D,D,E,E,F,E,E,I,E,F,,,,,,,G,E,E,E,E,E,E,E
12,B,B,A,E,B,C,C,A,C,A,C,C,A,B,C,C,C,B,C,A,C,D,A,B,D,F,D,E,F,D,D,D,D,D,D,D,D,D,D,E,E,F,E,E,I,E,F,,,,,,,G,E,E,E,E,E,E,E
13,A,C,C,A,A,B,B,C,B,A,C,D,B,D,A,C,D,B,C,A,C,D,A,A,B,C,B,A,E,D,B,D,D,D,D,D,D,C,D,C,B,C,B,C,D,B,B,,,,D,,,,B,C,A,B,A,B,A
14,B,D,B,E,B,B,C,A,B,B,B,B,B,B,B,B,A,A,B,A,B,B,A,A,C,B,C,A,E,C,B,B,D,C,D,C,C,D,B,C,D,B,B,C,E,C,C,A,,,,,,,D,C,D,B,D,C,C
15,A,B,C,C,B,B,B,B,C,A,D,D,A,B,C,C,B,B,D,B,C,D,B,D,B,B,A,B,A,C,C,B,A,C,D,C,C,D,B,C,B,B,B,B,E,A,B,,,,D,,,,C,D,B,D,B,C,C
17,B,B,A,E,B,C,A,D,D,A,C,B,B,B,D,D,D,A,D,B,D,D,B,C,C,F,D,E,F,D,D,D,D,D,D,D,D,D,D,E,E,F,E,E,I,E,F,,,,,,,G,E,E,E,E,E,E,E
18,B,B,D,E,A,D,D,A,D,A,D,D,A,C,B,B,B,B,A,A,A,B,A,A,D,F,D,E,F,D,D,D,D,D,D,D,D,D,D,E,E,F,E,E,I,E,F,,,,,,,G,E,E,E,E,E,E,E
19,B,A,A,E,D,D,D,D,D,B,D,D,A,D,C,C,D,A,C,A,C,C,A,D,D,F,D,E,F,D,D,D,D,D,D,D,D,D,D,E,E,F,E,E,I,E,F,,,,,,,G,E,E,E,E,E,E,E
20,B,A,D,E,A,D,D,D,A,A,D,D,A,A,A,D,D,A,A,A,D,D,A,D,D,F,D,E,F,D,D,D,D,D,D,D,D,D,D,E,E,F,E,E,I,E,F,,,,,,,G,E,E,E,E,E,E,E
21,B,A,A,E,B,B,B,A,C,A,C,B,A,A,D,D,D,D,D,B,D,D,B,B,D,F,D,E,F,D,D,D,D,D,C,D,D,C,D,E,E,F,E,E,I,E,F,,,,,,,G,E,E,E,E,E,E,E
22,B,B,C,E,C,D,D,B,D,A,D,D,A,B,C,A,C,C,A,A,A,A,A,A,D,F,D,E,F,D,D,D,D,D,D,D,D,D,D,E,E,F,E,E,I,E,F,,,,,,,G,E,E,E,E,E,E,E
23,B,B,A,E,B,D,B,A,D,A,D,C,A,A,A,A,C,A,A,A,A,C,A,C,C,F,D,E,F,D,D,D,D,D,D,D,D,D,D,E,E,F,E,E,I,E,F,,,,,,,G,E,E,E,E,E,E,E
24,B,B,C,E,C,C,D,D,C,A,C,C,A,B,C,C,C,A,C,A,C,C,A,C,C,C,C,E,F,D,C,C,D,D,D,C,D,D,D,E,E,B,C,D,D,B,A,,,,D,,,,C,D,D,D,D,E,E
25,B,B,C,E,B,D,D,A,D,A,D,D,A,B,D,D,D,B,D,A,D,D,A,C,D,F,D,E,F,D,D,D,B,D,A,D,D,A,D,E,E,F,E,E,I,E,F,,,,,,,G,E,E,E,E,E,E,E
26,B,A,A,E,A,B,B,C,D,A,C,D,A,C,C,C,C,D,D,A,B,C,A,C,D,F,D,E,F,D,D,D,D,D,D,D,D,D,D,E,E,F,E,E,I,E,F,,,,,,,G,E,E,E,E,E,E,E
27,B,B,B,E,B,C,C,B,C,A,C,C,B,B,B,C,C,C,B,A,B,D,A,C,C,F,D,E,F,D,D,D,D,D,D,D,D,D,D,E,E,F,E,E,I,E,F,,,,,,,G,E,E,E,E,E,E,E
28,A,B,B,C,B,B,B,B,B,A,B,B,A,A,C,B,B,B,B,A,B,B,A,A,B,B,C,A,C,C,B,B,B,B,B,B,C,B,A,C,A,C,B,B,F,A,A,,,,D,,,,D,A,A,C,B,A,B
29,B,B,C,E,C,D,D,D,D,A,D,D,A,C,C,D,D,C,D,A,D,D,A,C,C,F,D,E,F,D,D,D,D,D,D,D,D,D,D,C,E,F,E,E,I,E,F,,,,,,,G,E,E,E,E,E,E,E
30,B,A,B,E,C,D,D,A,D,B,D,D,B,D,A,B,C,A,C,A,C,D,A,C,D,F,D,E,F,D,D,D,D,D,D,D,D,D,D,E,E,F,E,E,I,E,F,,,,,,,G,E,E,E,E,E,E,E
31,B,A,A,E,A,B,C,B,B,A,C,B,A,B,B,B,C,A,B,A,B,B,A,A,D,F,D,E,F,D,D,D,D,D,D,D,D,D,D,E,E,F,E,E,I,E,F,,,,,,,G,E,E,E,E,E,E,E
32,B,A,A,E,B,C,C,A,C,A,C,C,A,B,B,D,D,A,D,A,D,D,A,D,D,F,D,E,F,D,D,D,D,D,D,D,D,D,D,E,E,F,E,E,I,E,F,,,,,,,G,E,E,E,E,E,E,E
33,B,A,C,E,A,B,C,D,B,B,B,D,B,A,A,B,B,A,B,A,B,D,A,B,C,C,C,E,F,D,D,D,D,D,D,D,D,D,D,E,E,F,E,E,G,E,F,,,C,D,,,,E,E,E,E,E,E,E
34,B,B,C,E,C,D,D,D,D,A,D,D,A,D,B,D,D,A,D,A,D,D,A,D,D,F,D,E,F,D,D,D,D,D,D,D,D,D,D,E,E,F,E,E,I,E,F,,,,,,,G,E,E,E,E,E,E,E
35,A,A,B,C,D,B,D,D,B,B,C,D,B,B,A,B,C,A,B,A,B,D,A,D,C,D,B,A,E,D,D,D,D,B,D,C,D,D,D,D,C,A,A,C,H,D,E,A,,,,,,,D,D,C,D,C,C,C
36,B,B,B,E,B,D,D,D,D,A,D,D,A,D,A,A,B,B,B,A,B,B,A,B,D,F,D,E,F,D,D,D,D,D,D,D,D,D,D,E,E,F,E,E,I,E,F,,,,,,,G,E,E,E,E,E,E,E
37,B,A,D,E,A,D,D,D,D,A,D,D,A,B,B,D,D,B,D,A,C,D,A,D,D,F,D,E,F,D,D,D,D,D,D,D,D,D,D,E,E,F,E,E,I,E,F,,,,,,,G,E,E,E,E,E,E,E
38,B,A,D,E,C,D,D,B,D,A,D,D,A,D,C,B,B,B,B,A,B,B,A,C,D,F,D,E,F,D,D,D,D,D,D,D,D,D,D,E,E,F,E,E,I,E,F,,,,,,,G,E,E,E,E,E,E,E
39,B,A,B,E,B,C,C,B,C,B,D,B,B,B,B,C,C,B,C,A,B,C,A,B,D,F,D,E,F,D,D,D,D,D,D,D,D,D,D,E,E,F,E,E,I,E,F,,,,,,,G,E,E,E,E,E,E,E
40,B,A,B,E,B,D,D,A,D,A,D,D,A,C,C,D,D,C,C,A,A,B,B,C,D,F,D,E,F,D,D,D,D,D,D,D,D,D,D,E,E,F,E,E,I,E,F,,,,,,,G,E,E,E,E,E,E,E
41,B,B,A,E,D,C,A,D,D,D,D,D,D,D,A,B,B,A,B,A,A,C,A,B,D,F,D,E,F,D,D,D,D,D,A,D,D,A,D,E,E,F,E,E,I,E,F,,,,,,,G,E,E,E,E,E,E,E
42,B,A,A,E,D,C,D,C,B,B,C,B,A,B,C,B,C,A,C,B,C,D,A,A,D,F,D,E,F,D,D,D,D,D,D,D,D,D,D,E,E,F,E,E,I,E,F,,,,,,,G,E,E,E,E,E,E,E
43,A,B,A,A,C,C,C,D,B,B,B,D,B,B,C,B,B,D,B,A,B,B,A,B,C,B,C,A,D,D,C,C,D,B,D,B,D,D,B,D,C,A,A,C,H,B,E,A,,,,,,,D,D,D,B,D,D,B
44,B,A,D,E,C,D,D,A,D,A,D,D,A,B,C,D,D,A,D,A,D,D,A,C,D,F,D,E,F,D,D,D,D,D,D,D,D,D,D,E,E,F,E,E,I,E,F,,,,,,,G,E,E,E,E,E,E,E
45,B,A,D,E,A,D,D,A,D,A,D,D,A,A,A,B,B,B,B,A,B,A,A,A,D,F,D,E,F,D,D,D,D,D,D,D,D,D,D,E,E,F,E,E,I,E,F,,,,,,,G,E,E,E,E,E,E,E
46,B,A,D,E,A,B,C,A,C,A,C,C,A,B,A,A,A,A,A,A,A,A,A,A,D,F,D,E,F,D,D,D,D,D,D,D,D,D,D,E,E,F,E,E,I,E,F,,,,,,,G,E,E,E,E,E,E,E
47,B,A,A,E,C,C,D,B,D,B,D,D,B,B,C,D,D,A,C,A,C,C,A,B,D,F,D,E,F,C,C,C,D,D,D,D,D,D,D,E,E,F,E,E,I,E,F,,,,,,,G,E,E,E,E,E,E,E
48,B,B,A,E,B,C,B,A,D,A,D,D,A,D,C,C,B,A,C,A,B,D,A,B,C,F,D,E,F,D,D,D,D,D,D,D,D,D,D,E,E,F,E,E,I,E,F,,,,,,,G,E,E,E,E,E,E,E
49,A,A,C,C,C,B,C,D,C,B,C,B,B,D,D,C,D,B,C,B,C,C,B,B,C,C,C,A,E,D,B,D,D,C,D,D,D,D,D,D,B,A,A,B,H,B,E,A,,,,,,,C,B,B,B,C,B,C
50,B,C,A,E,B,C,A,D,D,A,D,B,B,B,C,C,B,B,C,A,A,C,A,B,C,F,D,E,F,D,D,D,D,D,D,D,D,D,D,E,E,F,E,E,I,E,F,,,,,,,G,E,E,E,E,E,E,E
51,B,B,A,E,A,B,B,A,C,A,C,C,A,B,B,C,C,A,C,B,C,C,B,B,D,F,D,E,F,D,D,D,D,D,D,D,D,D,D,E,E,F,E,E,I,E,F,,,,,,,G,E,E,E,E,E,E,E
52,B,A,B,E,A,D,D,A,D,A,D,D,A,D,B,D,C,A,B,A,D,D,A,C,D,F,D,E,F,D,D,D,D,D,D,D,D,D,D,E,E,F,E,E,I,E,F,,,,,,,G,E,E,E,E,E,E,E
53,B,C,B,E,C,D,D,D,D,A,D,D,A,D,B,D,D,A,D,A,D,D,A,D,D,F,D,E,F,D,D,D,D,D,D,D,D,D,D,E,E,F,E,E,I,E,F,,,,,,,G,E,E,E,E,E,E,E
54,B,B,A,E,C,D,D,B,D,B,D,D,B,C,B,C,C,B,C,A,C,C,A,B,C,F,D,E,F,D,D,D,D,D,D,D,D,D,D,E,E,F,E,E,I,E,F,,,,,,,G,E,E,E,E,E,E,E
55,B,A,A,E,B,C,C,A,C,A,C,D,B,A,B,D,B,B,C,A,C,C,A,B,D,F,D,E,F,D,D,D,D,D,D,D,D,D,D,E,E,F,E,E,I,E,F,,,,,,,G,E,E,E,E,E,E,E
56,B,A,A,E,B,D,D,D,D,B,D,D,B,D,D,D,D,D,D,B,D,D,B,D,D,F,D,E,F,D,D,D,D,D,D,D,D,D,D,E,E,F,E,E,I,E,F,,,,,,,G,E,E,E,E,E,E,E
57,B,B,D,E,A,B,C,A,C,B,B,B,A,C,B,C,D,B,B,A,C,D,A,D,D,F,D,E,F,D,D,D,D,D,D,D,D,D,D,E,E,F,E,E,I,E,F,,,,,,,G,E,E,E,E,E,E,E
58,A,B,D,A,B,B,A,D,B,B,B,C,A,A,B,C,C,A,C,A,C,C,A,C,C,C,B,A,D,B,C,B,D,A,D,B,D,C,B,B,A,B,C,C,E,A,A,,,,D,,,,A,B,B,C,B,B,B
59,A,B,B,A,A,C,C,B,C,A,C,D,B,C,B,C,C,B,C,B,C,D,C,C,C,B,C,B,A,C,D,C,C,C,D,C,D,C,C,C,C,C,B,C,B,B,C,,,,D,,,,C,D,B,A,C,D,B
60,B,C,A,E,C,D,D,D,D,B,D,D,B,D,D,D,D,D,D,D,D,D,C,D,D,F,D,E,F,D,D,D,D,D,D,D,D,D,D,E,E,F,E,E,I,E,F,,,,,,,G,E,E,E,E,E,E,E
61,B,B,B,E,B,C,B,A,D,A,D,D,A,C,B,D,C,A,D,A,D,D,A,A,D,F,D,E,F,D,D,D,D,D,D,D,D,D,D,E,E,F,E,,I,E,F,,,,,,,G,E,E,E,E,E,E,E
62,B,C,B,E,D,D,D,D,D,A,D,D,A,A,D,D,D,D,D,A,D,D,A,D,C,F,D,E,F,D,D,D,D,D,D,D,D,D,D,E,E,F,E,E,I,E,F,,,,,,,G,E,E,E,E,E,E,E
63,A,B,A,C,C,D,C,B,D,B,C,D,B,D,C,D,C,B,D,B,C,D,B,B,C,C,B,B,C,C,D,D,C,D,C,D,D,D,D,C,B,B,D,B,D,B,C,,,,D,,,,D,C,B,C,B,B,B
64,B,B,A,E,A,C,C,A,D,A,C,C,B,B,C,D,D,A,D,A,D,D,D,A,D,F,D,E,F,C,D,D,B,D,B,D,D,B,C,E,E,F,E,E,I,E,F,,,,,,,G,E,E,E,E,E,E,E
65,B,C,A,E,C,D,D,B,D,B,D,D,B,C,C,D,D,C,D,B,D,D,B,D,D,F,D,E,F,D,D,D,D,D,D,D,D,D,D,E,E,F,E,E,I,E,F,,,,,,,G,E,E,E,E,E,E,E
66,B,A,A,E,C,C,D,A,D,A,D,D,A,C,B,C,B,A,D,A,C,C,A,B,D,F,D,E,F,D,D,D,D,D,D,D,D,D,D,E,E,F,E,E,I,,F,,,,,,,G,E,E,E,E,E,E,E
67,B,C,C,E,C,D,C,A,D,B,C,D,B,B,D,D,D,A,D,A,D,D,A,B,D,F,D,E,F,C,D,D,B,D,A,D,D,B,D,E,E,F,E,E,I,E,F,,,,,,,G,E,E,E,E,E,E,E
68,A,B,A,A,B,D,D,D,D,B,D,D,C,D,B,D,D,B,D,A,D,D,A,D,B,C,B,A,E,D,D,A,D,D,D,D,D,D,D,B,B,B,D,C,E,B,B,,,,D,,,,D,D,C,B,B,B,C
69,A,B,C,C,A,B,B,B,B,B,C,C,B,B,C,B,B,A,C,A,B,D,A,B,B,C,C,A,E,B,B,A,C,C,D,B,D,D,A,B,B,B,A,C,F,B,B,,,,D,,,,B,B,C,A,B,B,B
70,B,C,A,E,D,D,D,C,D,B,D,D,B,B,D,D,D,D,D,D,D,D,B,D,D,F,D,E,F,D,D,D,D,D,D,D,D,D,D,E,E,F,E,E,I,E,F,,,,,,,G,E,E,E,E,E,E,E
71,B,C,B,E,B,D,C,D,D,B,D,D,B,C,C,C,D,D,D,B,D,D,B,D,D,F,D,E,F,D,C,B,D,D,B,D,D,B,D,E,E,F,E,E,I,E,F,,,,,,,G,E,E,E,E,E,E,E
72,B,A,C,E,B,C,D,A,D,A,C,C,A,A,B,A,B,B,B,A,B,B,A,B,D,F,D,E,F,D,D,D,D,D,D,D,D,D,D,E,E,F,E,E,I,E,F,,,,,,,G,E,E,E,E,E,E,E
73,B,A,B,E,B,C,B,A,C,A,C,B,A,C,B,B,A,A,B,A,C,C,A,C,D,F,D,E,F,D,D,D,D,D,D,D,D,D,D,E,E,F,E,E,I,E,F,,,,,,,G,E,E,E,E,E,E,E
74,B,A,C,E,C,C,B,A,C,A,C,C,A,A,C,C,A,C,C,A,C,C,A,C,D,C,C,E,F,D,D,D,D,D,D,D,D,D,D,E,E,F,E,D,G,E,D,,,,D,,,,E,E,E,E,E,E,E
75,B,A,D,E,A,C,D,B,D,A,D,D,A,A,A,C,D,A,C,A,C,D,A,A,D,F,D,E,F,D,D,D,D,D,D,D,D,D,D,E,E,F,E,E,I,E,F,,,,,,,G,E,E,E,E,E,E,E
76,B,A,C,E,B,D,D,D,D,A,D,A,B,B,B,B,A,B,A,B,C,A,B,C,,F,D,E,F,D,D,D,D,D,D,D,D,D,D,E,E,F,E,E,I,E,F,,,,,,,G,E,E,E,E,E,E,E
77,B,A,B,E,A,C,C,B,B,A,C,C,A,B,B,C,C,B,C,A,C,C,A,C,D,F,D,E,F,D,D,D,D,D,D,D,D,D,D,E,E,F,E,E,I,E,F,,,,,,,G,E,E,E,E,E,E,E
78,B,A,B,E,B,C,C,A,C,A,C,C,A,C,C,C,C,A,C,A,C,C,A,C,C,F,D,E,F,D,D,D,D,D,D,D,D,D,D,E,E,F,E,E,I,E,F,,,,,,,G,E,E,E,E,E,E,E
79,B,A,C,E,C,D,D,C,D,B,D,D,B,D,C,D,D,C,D,B,D,D,B,D,D,F,D,E,F,D,D,D,D,D,D,D,D,D,D,E,E,F,E,E,I,E,F,,,,,,,G,E,E,E,E,E,E,E
80,B,A,B,E,A,C,C,D,D,A,C,C,A,D,B,C,B,A,C,A,D,D,A,D,C,F,D,E,F,D,D,D,D,D,D,D,D,D,D,E,E,F,E,E,I,E,F,,,,,,,G,E,E,E,E,E,E,E
81,B,B,A,E,C,C,D,B,C,A,D,D,A,B,D,D,D,A,D,A,D,D,A,A,C,F,D,E,F,D,D,D,D,D,D,D,D,D,D,E,E,F,E,E,I,E,F,,,,,,,G,E,E,E,E,E,E,E
82,B,D,A,E,A,D,D,B,D,B,C,D,B,C,C,D,D,C,D,C,D,D,B,D,D,F,D,E,F,D,D,D,D,D,D,D,D,D,D,E,E,F,E,E,I,E,F,,,,,,,G,E,E,E,E,E,E,E
83,B,A,B,E,B,D,D,A,D,A,D,D,A,B,C,D,D,A,D,A,D,D,A,B,C,F,D,E,F,D,D,D,D,D,D,D,D,D,D,E,E,F,E,E,I,E,F,,,,,,,G,E,E,E,E,E,E,E
84,A,B,D,A,D,C,D,D,D,A,D,D,B,B,A,D,D,D,D,B,D,D,A,A,D,B,B,A,E,D,D,D,D,D,D,D,D,D,A,A,D,E,B,D,G,B,A,A,,,,,,,C,D,D,D,D,D,B
85,A,B,A,D,D,C,D,D,D,C,D,D,D,D,D,D,D,D,D,D,D,D,D,D,C,D,C,A,E,D,D,D,D,D,D,D,D,D,D,D,C,C,C,C,F,C,B,,,,D,,,,C,D,C,C,B,D,D
86,B,B,B,E,C,D,D,D,D,B,B,D,B,C,D,A,A,D,A,A,C,D,A,D,C,F,D,E,E,C,C,C,C,C,C,C,C,C,C,E,E,F,E,E,I,E,F,,,,,,,G,E,E,E,E,E,E,E
87,B,A,B,E,B,C,B,B,B,A,C,D,A,B,B,B,C,B,B,A,B,A,A,C,B,B,C,E,E,D,D,D,D,D,D,D,D,D,D,D,D,B,D,C,G,B,D,,,,D,,,,D,D,D,D,D,C,C
88,B,B,B,E,C,D,D,D,D,B,D,D,B,B,C,D,D,D,D,A,D,D,A,D,D,F,D,E,F,D,D,D,D,D,D,D,D,D,D,E,E,F,E,E,I,E,F,,,,,,,G,E,E,E,E,E,E,E
89,B,B,A,C,C,C,D,B,B,A,C,D,A,B,B,D,D,D,D,A,C,D,A,C,B,D,C,A,E,D,D,D,D,D,D,D,D,D,D,A,A,B,A,C,G,A,D,A,,,,,,,D,E,E,E,E,E,E
90,B,B,B,E,B,C,D,D,C,B,C,C,B,C,B,C,D,D,C,B,C,C,B,C,D,F,D,E,F,D,D,D,D,D,D,D,D,D,D,E,E,F,E,E,I,E,F,,,,,,,G,E,E,E,E,E,E,E
91,B,A,B,E,D,D,D,C,D,B,D,D,B,C,D,D,D,D,D,B,D,D,B,D,D,F,D,E,F,D,D,D,D,D,D,D,D,D,D,,E,F,E,E,I,E,F,,,,,,,G,E,E,E,E,E,E,E
92,B,B,C,E,C,C,C,B,C,A,D,C,B,B,C,C,C,B,C,A,C,B,A,B,D,F,D,E,F,D,D,D,D,D,A,D,D,A,D,E,E,F,E,E,I,E,F,,,,,,,G,E,E,E,E,E,E,E
93,B,A,D,E,A,C,B,B,B,C,D,D,B,B,C,A,A,A,A,A,A,A,A,A,D,F,D,E,F,D,D,D,D,D,D,D,D,D,D,E,E,F,E,,I,E,F,,,,,,,G,E,E,E,E,E,E,E
94,B,A,C,E,B,D,D,A,D,B,D,C,A,B,B,D,D,B,D,A,D,D,A,D,B,C,C,E,F,D,D,C,D,D,D,D,D,D,D,E,E,F,E,E,I,E,F,,,,,,,G,E,E,E,E,E,E,E
95,B,B,A,E,A,D,D,A,D,B,D,D,B,B,C,C,C,A,C,A,C,C,A,C,D,F,D,E,F,D,D,D,D,D,D,D,D,D,D,E,E,F,E,E,I,E,F,,,,,,,G,E,E,E,E,E,E,E
96,B,B,C,E,B,D,D,A,D,A,C,D,A,B,B,A,A,A,A,A,A,A,A,B,D,F,D,E,F,D,D,D,D,D,D,D,D,D,D,E,E,F,E,E,I,E,F,,,,,,,G,E,E,E,E,E,E,E
98,B,A,B,E,B,B,C,A,B,B,C,C,B,B,B,C,D,C,A,A,C,C,A,C,D,F,D,E,F,D,D,D,D,D,D,D,D,D,D,E,E,F,E,E,I,E,F,,,,,,,G,E,E,E,E,E,E,E
99,B,B,C,E,A,B,D,A,C,B,D,D,A,A,C,B,A,A,A,A,A,B,A,C,C,F,D,E,F,D,D,D,D,D,D,D,D,D,D,E,E,F,E,E,I,E,F,,,,,,,G,E,E,E,E,E,E,E
100,A,B,C,B,A,C,D,D,C,A,B,D,A,A,C,C,C,A,C,A,B,D,A,A,B,C,C,A,E,D,D,D,D,C,D,C,D,D,D,D,C,B,C,C,E,B,C,A,,,,,,,B,B,B,B,A,A,B
101,B,A,B,E,C,C,C,B,C,B,D,C,A,C,C,C,C,B,C,A,B,C,A,C,C,F,D,E,F,D,D,D,D,D,D,D,D,D,D,E,E,F,E,E,I,E,F,,,,,,,G,,E,E,E,E,E,E
102,B,B,B,C,B,D,D,D,D,B,,D,B,A,A,A,D,B,,A,B,D,A,A,D,F,D,E,F,D,D,D,D,D,D,D,D,D,D,E,E,F,E,E,I,E,F,,,,,,,G,E,E,E,E,E,E,E
103,A,B,B,A,B,B,C,C,B,B,B,B,A,B,C,C,C,B,C,A,C,C,A,C,B,A,B,B,B,D,,D,D,C,D,B,D,B,B,B,B,E,B,B,E,B,B,,,,D,,,,B,B,B,C,B,B,B
104,B,A,A,E,A,D,D,A,D,A,D,D,A,A,C,C,C,C,C,A,C,C,A,B,D,F,D,E,F,D,D,D,D,D,D,D,D,D,D,,E,F,,,I,E,F,,,,,,,G,E,E,E,E,E,E,E
105,B,A,C,E,B,C,D,B,C,B,C,C,A,D,B,C,B,D,B,A,B,A,B,B,D,F,D,E,F,D,D,D,D,D,D,D,D,D,D,E,E,F,E,E,I,E,F,,,,,,,G,E,E,E,E,E,E,E
106,B,A,D,E,A,D,D,A,D,A,D,D,A,A,B,D,D,B,D,A,D,D,A,C,D,F,D,E,F,D,D,D,D,D,D,D,D,D,D,,,F,,E,I,,F,,,,,,,G,E,E,E,E,E,E,E
107,B,A,A,E,B,C,D,D,D,A,D,D,A,D,C,D,D,D,D,A,D,D,A,D,C,F,D,E,F,,D,D,D,D,A,D,D,A,D,E,E,F,,E,I,E,F,,,,,,,G,E,E,E,E,E,E,E
108,B,A,C,E,B,C,C,A,C,A,C,C,A,B,B,B,B,B,A,A,A,C,A,A,D,F,D,E,F,D,D,D,D,D,D,D,D,D,D,E,E,F,E,E,I,E,F,,,,,,,G,E,E,E,E,E,E,E
109,B,A,,E,C,D,D,A,D,B,D,D,B,C,C,A,A,A,A,A,A,B,A,B,D,F,D,E,F,D,D,D,D,D,D,D,D,D,D,E,E,F,E,,I,E,F,,,,,,,G,E,E,E,E,E,E,E
110,B,A,A,E,B,C,C,B,C,A,C,D,A,C,B,B,B,A,B,A,B,B,A,B,D,F,D,E,F,A,D,D,D,D,D,D,D,D,D,E,E,F,E,E,I,E,F,,,,,,,G,E,E,E,E,E,E,E
112,B,C,B,E,C,D,D,A,D,A,D,D,A,C,B,D,C,A,D,A,D,C,A,C,D,F,D,E,F,D,D,D,D,D,D,D,D,D,D,E,E,F,E,E,I,E,F,,,,,,,G,E,E,E,E,E,E,E
113,B,B,D,E,A,C,C,A,C,A,C,D,A,B,A,C,D,A,D,A,C,D,A,A,D,F,D,E,F,D,D,C,D,D,D,D,D,D,D,E,E,F,E,E,I,E,F,,,,,,,G,E,E,E,E,E,E,E
114,A,C,B,B,C,C,C,D,C,A,C,D,A,C,D,D,D,D,D,A,D,D,A,D,B,B,B,A,E,C,D,D,D,D,D,D,D,D,D,C,E,C,C,C,F,C,D,A,,,,,,,D,B,B,B,B,A,B
115,A,A,A,C,B,A,B,D,B,D,A,B,C,B,A,B,B,A,A,A,B,B,A,B,B,C,B,A,E,C,D,D,D,D,D,D,D,D,D,D,C,A,A,C,H,C,E,,,,D,E,,,A,A,B,A,B,A,A
117,A,B,A,C,C,D,D,D,D,B,D,D,B,C,C,D,D,B,D,B,D,D,B,C,C,C,C,A,E,D,D,D,D,D,D,D,D,D,C,D,D,A,D,D,H,D,E,A,,,,,,,D,D,D,D,D,D,D
118,B,D,C,E,D,C,D,B,C,A,C,C,B,B,C,C,D,D,C,B,C,C,B,B,C,F,D,E,F,D,D,D,D,D,D,D,D,D,D,E,E,F,E,E,I,E,F,,,,,,,G,E,E,E,E,E,E,E
119,B,A,D,E,B,C,D,A,C,A,D,C,A,D,B,B,B,A,B,A,A,B,A,B,D,F,D,E,F,D,D,D,D,D,D,D,D,D,D,E,E,F,E,E,I,E,F,,,,,,,G,E,E,E,E,E,E,E
120,B,A,D,E,B,C,D,B,D,A,D,D,A,D,A,D,D,A,D,A,D,D,A,D,D,F,D,E,F,D,D,D,D,D,D,D,D,D,D,E,E,F,E,E,I,E,F,,,,,,,G,E,E,E,E,E,E,E
122,B,A,B,E,B,B,C,A,B,A,C,C,A,B,C,C,D,A,D,A,D,C,A,A,C,F,D,E,F,D,D,D,D,D,D,D,D,D,D,E,E,F,E,E,G,E,F,,,,,,,G,E,E,E,E,E,E,E
123,B,A,D,E,A,D,D,D,D,B,D,D,B,D,A,D,D,A,D,A,D,D,A,D,D,F,D,E,F,D,D,D,D,D,D,D,D,D,D,E,E,F,E,E,I,E,F,,,,,,,G,E,E,E,E,E,E,E
124,B,B,B,E,C,D,D,A,D,A,D,D,A,B,C,D,D,A,D,A,D,D,A,B,D,F,D,E,F,D,D,D,D,D,D,D,D,D,D,E,E,F,E,E,I,E,F,,,,,,,G,E,E,E,E,E,E,E
125,B,B,B,E,B,C,C,B,C,A,C,C,B,C,C,C,C,C,B,A,C,C,C,C,D,F,D,E,F,D,D,D,D,D,D,D,D,D,D,E,E,F,E,E,I,E,F,,,,,,,G,E,E,E,E,E,E,E
126,A,B,C,A,C,C,D,D,D,D,D,D,D,C,A,D,D,D,D,D,D,D,D,D,C,B,C,A,E,D,D,D,D,D,D,D,D,D,D,B,C,B,D,C,F,B,C,A,,,,,,,C,C,B,B,C,C,C
127,B,A,C,E,D,D,D,D,D,D,D,D,D,D,C,D,D,D,D,D,D,D,D,D,D,F,D,E,F,D,D,D,D,D,D,D,D,D,D,E,E,F,E,E,I,E,F,,,,,,,G,E,E,E,E,E,E,E
128,A,C,C,C,C,B,A,A,B,C,A,B,C,B,B,B,A,C,B,A,C,B,B,C,B,A,A,C,A,C,B,B,B,B,D,C,D,D,B,B,B,A,D,B,H,C,E,A,,,,,,,D,D,C,D,C,D,C
129,B,A,D,E,A,D,D,A,D,A,D,D,A,C,B,D,D,A,D,A,D,D,A,D,D,F,D,E,F,D,D,D,D,D,D,D,D,D,D,E,E,F,E,,I,E,F,,,,,,,G,E,E,E,E,E,E,E
130,A,D,A,C,D,C,C,B,C,D,D,C,D,B,C,C,D,C,C,D,C,C,D,D,A,B,D,E,B,A,B,D,C,C,C,D,C,D,C,C,D,E,C,C,B,B,C,,,,D,,,,C,C,D,E,D,C,C
131,A,D,B,C,A,B,C,A,C,B,A,C,D,D,D,C,D,C,D,B,C,B,B,C,A,A,C,B,F,C,B,C,A,C,B,C,A,C,A,C,,B,D,B,A,D,A,A,,,,,,,C,B,C,B,D,C,D
132,A,D,B,E,D,D,D,B,D,B,D,D,B,A,D,D,D,A,D,A,D,A,D,A,C,B,B,E,E,D,D,D,D,D,D,D,D,D,D,D,C,A,B,C,C,A,D,A,,,,,,,D,D,C,C,C,D,D
133,A,B,B,C,C,B,D,D,D,B,C,D,B,D,D,D,D,D,D,B,D,D,B,D,C,C,C,A,E,D,D,D,D,D,D,D,D,D,D,B,C,A,B,D,B,B,D,A,,,,,,,B,C,B,B,B,C,B
134,B,C,C,E,A,C,C,C,B,A,D,A,A,C,B,C,C,C,B,A,D,A,A,C,D,F,D,E,F,D,D,D,D,D,D,D,D,D,D,E,E,F,E,E,I,E,F,,,,,,,G,E,E,E,E,E,E,E
135,B,A,A,E,A,C,D,D,A,D,D,A,C,B,D,D,D,A,D,A,D,D,D,D,D,F,D,E,F,D,D,D,D,D,D,D,D,D,D,E,E,F,E,E,I,E,F,,,,,,,G,E,E,E,E,E,E,E
136,A,D,B,C,A,C,C,A,D,A,C,B,A,B,A,B,C,B,D,A,C,B,D,A,B,C,B,B,B,C,A,D,B,C,A,D,B,A,B,B,D,A,D,C,D,B,E,A,,,,,,,A,D,A,A,C,B,D
137,A,B,B,C,D,B,B,D,B,D,B,D,D,B,C,C,B,D,C,C,D,B,A,C,B,C,C,B,B,D,D,D,D,C,B,C,D,C,B,B,B,E,D,B,E,B,B,,,,D,,,,B,B,B,B,B,B,B
138,B,C,A,E,B,A,B,C,D,A,B,C,B,C,A,C,D,A,C,B,A,C,B,D,B,A,C,D,B,A,C,B,C,A,C,B,D,B,A,C,D,A,C,B,D,B,C,,B,,,,,,D,B,D,B,D,B,C
139,A,B,D,C,B,D,D,A,A,A,D,B,A,D,A,A,B,A,A,B,A,B,A,C,C,C,C,A,D,D,D,D,D,D,D,D,D,D,D,B,A,D,A,C,F,A,F,,,,,,,G,E,E,E,E,E,E,E
140,B,A,C,E,B,C,D,A,D,A,D,D,A,A,A,C,C,A,D,D,B,C,B,D,D,F,D,E,F,D,D,D,D,D,D,D,D,D,D,E,E,F,E,E,I,E,F,,,,,,,G,E,E,E,E,E,E,E
141,A,D,B,C,B,B,C,D,B,C,D,B,A,C,D,A,C,D,,B,D,A,D,A,C,C,B,A,E,D,C,D,D,D,D,D,D,D,C,C,B,D,B,D,B,D,D,,,C,,,,,C,A,C,B,C,B,D
142,A,B,C,C,A,C,D,D,C,A,C,C,B,A,B,A,B,C,D,A,C,C,A,B,C,B,C,A,E,A,C,C,D,C,A,C,C,A,B,D,B,A,A,C,D,C,C,A,,,,,,,C,D,D,D,D,D,D
143,A,C,B,C,A,D,D,D,D,A,D,D,A,D,A,D,D,D,D,A,D,D,A,D,C,C,C,A,D,A,D,D,D,D,A,D,D,A,D,B,B,C,D,C,A,A,A,,,,D,,,,C,B,A,A,A,B,B
144,B,B,C,E,B,C,D,A,D,A,B,D,A,C,B,A,B,A,A,A,A,A,A,B,C,A,C,E,F,C,D,D,A,D,D,C,D,D,C,E,A,F,E,C,D,A,F,,,,D,,,,E,E,E,E,E,B,A
145,B,C,C,E,B,C,C,B,C,B,D,C,A,B,B,C,C,B,C,B,D,C,A,B,C,B,C,E,E,C,D,D,B,D,D,D,D,B,B,C,A,E,C,C,E,A,B,,,,D,,,,B,A,A,A,B,A,A
146,B,B,C,A,C,C,C,D,C,A,C,C,A,C,A,C,C,A,A,C,C,A,B,C,C,C,C,A,E,D,D,D,D,D,D,D,D,D,D,C,B,C,B,C,D,A,B,,,,D,,,,B,D,B,C,C,D,C
147,B,A,C,E,B,D,D,D,D,A,C,D,A,C,B,B,B,B,A,A,A,B,A,A,D,F,D,E,F,D,D,D,D,D,D,D,D,D,D,E,E,F,E,E,I,E,F,,,,,,,G,E,E,E,E,E,E,E
148,B,A,D,E,A,D,D,D,D,A,D,D,A,A,B,D,D,D,D,A,D,D,A,B,D,F,D,E,F,D,D,D,D,D,D,D,D,D,D,E,E,F,E,E,I,E,F,,,,,,,G,E,E,E,E,E,E,E
149,B,A,A,E,A,A,A,B,A,A,B,A,A,A,A,A,A,A,A,A,A,A,A,A,A,A,B,E,F,D,D,D,D,D,D,D,D,D,D,C,C,B,E,E,E,E,F,,,,,,,G,E,E,E,E,E,E,E
150,B,B,A,E,A,D,D,A,D,A,D,D,A,D,A,D,D,A,D,A,D,D,A,D,C,B,C,E,E,D,D,D,D,D,D,D,D,D,D,E,E,F,E,D,F,E,F,A,,,,,,G,E,E,E,E,E,E,E
151,A,C,B,C,B,A,A,C,B,B,C,B,C,B,D,C,A,D,B,A,C,C,A,D,B,C,A,B,B,D,B,A,D,B,D,C,D,D,C,B,D,B,D,C,B,C,D,A,,,,,,,D,D,D,D,D,D,D
152,A,B,A,B,C,A,C,B,D,A,B,D,B,C,A,C,B,A,C,A,B,C,A,C,D,C,A,C,D,B,C,A,C,B,A,B,A,C,A,C,B,C,A,B,D,D,A,,B,,,,,,D,B,D,E,B,C,A
153,B,C,A,E,A,D,B,C,A,D,B,C,A,D,A,A,D,B,C,A,B,D,A,C,A,A,C,B,F,B,D,D,B,A,C,B,D,A,C,B,C,F,A,C,B,E,C,,B,,,,,,C,E,A,B,E,C,D
154,B,B,A,E,D,C,C,B,C,B,C,C,B,B,C,D,C,A,C,A,C,C,A,A,D,F,D,E,F,D,D,D,D,D,D,D,D,D,D,E,E,F,E,E,I,E,F,,,,,,,G,E,E,E,E,E,E,E
155,B,B,D,E,B,C,D,A,C,B,C,C,B,C,B,C,B,A,C,B,C,C,B,B,C,F,D,E,F,D,D,D,D,D,D,D,D,D,D,E,E,F,E,,I,E,F,,,,,,,G,E,E,E,E,E,E,E
156,B,A,C,E,C,C,C,D,D,A,C,D,B,D,C,C,C,C,C,A,C,C,A,C,C,B,C,E,E,D,D,D,D,D,D,D,D,D,D,E,E,F,E,,I,E,F,,,,,,,G,E,E,E,E,E,E,E
157,B,A,B,A,A,A,A,A,A,A,A,A,A,A,B,C,C,,B,C,B,C,C,B,C,A,D,D,E,D,D,D,D,D,D,D,D,,D,E,,F,E,,I,,E,,,,,E,,,E,E,E,E,E,E,E
158,B,D,B,E,A,D,D,B,D,A,D,D,A,A,A,D,D,D,D,D,D,D,D,D,D,E,C,E,F,D,D,D,D,D,D,D,D,D,D,E,E,F,E,E,I,E,F,,,,,,,G,E,E,E,E,E,E,E
159,A,D,A,C,B,C,C,B,C,B,B,C,C,B,C,C,C,C,C,C,C,C,C,C,C,C,C,B,E,D,D,D,D,D,D,D,D,D,D,D,B,A,D,D,G,D,E,,,,,,F,,D,D,D,D,D,D,D
160,B,A,D,E,A,D,D,A,D,A,D,D,A,D,A,D,D,A,D,A,A,D,A,A,C,F,D,E,F,D,D,D,D,D,D,D,D,D,D,E,E,F,E,E,I,E,F,,,,,,,G,E,E,E,E,E,E,E
161,B,B,D,E,D,D,D,D,D,D,D,D,D,D,D,D,D,D,D,D,D,D,D,D,D,F,D,E,F,D,D,D,D,D,D,D,D,D,D,E,E,F,E,,I,E,F,,,,,,,G,E,E,E,E,E,E,E
162,A,B,C,C,B,D,B,D,C,B,D,C,B,C,B,D,C,D,D,D,D,D,D,D,D,B,B,B,C,D,D,D,D,D,D,D,D,D,D,C,C,D,D,B,C,B,C,,,,,E,,,C,B,E,D,B,C,E
163,A,C,D,C,A,D,C,D,D,A,B,D,A,A,A,B,D,D,C,A,D,D,A,A,C,B,A,B,D,A,A,B,A,A,C,D,A,A,B,B,D,B,C,E,E,C,A,,B,,,,,,B,C,D,B,B,C,D
164,B,A,A,E,B,C,C,D,D,B,C,D,B,C,B,D,B,A,C,A,C,D,A,A,D,F,D,E,F,D,D,D,D,D,D,D,D,D,D,E,E,F,,,I,E,F,,,,,,,G,E,E,E,E,E,E,E
165,A,C,A,A,C,C,D,D,D,B,C,D,B,C,B,C,C,C,D,D,C,D,D,D,C,B,A,A,E,D,D,D,D,C,C,D,D,D,D,C,D,A,D,B,D,B,B,A,,,,,,,C,B,C,C,A,B,C
166,A,B,C,A,B,B,B,B,A,A,C,B,B,C,A,C,C,A,C,D,D,C,D,B,C,B,A,B,B,A,C,C,B,D,C,D,C,D,D,B,A,D,B,C,C,A,A,,,,D,,,,A,C,B,A,C,B,B
167,A,C,D,C,C,B,B,C,C,A,C,C,A,A,D,C,C,D,C,A,C,C,A,B,C,B,A,B,C,D,C,A,C,D,D,C,D,D,B,B,D,B,D,A,D,B,D,A,,,,,,,A,A,A,B,B,C,D
168,B,C,A,E,D,C,B,A,D,A,D,D,A,D,B,D,C,A,D,A,D,A,D,D,C,C,C,A,E,D,D,D,D,D,D,D,D,D,D,E,E,F,A,B,H,A,F,,,,D,,,,B,E,B,E,E,E,E
169,A,B,A,C,A,B,B,B,C,A,C,B,A,B,A,B,B,B,B,A,B,B,A,B,B,B,C,B,E,D,B,B,D,C,C,C,B,C,C,C,B,E,D,C,D,B,B,,B,,,,,,C,C,C,B,B,B,B
170,A,B,C,B,B,D,B,A,B,A,C,A,C,B,C,C,D,B,C,A,C,C,A,D,C,B,A,B,B,C,C,C,C,C,C,C,C,C,C,C,B,E,C,B,B,A,B,A,,,,,,,C,C,A,A,A,A,A
171,A,D,C,C,C,D,C,B,C,A,C,D,A,C,B,D,D,C,C,A,C,D,A,D,C,B,C,B,C,C,C,C,C,C,C,C,C,C,C,B,A,E,B,B,C,A,A,A,,,,,,,A,B,A,B,B,B,C
172,B,B,D,E,A,D,C,A,C,A,D,C,B,B,B,D,C,B,D,A,D,D,A,B,D,F,D,E,F,D,D,D,D,D,D,D,D,D,D,E,E,F,E,E,I,E,F,,,,,,,G,E,E,E,E,E,E,E
173,A,B,C,C,C,C,B,A,B,A,B,B,A,A,C,C,B,A,A,A,B,A,A,B,C,,C,A,E,C,B,C,C,B,D,B,B,D,B,B,A,A,D,D,A,C,C,A,,,,,,,C,D,D,B,C,D,C
174,B,A,C,E,A,C,D,A,D,B,C,A,D,B,C,A,D,B,A,A,A,C,C,B,D,A,D,E,B,D,B,A,C,A,A,C,A,D,C,E,E,E,E,E,E,E,B,,,C,,,,,B,E,A,C,D,B,E
175,B,B,A,E,A,A,A,C,C,B,B,C,D,A,A,A,B,B,C,C,*,D,C,D,D,F,D,E,F,A,A,A,C,C,B,B,C,C,D,E,E,F,E,E,I,E,F,,,,,,,G,E,E,E,E,E,E,E
176,B,D,D,C,C,B,C,C,C,B,C,C,C,C,C,C,C,B,C,C,C,C,C,C,D,F,D,E,F,D,D,D,D,D,D,D,D,D,D,E,E,F,E,E,I,E,F,,,,,,,G,E,E,E,E,E,E,E
177,A,B,A,C,C,B,B,B,C,B,B,C,B,B,B,B,A,B,B,B,B,A,B,A,B,C,B,C,B,B,B,C,A,B,B,B,A,B,C,A,B,B,B,A,B,C,D,,,,D,,,,C,C,C,B,D,C,B
178,B,C,A,E,A,D,D,A,D,A,D,D,A,D,A,D,D,A,D,A,D,D,A,D,D,F,D,E,F,A,D,D,A,D,A,D,D,A,D,E,E,F,E,E,I,,F,,,,,,,G,E,E,E,E,E,E,E
179,A,C,B,C,B,C,B,B,C,A,C,C,A,C,B,C,B,B,C,A,C,C,A,C,C,C,B,A,E,B,C,B,B,A,C,C,C,A,C,B,B,B,D,C,E,B,C,A,,,,,,,C,C,B,C,B,B,B
180,B,B,C,E,B,C,A,D,D,A,C,C,A,B,A,C,C,D,C,A,C,C,A,C,C,B,C,A,E,D,C,C,D,C,D,D,D,D,D,D,A,D,D,B,E,B,B,,,,D,,,,B,B,B,B,B,B,B
181,B,A,A,E,A,C,D,A,C,A,D,D,A,C,B,C,B,A,B,C,A,A,A,D,C,D,C,A,E,D,D,D,D,C,D,D,D,D,D,C,E,F,E,E,I,E,F,,,,,,,G,E,E,E,E,E,E,E
182,A,C,B,D,C,A,B,A,D,C,B,C,B,A,D,A,C,B,A,,D,B,B,D,B,A,B,C,E,D,C,C,B,A,A,A,D,B,C,B,C,C,D,E,F,E,A,,B,,,,,,C,B,B,C,E,D,E
183,B,C,D,E,B,B,C,B,B,B,B,B,B,B,B,B,B,B,B,B,B,B,B,B,D,F,D,E,F,D,D,D,D,D,D,D,D,D,D,E,E,F,E,E,I,E,F,,,,,,,G,E,E,E,E,E,E,E
184,A,C,B,C,A,D,D,C,C,A,D,B,A,B,D,C,C,D,C,A,C,B,A,C,B,C,B,A,D,D,D,C,D,D,D,D,C,D,B,C,B,D,D,B,C,B,B,,,,D,,,,A,B,A,A,A,B,B
185,B,A,D,E,D,B,B,D,B,D,B,B,D,D,A,B,B,D,B,D,B,B,B,C,D,F,D,E,F,D,D,D,D,D,D,D,D,D,D,E,E,F,E,E,I,E,F,,,,,,,G,E,E,E,E,E,E,E
186,B,A,C,E,A,D,D,D,D,A,D,D,A,D,A,B,B,B,B,A,B,B,A,B,D,F,D,E,F,D,D,D,D,D,D,D,D,D,D,E,E,F,E,E,I,E,F,,,,,,,G,E,E,E,E,E,E,E
187,B,B,A,E,D,D,D,D,D,C,D,D,C,D,D,D,D,C,D,B,D,D,B,D,D,F,D,E,F,D,D,D,D,D,D,D,D,D,D,E,E,F,E,E,I,E,F,,,,,,,G,E,E,E,E,E,E,E
188,A,C,D,C,C,B,C,B,C,A,C,C,A,C,C,C,D,A,C,A,D,D,A,D,C,B,C,B,C,A,D,D,A,C,D,C,D,D,D,C,B,B,B,C,C,A,B,A,,,D,,,,B,D,A,D,D,D,D
189,B,B,B,E,D,C,D,D,D,A,A,D,D,D,D,D,D,D,D,A,A,D,A,D,D,F,D,E,F,D,D,D,D,D,D,D,D,D,D,E,E,F,E,E,I,E,F,,,,,,,G,E,E,E,E,E,E,E
191,A,B,A,C,D,C,B,B,B,A,B,D,A,B,D,B,B,B,B,A,A,D,A,A,B,B,C,A,C,A,C,B,A,B,A,B,D,A,B,B,C,E,D,B,D,A,C,,,,D,,,,B,B,B,A,C,D,
192,A,B,C,C,B,A,B,C,B,B,B,D,C,C,B,A,B,C,B,B,B,D,C,C,C,C,C,A,E,D,D,D,D,D,D,D,D,D,D,C,C,A,A,C,D,B,E,A,,,,,,,C,C,C,C,C,B,B
193,B,A,C,E,D,D,D,A,D,A,D,D,A,C,A,D,D,B,D,A,D,D,A,B,D,F,D,E,F,D,D,D,D,D,D,D,D,D,D,E,E,F,E,E,I,E,F,,,,,,,G,E,E,E,E,E,E,E
195,A,A,D,D,A,C,D,C,B,A,B,C,A,C,A,C,C,A,A,C,C,C,A,A,C,B,B,A,E,D,C,C,D,C,C,C,D,D,D,C,A,A,D,B,B,E,A,,B,,,,,,A,B,C,,,,
196,B,A,A,E,D,D,D,D,D,D,D,D,D,D,C,D,C,A,C,B,C,C,A,A,D,F,D,E,F,D,D,D,D,D,D,D,D,D,D,E,E,F,E,E,I,E,F,,,,,,,G,E,E,E,E,E,E,E
197,B,D,C,E,D,D,D,D,D,D,D,D,D,C,D,D,D,D,D,D,D,D,D,D,C,F,D,E,F,D,D,D,D,D,D,D,D,D,,E,E,F,E,E,I,E,F,,,,,,,G,E,E,E,E,E,E,E
198,A,D,A,A,A,A,C,B,A,A,D,A,A,C,B,A,A,B,A,B,D,A,D,D,A,B,C,B,B,C,A,C,A,D,D,C,D,D,D,A,D,A,B,A,H,C,E,A,,,,,,,D,D,D,D,C,C,D
199,B,B,C,B,B,D,D,A,D,A,D,D,A,D,A,D,D,D,D,B,D,A,A,A,D,F,C,E,F,D,D,D,D,D,D,D,D,D,D,E,E,F,E,E,I,E,F,,,,,,,G,E,E,E,E,E,E,E
200,B,B,A,E,A,A,A,D,A,D,A,D,D,C,A,D,D,D,D,D,D,D,D,D,D,F,D,E,F,D,D,D,D,D,D,D,D,D,D,E,E,F,E,E,I,E,F,,,,,,,G,E,E,E,E,E,E,E
201,B,D,C,C,B,A,D,A,B,B,B,C,A,A,B,A,C,C,A,A,A,C,A,C,C,A,C,A,E,D,A,D,D,A,D,A,D,D,C,B,B,B,B,B,F,C,A,,,C,D,,F,,C,C,C,C,A,D,C
202,B,B,D,E,A,C,C,A,C,A,C,D,A,B,B,B,A,A,A,A,A,A,A,B,D,F,D,E,F,D,D,D,D,D,D,D,D,D,D,E,E,F,E,E,I,E,F,,,,,,,G,E,E,E,E,E,E,E
203,B,A,A,C,D,D,D,D,D,A,D,D,A,B,D,D,D,D,D,A,D,D,A,B,C,F,D,E,F,D,D,D,D,D,A,D,D,A,B,E,E,F,E,E,I,E,F,,,,,,,G,E,E,E,E,E,E,E
204,A,C,B,C,A,C,D,A,C,A,D,D,A,A,B,C,C,A,D,A,D,D,A,B,C,C,B,A,E,D,D,D,C,D,C,D,D,C,B,B,D,B,D,C,F,B,C,,,,D,,,,B,B,B,A,A,B,B
205,B,A,B,E,A,D,D,A,D,A,D,D,A,B,A,A,A,A,A,A,A,A,A,A,C,F,D,E,F,D,D,D,D,D,D,D,D,D,D,E,E,F,E,E,I,E,F,,,,,,,G,E,E,E,E,E,E,E
206,B,C,D,E,A,B,C,A,B,A,B,B,A,B,A,C,C,C,D,A,C,C,A,C,D,F,D,E,F,D,D,D,D,D,D,D,D,D,D,E,E,F,E,E,I,E,F,,,,,,,G,E,E,E,E,E,E,E
207,B,A,C,B,C,A,D,C,D,A,B,C,A,C,D,B,C,A,C,B,D,B,A,C,D,E,B,C,D,D,D,D,D,D,D,D,D,D,D,D,B,C,E,C,E,B,A,,,C,,,,,D,C,E,A,C,D,B
208,B,D,D,E,A,D,D,C,D,A,D,D,A,B,A,B,B,B,B,B,B,B,A,C,D,F,D,E,F,D,D,D,D,D,D,D,D,D,D,E,E,F,E,,I,E,F,,,,,,,G,E,E,E,E,E,E,E
209,A,D,B,C,C,B,A,B,B,B,C,B,B,C,C,B,B,C,B,B,C,B,B,C,B,C,C,A,D,D,B,B,B,C,C,B,B,B,C,D,B,C,D,C,C,B,B,A,,,,,,,C,C,C,B,C,B,B
210,A,C,A,C,C,C,B,D,C,A,C,C,A,C,D,D,B,D,C,A,C,,A,C,C,C,B,B,B,C,D,A,D,D,,D,D,D,C,C,C,A,A,C,H,B,E,A,,,,,,,C,B,B,A,B,B,C
211,A,B,C,B,C,A,D,C,B,D,B,B,A,D,B,B,B,B,B,B,B,B,B,D,D,F,D,E,F,D,D,D,D,D,D,D,D,D,D,E,E,F,E,E,I,E,F,,,C,,,,G,E,E,E,E,E,E,E
212,B,D,D,E,C,D,D,B,C,A,C,C,B,A,C,D,D,D,D,D,D,D,D,D,D,F,D,E,F,D,D,D,D,D,D,D,D,D,D,E,E,F,E,E,I,E,F,,,,,,,G,E,E,E,E,E,E,E
213,B,A,C,E,B,D,D,D,D,A,D,D,A,D,A,D,D,A,D,A,A,A,A,D,C,F,D,E,F,D,D,D,D,D,D,D,D,D,D,E,E,F,E,E,I,E,F,,,,,,,G,E,E,E,E,E,E,E
214,B,D,A,E,A,D,A,D,A,A,A,A,A,A,A,D,A,D,A,A,A,A,A,A,D,B,D,E,F,D,D,D,D,D,D,D,D,D,D,E,E,F,E,E,I,E,F,,,,,,,G,E,E,E,E,E,E,E
215,A,D,B,C,B,B,C,B,C,B,B,C,B,C,B,C,C,B,C,B,C,C,D,B,B,D,B,A,E,D,B,A,B,C,B,C,C,C,A,C,B,B,C,C,C,C,D,,,C,,,,,D,C,B,D,C,B,D
216,B,D,B,E,A,D,D,C,D,A,D,D,A,D,A,D,D,C,D,A,D,D,C,D,D,F,D,E,F,A,D,D,C,D,A,D,D,A,D,E,E,F,E,E,I,E,F,,,,,,,G,E,E,E,E,E,E,E
217,B,A,C,E,A,C,D,D,D,A,D,C,A,C,B,D,C,A,D,A,D,C,A,B,C,F,D,E,F,D,D,D,D,D,D,D,D,D,D,E,E,F,E,,I,E,F,,,,,,,G,E,E,E,E,E,E,E
218,A,C,A,C,C,B,B,C,B,B,B,B,B,B,D,C,C,C,C,B,C,C,B,C,B,A,B,B,B,D,B,B,C,B,D,B,B,C,B,C,C,B,D,C,F,C,C,A,,,,,,,C,C,C,C,C,D,D
219,A,C,A,C,B,B,B,B,B,A,B,B,A,B,A,B,B,C,B,A,B,A,B,B,B,C,A,B,A,D,A,A,C,A,D,A,A,D,B,C,B,B,D,B,D,C,C,,,,D,,,,C,D,C,C,B,C,C
220,B,C,B,E,B,C,A,A,D,A,D,D,A,B,A,A,C,B,A,A,C,C,B,C,C,F,D,E,F,D,D,D,D,D,D,D,D,D,D,E,E,F,E,E,I,E,F,,,,,,,G,E,E,E,E,E,E,E
221,A,B,A,C,B,A,C,C,C,A,C,C,B,B,B,C,C,A,C,A,D,D,A,B,C,C,B,A,E,B,B,C,B,B,A,B,B,A,B,C,C,C,D,C,D,B,D,A,,,,,,,B,C,B,A,B,B,B
222,B,A,C,E,B,C,C,A,C,A,B,D,A,A,A,D,D,D,D,A,D,D,B,C,C,B,C,E,F,D,D,D,D,D,D,D,D,D,D,E,E,B,A,D,G,D,D,A,,,,,,,A,E,E,E,E,E,E
223,B,C,C,E,A,B,C,B,C,A,C,C,A,C,C,B,D,C,D,A,D,D,A,D,D,F,D,E,F,D,D,D,D,D,D,D,D,D,D,E,E,F,E,E,I,E,F,,,,,,F,G,E,E,E,E,E,E,E
224,B,B,A,E,A,D,D,C,D,A,D,D,A,D,C,D,D,B,D,A,D,D,A,D,D,F,D,E,F,D,D,D,D,D,C,D,D,D,D,E,E,F,E,E,I,E,F,,,,,,,G,E,E,E,E,E,E,E
225,B,B,A,E,B,C,D,A,C,A,D,C,A,D,C,B,D,D,D,D,C,D,A,D,D,F,D,E,F,D,D,D,D,D,B,D,D,B,D,E,E,F,E,E,I,E,F,,,,,,,G,E,E,E,E,E,E,E
226,B,B,A,E,B,C,B,A,C,A,D,D,A,B,A,D,C,A,A,A,A,D,A,C,D,F,D,E,F,D,D,D,D,D,D,D,D,D,D,E,E,F,E,E,I,E,F,,,,,,,G,E,E,E,E,E,E,E
227,B,D,C,E,C,D,C,A,D,B,C,C,A,D,B,D,D,B,D,A,D,D,A,C,D,F,D,E,F,D,D,D,D,D,D,D,D,D,D,E,E,F,E,E,I,E,F,,,,,,,G,E,E,E,E,E,E,E
228,A,A,D,C,B,B,C,D,B,A,B,D,A,D,C,C,D,A,C,A,C,C,A,A,C,A,B,A,E,D,D,D,D,D,D,D,D,D,D,D,B,B,D,D,G,B,D,A,,,,,,,D,D,D,D,D,D,D
229,A,C,D,C,B,B,B,D,B,A,C,B,A,C,C,C,C,C,C,B,C,C,C,C,C,B,B,B,B,C,B,B,D,C,D,B,C,B,D,C,C,A,A,C,H,C,C,A,,,,,,,C,C,C,D,D,D,C
230,B,A,C,E,A,D,D,D,D,A,D,D,A,D,A,D,D,D,D,A,D,D,A,D,D,F,D,E,F,A,D,D,D,D,D,D,D,D,D,E,E,F,E,E,I,E,F,,,,,,,G,E,E,E,E,E,E,E
231,B,A,C,E,A,C,D,B,C,A,B,B,B,A,C,C,C,B,B,A,C,B,A,B,C,B,C,A,E,D,D,C,D,D,D,D,D,D,D,D,B,B,D,B,F,A,B,,,,D,,,,B,B,B,B,E,E,B
232,B,B,A,E,B,B,D,B,B,A,C,B,A,A,D,A,B,D,A,D,A,A,D,D,D,F,D,E,F,D,D,D,D,D,D,D,D,D,D,E,E,F,E,E,I,E,F,,,,,,,G,E,E,E,E,E,E,E
233,B,B,A,E,B,D,C,A,C,A,C,C,A,B,A,C,C,A,C,A,C,C,A,A,D,F,D,E,F,D,D,D,D,D,D,D,D,D,D,E,E,F,E,E,I,E,F,,,,,,,G,E,E,E,E,E,E,E
234,A,B,C,B,A,C,B,C,C,A,C,C,A,D,A,A,A,A,A,A,A,A,A,A,D,B,C,A,E,D,D,D,D,D,D,D,D,D,D,B,A,C,B,C,F,A,A,,,,D,,,,C,A,A,A,A,A,D
235,B,B,C,A,C,B,C,C,B,C,A,B,A,B,B,C,C,C,C,B,A,B,B,C,B,B,C,C,E,C,D,C,C,C,C,C,B,C,C,D,C,E,C,C,E,C,B,,,C,,,,,C,E,B,C,C,D,C
236,B,C,D,E,A,C,C,A,C,A,C,C,A,A,C,C,C,C,C,B,C,C,B,B,C,F,D,E,F,D,D,D,D,D,D,D,D,D,D,E,E,F,E,E,I,E,F,,,,,,,G,E,E,E,E,E,E,E
237,B,C,D,E,A,D,D,D,D,A,D,D,A,D,B,C,D,C,C,A,D,A,A,D,C,B,C,A,E,A,D,D,D,D,A,D,A,A,D,E,E,F,E,E,I,E,F,,,,,,,G,E,E,E,E,E,E,E
238,B,B,C,E,A,D,D,D,D,D,D,D,D,D,A,D,D,D,D,A,D,D,A,D,D,F,D,E,F,D,D,D,D,D,D,D,D,D,D,E,E,F,E,E,I,E,F,,,,,,,G,E,E,E,E,E,E,E
239,A,C,C,C,C,B,C,D,C,B,B,B,A,C,C,C,C,A,C,A,C,C,A,D,C,C,C,B,D,D,C,C,D,B,D,C,C,D,A,B,B,D,B,B,D,B,B,,,,D,,,,A,A,B,A,C,A,A
240,A,B,B,C,C,D,D,D,D,B,C,C,D,B,B,D,D,D,D,D,D,D,D,D,C,B,B,A,C,C,D,D,D,D,D,D,D,D,D,C,C,C,D,D,C,B,D,A,,,,,,,C,D,D,D,D,D,D
241,B,A,C,B,A,A,B,D,B,D,B,B,D,A,A,A,B,D,C,D,B,C,D,C,D,C,C,E,E,D,A,B,D,B,D,B,B,D,D,E,E,F,C,E,I,E,F,,,,,,,G,E,E,E,E,E,E,E
242,A,A,C,A,B,B,C,C,A,C,A,B,B,B,B,B,B,B,B,B,C,D,C,C,B,C,B,A,C,C,C,C,C,C,C,D,B,C,B,A,A,D,D,B,B,D,D,,B,,,,,,C,D,C,D,D,D,C
243,B,B,A,E,C,B,C,D,B,C,C,B,D,C,B,D,B,D,D,C,B,D,C,D,C,F,D,E,F,D,D,D,D,C,C,D,C,D,D,E,E,F,E,E,I,E,F,,,,,,,G,E,E,E,E,E,E,E
244,B,B,C,E,B,D,D,D,D,D,D,D,D,D,D,D,D,D,D,A,D,D,A,D,D,F,D,E,F,D,D,D,D,D,D,D,D,D,D,E,E,F,E,E,I,E,F,,,,,,,G,E,E,E,E,E,E,E
245,B,D,A,E,A,D,D,A,D,A,D,D,A,D,A,D,D,A,B,A,B,C,A,C,D,F,D,E,F,D,D,D,D,D,D,D,D,D,D,E,E,F,E,,I,E,F,,,,,,,G,E,E,E,E,E,E,E
246,B,D,,E,C,D,D,D,D,A,D,D,A,C,D,D,D,A,D,A,D,D,A,D,C,C,D,E,F,D,D,D,D,D,D,D,D,D,D,E,E,F,E,E,I,E,F,,,,,,,G,E,E,E,E,E,E,E
247,B,B,C,A,B,C,B,C,A,B,C,B,B,B,C,B,C,C,C,C,C,C,B,C,D,F,D,E,F,D,D,D,D,D,D,D,D,D,D,E,E,F,E,E,I,E,F,,,,,,,G,E,E,E,E,E,E,E
248,B,B,C,A,D,D,D,D,D,D,D,D,D,D,D,D,D,D,D,D,D,D,D,D,C,F,C,E,E,D,D,D,D,D,D,D,D,D,D,E,E,F,E,E,I,E,F,,,,,,,G,E,E,E,E,E,E,E
249,A,B,C,E,D,A,B,A,B,D,B,D,D,D,D,D,D,D,D,D,D,D,D,D,D,F,D,E,F,D,D,D,D,D,D,D,D,D,D,E,E,F,E,E,I,E,F,,,,,,,G,E,E,E,E,E,E,E
250,B,A,A,E,D,D,D,D,D,D,D,D,D,D,B,D,D,B,D,B,D,D,B,D,D,F,D,E,F,D,D,D,D,D,D,D,D,D,D,E,E,F,E,E,I,E,F,,,,,,,G,E,E,E,E,E,E,E
251,B,A,C,E,B,C,D,A,C,B,D,D,A,B,A,C,C,A,D,A,C,D,A,B,D,F,D,E,F,D,D,D,D,D,D,D,D,D,D,E,E,F,E,E,I,E,F,,,,,,,G,E,E,E,E,E,E,E
252,B,B,B,E,C,B,A,C,B,D,B,B,C,B,B,B,B,B,B,B,B,B,B,B,C,C,C,C,C,C,C,C,C,C,C,C,C,C,C,C,C,C,C,C,C,C,B,,B,,,,,,C,C,C,C,C,C,C
253,B,B,B,E,C,D,D,A,D,A,D,D,A,C,B,B,B,B,B,B,B,B,B,B,D,F,D,E,F,D,D,D,D,D,D,D,D,D,D,E,E,F,E,E,I,E,F,,,,,,,G,E,E,E,E,E,E,E
254,A,C,B,C,B,C,C,D,C,A,C,C,A,C,B,D,C,D,C,A,C,D,A,C,B,B,B,B,B,B,C,D,D,C,A,C,C,A,C,C,A,E,A,B,D,A,C,,,,D,,,,D,D,C,D,B,C,A
255,B,B,B,B,A,A,A,A,A,A,A,A,A,A,B,B,B,B,B,B,B,B,B,B,C,C,*,C,C,D,D,D,D,D,D,D,D,D,D,E,E,E,E,E,,E,F,,,,,E,,,E,E,E,E,E,E,E
256,B,B,C,E,C,D,D,D,D,A,D,D,A,D,C,D,D,B,D,A,D,D,A,D,D,F,D,E,F,D,D,D,D,D,D,D,D,D,D,E,E,F,E,E,I,E,F,,,,,,,G,E,E,E,E,E,E,E
257,B,B,A,E,A,B,A,D,B,C,B,C,B,D,D,A,A,A,D,A,A,A,A,A,D,F,D,E,F,D,D,D,D,D,D,D,D,D,D,E,E,F,E,E,I,E,F,,,,,,,G,E,E,E,E,E,E,E
258,A,B,A,C,D,C,B,D,D,B,D,D,B,B,B,C,A,D,B,C,C,C,C,D,C,B,B,B,B,D,D,A,D,D,C,D,D,D,B,C,C,A,D,D,F,B,C,,,,D,,,,D,C,B,A,A,B,C
259,B,B,A,E,D,D,D,D,D,D,D,D,D,D,D,D,D,D,D,D,D,D,D,D,D,F,D,E,F,D,D,D,D,D,D,D,D,D,D,E,E,F,E,E,I,E,F,,,,,,,G,E,E,E,E,E,E,E
260,A,A,D,C,A,A,C,D,C,C,D,D,D,D,A,A,C,D,C,C,D,D,D,D,C,B,C,A,A,A,B,B,A,A,A,A,A,A,A,B,A,E,B,A,D,A,F,,,,,,F,,A,D,A,D,D,D,D
261,B,B,D,E,B,D,C,C,C,A,C,D,A,B,C,A,B,A,A,A,A,A,A,A,D,F,D,E,F,D,D,D,D,D,D,D,D,D,D,E,E,F,E,E,I,E,F,,,,,,,G,E,E,E,E,E,E,E
262,B,C,B,E,D,D,D,D,D,D,D,D,D,D,D,D,C,D,D,A,D,D,A,D,D,F,D,E,F,D,D,D,D,D,D,D,D,D,D,E,E,F,E,E,I,E,F,,,,,,,G,E,E,E,E,E,E,E
263,A,B,C,A,D,C,D,D,B,B,C,C,A,D,B,C,D,D,C,A,B,B,C,C,B,C,C,A,E,D,D,D,C,C,D,C,C,D,D,D,D,B,C,C,C,A,D,A,,,,,,,B,D,A,B,A,B,C
264,B,A,D,E,C,C,D,B,C,A,C,C,A,B,B,C,D,B,C,A,C,C,A,A,D,F,D,E,F,D,D,D,C,C,D,D,C,C,C,E,E,F,E,E,I,E,F,,,,,,,G,E,E,E,E,E,E,E
265,B,B,A,E,B,C,D,A,D,A,D,D,A,D,B,C,D,A,D,A,D,D,A,D,D,F,D,E,F,D,D,D,D,D,D,D,D,D,D,E,E,F,E,E,I,E,F,,,,,,,G,E,E,E,E,E,E,E
266,B,B,C,E,B,B,B,B,B,B,B,B,B,B,B,B,B,B,B,B,B,B,B,B,D,F,D,E,F,D,D,D,D,D,D,D,D,D,D,E,E,F,E,E,I,E,F,,,,,,,G,E,E,E,E,E,E,E
267,B,B,C,E,B,B,D,B,B,A,C,C,B,D,C,C,C,C,C,A,C,C,A,C,D,F,D,E,F,D,D,D,D,D,D,D,D,D,D,E,E,F,E,E,I,E,F,,,,,,,G,E,E,E,E,E,E,E
268,B,A,D,E,A,D,D,D,D,A,D,D,A,D,A,D,D,A,D,A,A,D,D,D,D,F,D,E,F,D,D,D,D,D,D,D,D,D,D,E,E,F,E,E,I,E,F,,,,,,,G,E,E,E,E,E,E,E
269,B,D,A,E,B,B,B,B,B,B,B,C,C,C,C,C,C,A,C,A,C,C,A,B,D,F,D,E,F,D,D,D,D,D,D,D,D,D,D,E,E,F,E,E,I,E,F,,,,,,,G,E,E,E,E,E,E,E
270,A,B,B,C,B,B,D,C,D,A,C,C,A,D,B,D,D,A,C,A,C,C,A,A,C,B,C,A,C,C,C,C,,C,,,C,D,D,B,A,B,A,C,D,B,B,,,,D,,,,A,A,B,B,A,B,B
271,B,C,A,E,C,C,C,D,C,B,C,D,A,B,D,D,D,D,D,D,D,D,D,D,C,F,D,E,F,D,D,D,D,D,D,D,D,D,D,E,E,F,E,E,I,E,F,,,,,,,G,E,E,E,E,E,E,E
272,B,D,A,E,C,C,C,C,C,C,C,C,C,C,C,C,C,C,C,C,C,C,C,C,C,F,D,E,F,D,D,D,D,D,D,D,D,D,D,E,E,F,E,E,I,E,F,,,,,,,G,E,E,E,E,E,E,E
273,B,B,C,E,A,C,D,A,D,A,C,C,A,A,B,B,B,B,B,B,B,B,B,B,D,F,D,E,F,D,D,D,D,D,D,D,D,D,D,E,E,F,E,E,I,E,F,,,,,,,G,E,E,E,E,E,E,E
274,B,A,C,A,C,A,B,D,A,B,C,A,C,D,D,A,D,D,D,D,D,D,D,D,D,C,D,E,F,D,D,A,D,A,D,A,A,D,A,E,D,A,D,B,E,B,F,A,,,,,,,E,A,D,C,B,D,D
275,A,B,D,C,A,C,B,C,B,C,A,A,D,B,D,A,C,B,D,B,C,C,A,C,B,E,D,E,F,B,D,C,A,D,C,B,D,A,B,E,A,F,C,B,G,C,A,,,,,,F,,C,B,D,B,D,B,D
276,B,C,A,E,C,D,D,C,D,A,D,D,A,D,C,D,D,C,D,A,D,D,A,D,C,F,D,E,F,C,D,D,D,D,A,D,D,A,D,E,E,F,E,C,I,E,F,,,,,,,G,E,E,E,E,E,E,E
277,A,A,B,C,A,B,B,B,C,A,B,A,B,B,C,D,A,C,,B,D,A,B,C,B,B,B,D,E,A,B,B,A,A,C,B,D,D,B,C,B,C,D,B,F,D,B,,,,D,,,,B,E,B,D,B,C,A
278,A,C,B,C,D,B,C,D,B,A,C,B,A,B,C,C,C,D,C,A,C,C,A,C,C,C,B,B,C,C,C,D,D,C,D,C,C,D,B,C,B,D,D,B,C,B,C,,,,D,,,,C,C,C,B,B,C,B
279,A,C,B,C,B,B,C,D,B,C,B,D,B,C,C,C,C,B,B,A,C,D,A,B,C,C,B,A,E,C,C,C,D,B,D,B,D,D,D,C,C,D,D,C,D,B,C,,,,D,,,,A,A,A,A,D,C,C
280,B,A,A,E,D,D,D,D,D,D,D,D,D,D,C,B,B,C,C,A,C,C,B,B,D,F,D,E,F,D,D,D,D,D,D,D,D,D,D,E,E,F,E,E,I,E,F,,,,,,,G,E,E,E,E,E,E,E
281,A,B,C,B,C,C,C,C,A,D,B,C,C,C,C,C,D,D,C,C,C,D,D,D,D,F,D,E,F,D,B,B,C,D,C,C,B,C,B,A,B,C,D,B,E,E,E,,,,,E,,,E,E,E,E,E,E,E
282,A,C,C,B,C,C,D,C,C,A,C,D,A,D,D,D,D,D,D,A,D,D,A,D,C,C,C,B,E,C,D,D,D,D,D,D,D,D,D,C,A,C,D,B,E,A,A,A,,,,,,,C,C,B,B,B,B,A
283,A,C,A,A,C,C,D,A,B,A,B,B,A,A,C,C,D,B,D,A,C,C,A,A,B,B,C,A,C,D,B,B,A,B,D,C,D,D,B,C,A,D,B,C,D,A,B,A,,,,,,,B,B,B,B,B,C,B
284,A,D,B,C,C,B,A,A,A,A,A,A,D,A,C,C,C,C,C,C,C,C,A,B,B,C,C,B,A,B,B,B,B,B,B,B,B,B,B,C,B,D,D,C,D,B,C,,,,D,,,,B,B,D,C,B,B,B
285,B,C,A,E,D,D,D,D,D,A,D,D,D,D,B,C,C,A,D,C,A,C,B,A,D,F,D,E,F,D,D,D,D,D,D,D,D,D,D,E,E,F,E,,I,E,F,,,,,,,G,E,E,E,E,E,E,E
286,B,C,D,E,A,C,B,A,C,A,D,C,A,B,A,D,D,A,D,A,D,D,A,D,D,F,D,E,F,D,D,D,D,D,D,D,D,D,D,E,E,F,E,E,I,E,F,,,,,,,G,E,E,E,E,E,E,E
287,B,A,C,E,B,C,B,D,C,A,D,D,A,C,B,B,B,B,B,B,B,B,B,B,C,F,D,E,F,C,C,C,C,C,C,C,C,C,C,E,E,F,E,E,I,E,F,,,,,,,G,E,E,E,E,E,E,E
288,B,A,D,E,A,D,C,D,B,A,A,B,A,D,A,A,A,A,A,A,A,A,A,A,D,F,D,E,F,D,D,D,D,D,D,D,D,D,D,E,E,F,E,E,I,E,F,,,,,,,G,E,E,E,E,E,E,E
289,B,B,D,E,D,D,D,D,D,A,D,D,A,D,A,D,D,D,D,A,D,D,A,D,D,F,D,E,F,D,D,D,D,D,D,D,D,D,D,E,E,F,E,E,I,E,F,,,,,,,G,E,E,E,E,E,E,E
290,B,C,D,E,A,B,B,B,B,A,B,B,A,C,C,D,D,A,D,A,D,D,A,D,D,F,D,E,F,D,D,D,D,D,D,D,D,D,D,E,E,F,E,E,I,E,F,,,,,,,G,E,E,E,E,E,E,E
291,A,A,A,A,A,A,A,A,A,A,A,A,A,A,A,A,A,A,A,A,A,A,A,A,A,C,B,B,A,D,D,D,D,D,D,A,A,A,A,A,A,A,A,B,A,A,A,A,,,,,,,D,A,A,A,D,D,C
292,A,D,A,E,D,A,A,D,A,C,A,B,D,C,A,A,D,A,C,B,C,D,B,B,D,F,D,E,F,D,D,D,D,D,D,D,D,D,D,E,E,F,E,E,I,E,F,,,,,,,G,E,E,E,E,E,E,E
293,B,D,A,E,A,D,D,A,D,A,D,D,A,D,D,D,D,D,D,D,D,D,D,D,D,F,D,E,F,D,D,D,D,D,D,D,D,D,D,E,E,F,E,E,I,E,F,,,,,,,G,E,E,E,E,E,E,E
294,A,D,C,C,C,A,A,D,B,D,A,A,C,D,B,B,B,B,B,B,B,B,B,,D,C,C,B,A,D,A,A,D,A,D,A,A,D,A,B,A,C,B,D,C,A,C,,B,,,,,,C,B,C,B,A,B,A
295,A,C,A,C,B,A,C,C,B,A,B,D,B,D,C,C,D,D,C,A,C,C,D,C,B,B,B,B,A,C,C,D,C,C,D,C,D,D,C,C,C,D,B,C,E,C,C,,,,D,,,,C,D,B,A,D,C,C
296,A,B,B,A,A,C,A,C,A,C,B,A,C,D,A,A,B,A,A,C,B,C,C,C,C,B,A,A,C,C,B,A,C,D,A,A,A,D,D,C,C,C,D,C,D,C,C,,,,D,,,,D,D,D,B,D,C,D
297,A,B,C,A,D,A,C,C,B,B,C,B,C,B,A,C,B,C,A,A,B,B,A,B,C,D,B,A,C,,B,C,,A,C,B,A,C,B,A,C,A,B,C,B,A,D,A,,,,,,,C,B,A,B,A,C,B
298,A,C,D,C,C,B,C,B,A,A,C,A,A,B,A,A,A,B,A,A,A,A,A,A,B,C,C,B,D,D,C,C,A,B,D,C,C,D,A,B,B,E,B,C,E,B,A,A,,,,,,,B,D,C,B,D,A,A
299,B,C,D,E,B,D,D,A,D,A,D,D,A,D,A,D,A,A,C,A,C,A,A,A,D,F,D,E,F,D,D,D,D,D,D,D,D,D,D,E,E,F,E,E,I,E,F,,,,,,,G,E,E,E,E,E,E,E
300,A,B,A,C,C,C,B,B,B,A,B,C,A,A,A,C,B,B,B,A,C,C,A,C,B,B,C,C,A,D,C,B,C,B,D,C,B,D,B,B,B,D,D,C,B,B,B,,,,D,E,,,D,D,D,B,B,D,B
301,A,C,A,A,B,B,C,C,C,A,C,A,C,B,C,D,D,D,C,B,D,D,A,D,B,B,B,A,D,C,D,D,D,D,D,D,D,D,D,D,C,B,D,B,D,A,B,,,C,,,,,C,A,B,B,C,B,C
302,B,B,A,E,A,B,A,B,C,B,A,A,B,A,A,A,A,A,A,A,A,A,A,A,D,F,D,E,F,D,D,D,D,D,D,D,D,D,D,E,E,F,E,E,I,E,F,,,,,,,G,E,E,E,E,E,E,E
303,B,A,C,E,B,D,D,D,D,B,D,D,A,D,C,B,D,B,B,B,C,D,D,C,D,F,D,E,F,D,D,D,D,D,D,D,D,D,D,E,E,F,E,E,I,E,F,,,,,,,G,E,E,E,E,E,E,E
304,B,B,A,E,A,D,B,D,D,D,D,D,A,A,D,D,D,D,D,A,D,D,A,A,D,F,D,D,F,A,B,C,D,C,D,D,D,D,D,E,E,F,E,,I,E,F,,,,,,,G,E,E,E,E,E,E,E
305,B,C,C,E,A,C,D,A,C,A,C,C,A,B,C,B,B,A,C,A,C,B,A,A,D,F,D,E,F,D,D,D,D,D,D,D,D,D,D,E,E,F,E,E,I,E,F,,,,,,,G,E,E,E,E,E,E,E
306,B,C,B,E,D,D,D,A,D,A,D,D,A,D,D,D,D,A,D,A,D,D,A,D,C,F,D,E,F,D,D,D,D,D,D,D,D,D,D,E,E,F,E,E,I,E,F,,,,,,,G,E,E,E,E,E,E,E
307,B,D,A,A,C,D,D,D,D,A,D,D,A,D,D,D,C,D,D,A,D,D,A,D,C,A,C,E,E,D,D,C,D,D,A,D,D,A,D,B,A,D,B,C,G,A,A,,,,D,,,,B,B,B,D,B,C,B
308,A,C,A,C,B,B,B,A,B,A,C,C,A,A,C,B,B,B,B,A,B,B,A,A,A,C,B,B,C,B,B,B,B,B,B,B,B,B,B,C,B,A,D,B,A,A,E,A,,,,,,,D,D,D,D,D,C,D
309,B,A,A,E,C,D,D,B,D,A,D,D,A,B,C,D,D,C,D,A,D,D,A,B,D,F,D,E,F,D,D,D,B,D,A,D,D,A,D,E,E,F,E,E,I,E,F,,,,,,,G,E,E,E,E,E,E,E
310,A,A,B,E,C,C,D,B,B,A,A,D,A,A,C,D,D,C,D,A,A,D,D,A,D,F,D,E,F,D,D,D,B,D,A,B,D,D,B,B,E,F,E,E,I,E,F,,,,,,,G,E,E,E,E,E,E,E
311,A,B,C,C,B,C,C,B,C,B,C,C,C,B,C,B,C,B,B,B,A,C,A,B,B,B,B,A,D,C,C,C,C,C,C,C,C,C,C,B,B,D,D,B,B,D,C,,,C,,,,,C,B,B,B,C,C,C
312,B,C,D,E,A,C,C,B,B,A,C,C,A,B,A,C,C,A,C,A,D,D,A,C,B,F,D,E,F,D,D,D,D,D,D,D,D,D,D,E,E,F,E,E,I,E,F,,,,,,,G,E,E,E,E,E,E,E
313,B,B,C,E,B,C,C,B,C,A,C,C,A,B,A,B,B,A,B,A,B,B,A,A,D,F,D,E,F,D,D,D,D,D,D,D,D,D,D,E,E,F,E,E,I,E,F,,,,,,,G,E,E,E,E,E,E,E
314,B,C,D,E,B,C,D,D,D,A,D,D,A,D,A,D,D,A,D,A,D,D,A,D,D,F,D,E,F,D,D,D,D,D,D,D,D,D,D,E,E,F,E,E,I,E,F,,,,,,,G,E,E,E,E,E,E,E
315,B,D,C,B,B,B,B,B,B,B,B,B,B,B,D,D,D,D,D,D,D,D,D,D,D,F,D,E,A,D,D,D,D,D,D,D,D,D,D,D,D,A,E,C,B,C,A,A,,,,,,,A,E,E,E,E,E,E
316,B,B,D,E,A,C,D,A,D,A,D,D,A,D,A,D,D,A,D,D,D,D,A,D,D,F,D,E,F,D,D,D,D,D,,D,D,D,D,E,E,F,E,E,I,E,F,,,,,,,G,E,E,E,E,E,E,E
317,B,A,D,E,B,D,D,D,D,A,D,D,A,D,B,B,B,B,B,B,B,B,B,B,D,F,D,E,F,D,D,D,D,D,D,D,D,D,D,E,E,F,E,E,I,E,F,,,,,,,G,E,E,E,E,E,E,E
318,B,B,A,E,C,C,C,D,B,B,B,C,B,D,B,D,B,B,C,D,D,C,C,B,C,F,C,E,F,D,D,D,D,C,D,C,C,D,D,E,E,F,E,E,I,E,F,,,,,,,G,E,E,E,E,E,E,E
319,B,B,D,E,A,D,D,D,D,A,D,D,A,D,A,D,D,A,D,A,D,D,A,A,D,B,C,E,F,D,D,D,D,D,D,D,D,D,D,E,E,F,B,C,G,E,A,A,,,,,,,E,E,E,E,E,E,E
320,A,B,C,C,C,C,C,D,C,C,D,D,C,C,C,C,C,C,C,C,C,C,B,C,C,C,B,A,E,D,D,D,D,D,D,D,D,D,D,C,B,B,D,B,D,A,B,,,,D,,,,B,D,C,B,B,C,B
321,B,B,A,E,D,D,D,C,C,A,D,D,B,D,C,D,D,C,D,B,D,B,B,D,D,B,C,E,F,D,D,D,D,D,B,D,D,D,D,C,E,F,E,E,I,E,F,,,,,,,G,E,E,E,E,E,E,E
322,B,A,C,E,C,D,D,D,D,B,D,D,C,C,D,A,A,A,A,A,A,A,A,A,C,F,D,E,F,D,D,D,D,D,D,D,D,D,D,E,E,F,E,E,I,E,F,,,,,,,G,E,E,E,E,E,E,E
323,B,D,A,C,D,D,D,D,B,A,D,D,A,B,C,D,A,A,D,A,D,D,A,A,D,F,D,E,F,D,D,D,D,D,D,D,D,D,D,E,E,F,E,E,I,E,F,,,,,,,G,E,E,E,E,E,E,E
324,B,C,D,A,B,C,D,B,D,A,C,C,A,C,B,C,D,D,A,A,D,D,A,D,D,F,D,E,F,D,D,D,D,D,A,D,D,A,D,E,E,F,E,,I,E,F,,,,,,,G,E,E,E,E,E,E,E
325,A,B,C,D,A,A,C,C,B,B,C,C,C,C,C,C,C,B,B,C,C,C,C,D,D,E,C,C,E,C,C,D,D,D,D,D,D,C,D,D,E,F,E,,I,E,F,,,,,,,G,E,E,E,E,E,E,E
326,B,A,A,,A,B,C,A,B,A,D,C,A,B,A,B,B,A,B,A,A,A,A,,D,F,D,E,F,D,D,D,D,D,D,D,D,D,D,E,E,F,E,E,I,E,F,,,,,,,G,E,E,E,E,E,E,E
328,B,A,A,E,A,D,C,B,C,A,D,C,A,B,D,A,A,D,A,C,A,A,D,D,D,F,D,E,F,D,D,D,D,D,D,D,D,D,D,E,E,F,E,E,I,E,F,,,,,,,G,E,E,E,E,E,E,E
329,B,A,C,E,A,B,C,B,B,A,C,B,A,B,B,B,C,D,B,B,B,B,A,B,D,F,D,E,F,D,D,D,D,D,D,D,D,D,D,E,E,F,E,E,I,E,F,,,,,,,G,E,E,E,E,E,E,E
330,B,B,D,E,A,B,C,B,B,B,C,B,B,B,A,C,A,D,A,B,A,B,B,B,C,F,D,E,F,D,D,D,D,D,D,D,D,D,D,E,E,F,E,E,I,E,F,,,,,,,G,E,E,E,E,E,E,E
332,B,B,C,E,B,C,D,D,D,A,D,D,A,D,C,C,B,A,C,A,B,C,A,C,D,F,D,E,F,D,D,D,D,D,D,D,D,D,D,E,E,F,E,E,I,E,F,,,,,,,G,E,E,E,E,E,E,E
333,B,A,B,E,D,D,D,D,D,D,D,D,D,D,A,B,A,C,A,B,C,A,A,A,D,F,D,E,F,D,D,D,D,D,D,D,D,D,D,E,E,F,E,E,I,E,F,,,,,,,G,E,E,E,E,E,E,E
334,B,C,C,E,A,D,D,A,D,A,D,D,A,D,A,D,D,D,D,A,D,D,A,D,D,F,D,E,F,D,D,D,D,D,D,D,D,D,D,E,E,F,E,E,I,E,F,,,,,,,G,E,E,E,E,E,E,E
335,A,B,C,A,C,B,D,C,B,A,A,D,B,D,A,C,D,C,B,A,A,D,B,D,C,C,B,A,E,C,C,C,C,*,D,C,C,B,D,B,D,A,A,C,D,B,C,A,,,,,,,B,C,B,A,A,A,A
336,A,A,C,A,C,B,D,C,C,C,B,B,C,D,B,C,D,B,C,A,C,C,B,C,C,C,C,B,D,C,B,D,C,C,C,B,B,D,D,B,B,B,B,D,F,C,C,,,,D,,,,B,D,B,A,B,A,B
337,B,A,A,E,A,B,A,C,C,C,B,B,,C,B,D,C,C,C,B,C,D,C,B,D,F,D,E,F,D,D,D,D,D,D,D,D,D,D,E,E,F,E,E,I,E,F,,,,,,,G,E,E,E,E,E,E,E
340,B,B,D,E,B,D,D,C,D,A,D,D,A,D,A,D,D,D,D,A,B,D,B,C,D,F,D,E,F,D,D,D,D,D,D,D,D,D,D,E,E,F,E,E,I,E,F,,,,,,,G,E,E,E,E,E,E,E
343,A,A,A,A,A,D,D,D,D,A,D,D,A,C,A,D,D,D,D,A,D,D,A,D,C,B,B,A,E,B,D,D,D,D,D,D,D,D,C,C,D,A,C,B,H,B,E,A,,,,,,,C,C,C,B,B,B,B
344,B,B,C,E,D,C,B,A,C,A,A,B,B,C,C,B,B,A,A,C,A,B,C,D,D,F,D,E,F,B,B,C,D,D,D,D,D,D,D,E,E,F,E,E,I,E,F,,,,,,,G,E,E,E,E,E,E,E
346,B,A,C,E,B,C,D,D,D,A,D,D,A,C,C,D,D,D,D,A,D,D,A,C,D,B,D,E,F,D,D,D,D,D,D,D,D,D,D,C,E,F,E,E,G,E,F,,,,,,,G,E,E,E,E,E,E,E
347,B,B,C,E,B,D,D,C,D,A,C,C,A,B,C,C,D,B,C,B,D,B,C,C,C,F,D,E,F,D,D,D,D,D,D,D,D,D,D,,E,F,E,E,I,E,F,,,,,,,G,E,E,E,E,E,E,E
348,B,C,D,E,B,B,B,A,B,A,C,B,A,B,A,B,B,B,B,A,B,B,A,B,D,F,D,E,F,D,D,D,D,D,D,D,D,D,D,E,E,F,E,E,I,E,F,,,,,,,G,E,E,E,E,E,E,E
349,A,C,A,C,C,D,B,D,B,D,D,D,C,D,D,D,C,D,C,C,D,D,A,D,C,B,B,B,E,C,D,C,D,C,D,D,D,D,D,C,A,A,D,C,H,A,B,A,,,,,,,C,D,C,C,A,A,C
351,B,A,D,E,B,D,D,B,D,A,D,D,A,D,A,A,A,A,A,A,A,A,A,A,C,F,D,E,F,D,D,D,D,D,D,D,D,D,D,E,E,F,E,E,I,E,F,,,,,E,,,E,E,E,E,E,E,E
352,B,B,C,E,A,C,D,D,D,A,C,D,A,C,A,D,D,D,D,A,D,D,D,D,C,F,D,E,F,D,D,D,D,D,D,D,D,D,D,E,E,F,E,E,I,E,F,,,,,,,G,E,E,E,E,E,E,E
353,B,B,C,E,B,B,A,D,D,D,D,D,D,D,B,B,B,B,B,B,B,B,B,B,D,F,D,E,F,D,D,D,D,D,D,D,D,D,D,E,E,F,E,E,I,E,F,,,,,,,G,E,E,E,E,E,E,E
354,A,D,A,C,C,D,D,D,D,C,D,D,C,D,A,A,A,A,A,A,A,A,A,A,C,C,C,B,A,D,D,D,D,D,D,D,D,D,D,B,B,B,D,B,B,C,C,A,,,,,,,C,C,C,B,B,A,D
356,B,C,B,E,C,B,C,A,C,A,D,D,A,A,A,D,D,A,C,A,C,C,A,A,B,F,D,E,F,D,D,D,D,D,D,D,D,D,D,E,E,F,E,E,I,E,F,,,,,,,G,E,E,E,E,E,E,E
357,B,A,A,E,C,D,C,D,D,A,D,D,A,D,D,B,B,D,A,,D,,C,D,D,F,D,E,F,D,C,A,D,D,A,D,D,A,D,E,E,F,E,E,G,E,A,,,,D,,,,E,E,E,E,E,E,E
358,B,A,A,E,C,D,D,D,D,A,C,C,A,C,C,D,D,D,D,A,A,A,A,B,D,F,D,E,F,D,D,D,D,D,D,D,D,D,D,E,E,F,E,E,I,E,F,,,,,,,G,E,E,E,E,E,E,E
359,A,A,C,C,A,B,B,B,B,B,D,A,A,D,D,D,D,D,C,A,C,C,A,D,C,C,C,A,E,D,D,D,D,B,D,D,D,D,D,A,A,E,B,D,G,A,B,,,,D,,,,A,A,A,A,A,A,A
360,A,B,A,A,A,B,B,D,B,A,C,D,A,D,A,D,D,D,D,A,D,D,A,D,C,C,B,B,E,C,D,D,D,D,D,D,D,D,D,C,C,B,C,C,C,A,B,,,,D,,,,A,A,B,B,A,B,B
361,B,C,D,E,D,B,D,D,D,D,D,D,D,D,D,D,D,D,D,D,D,D,D,D,B,C,C,A,D,D,D,D,D,D,D,D,D,D,D,D,D,E,B,C,B,B,D,A,,,,,,,D,D,D,D,B,D,D
362,B,B,C,E,C,C,B,C,B,B,C,C,A,B,C,D,D,B,D,D,C,C,B,C,D,F,D,E,F,D,D,D,D,D,D,D,D,D,D,E,E,F,E,E,I,E,F,,,,,,,G,E,E,E,E,E,E,E
363,A,D,C,C,C,D,D,D,B,A,B,D,D,D,A,B,A,A,B,B,B,C,C,D,A,B,B,A,A,C,D,D,D,D,C,B,D,D,D,C,C,C,D,A,A,A,B,,B,,,,,,B,B,B,B,D,D,D
364,B,B,D,E,C,D,B,A,C,A,C,C,A,B,C,C,C,C,D,A,C,C,A,D,D,F,D,E,F,D,D,D,D,D,D,D,D,D,D,E,E,F,E,E,I,E,F,,,,,,,G,E,E,E,E,E,E,E
365,B,B,D,E,A,D,D,A,B,D,D,A,D,A,B,C,A,C,C,A,A,B,A,B,C,F,D,E,F,D,D,D,D,D,D,D,D,D,D,E,E,F,E,E,I,E,F,,,,,,,G,E,E,E,E,E,E,E
367,B,A,C,E,A,B,C,B,C,A,C,B,A,B,A,B,C,A,A,A,A,B,A,C,D,F,D,E,F,D,D,D,D,D,D,D,D,D,D,E,E,F,E,E,I,E,F,,,,,,,G,E,E,E,E,E,E,E
368,B,B,A,E,D,D,D,D,D,D,D,D,D,D,B,C,C,B,C,C,C,C,C,C,C,F,D,E,F,D,D,D,D,D,D,D,D,D,D,E,E,F,E,E,I,E,F,,,,,,,G,E,E,E,E,E,E,E
369,A,A,C,E,B,D,D,A,D,A,D,D,A,D,D,A,A,A,A,B,B,C,A,B,D,F,D,E,F,D,D,D,D,D,D,D,D,D,,E,E,F,,E,I,E,F,,,,,,,G,E,A,E,E,E,E,E
370,B,A,,,B,C,B,D,C,A,B,B,A,A,C,D,C,D,D,A,D,C,A,C,D,F,D,E,F,,,,,,,,,,,E,,F,E,E,I,,F,,,,,,,G,E,E,E,E,E,E,E
371,A,A,B,A,A,C,A,D,B,C,A,D,A,C,B,D,A,D,A,A,A,D,A,D,C,C,C,A,D,C,C,A,D,B,D,A,A,C,D,A,A,E,D,B,A,A,A,A,,,,,,,A,B,A,A,A,A,A
373,B,B,A,E,B,B,B,D,B,D,B,C,D,C,A,B,A,D,B,B,A,B,B,B,D,F,D,E,F,D,C,A,D,B,D,B,B,D,A,E,E,F,E,E,I,E,F,,,,,,,G,E,E,E,E,E,E,E
374,B,A,C,E,A,D,D,D,D,A,C,D,A,B,A,C,C,D,C,*,C,D,A,B,D,F,D,E,F,D,D,D,D,D,D,D,D,D,D,E,E,F,E,E,I,E,F,,,,,,,G,E,E,E,E,E,E,E
375,B,A,D,E,B,C,D,A,D,A,D,D,A,D,D,C,D,B,D,A,D,D,A,D,D,F,D,E,F,D,D,D,D,D,D,D,D,D,D,E,E,F,E,E,I,E,F,,,,,,,G,E,E,E,E,E,E,E
376,B,A,D,E,A,D,D,A,D,A,D,D,A,A,B,A,B,A,B,A,D,C,A,B,D,F,D,E,F,D,D,D,D,D,D,D,D,D,D,E,E,F,E,E,I,E,F,,,,,,,G,E,E,E,E,E,E,E
377,A,A,A,C,C,B,C,C,C,B,C,C,B,C,C,C,C,D,C,A,A,C,A,B,B,B,C,A,C,D,D,D,D,D,D,C,D,D,D,C,C,B,D,B,D,B,C,A,,,,,,,C,C,C,C,C,C,C
378,B,B,A,E,B,D,D,D,D,B,D,D,A,A,B,D,D,D,D,B,D,D,B,A,C,F,D,E,F,D,D,D,D,D,B,D,D,A,D,E,E,F,E,E,I,E,F,,,,,,,G,E,E,E,E,E,E,E
379,B,C,B,E,D,C,B,D,D,D,A,D,D,B,D,,B,D,D,D,A,D,D,B,D,F,D,E,F,D,D,D,A,D,D,B,D,C,B,,E,F,E,E,I,E,F,,,,,,,G,E,E,E,E,E,E,E
380,B,C,B,E,A,D,C,D,D,A,B,C,A,A,A,B,B,B,A,B,B,B,B,A,D,F,D,E,F,D,D,D,D,D,D,D,D,D,D,E,E,F,,E,I,,F,,,,,,,G,E,E,E,E,E,E,E
381,A,A,B,B,D,D,D,D,D,D,D,D,D,D,D,D,D,D,D,D,D,D,D,D,C,C,C,A,E,D,D,D,D,D,D,D,D,D,D,C,C,E,C,D,D,A,D,,,,D,,,,B,C,C,C,C,C,C
382,B,A,A,E,,D,D,A,,A,D,C,A,,C,D,D,A,,A,,,A,B,D,F,D,E,F,D,D,D,D,D,D,D,D,D,D,E,E,F,E,E,I,,F,,,,,,,G,E,E,,,,,
383,B,B,C,E,A,B,D,B,D,A,D,D,A,D,A,D,D,B,D,A,D,D,A,D,D,F,D,E,F,D,D,D,D,D,D,D,D,D,D,E,,F,E,E,I,,F,,,,,,,G,E,E,E,E,E,E,E
384,B,C,B,E,A,D,D,D,D,A,D,D,A,A,A,D,D,D,D,A,D,D,A,A,D,F,D,E,F,D,D,D,D,D,D,D,D,D,D,E,E,F,E,E,I,E,F,,,,,,,G,E,E,E,E,E,E,E
385,A,D,A,A,D,D,D,D,D,D,D,D,D,D,A,A,A,A,A,A,A,A,A,A,C,B,C,A,C,D,D,D,D,D,D,D,D,D,D,C,C,A,B,C,C,B,D,A,,,,,,,C,C,C,C,B,B,C
386,A,C,B,A,C,B,B,C,B,B,C,C,B,C,D,D,D,B,D,A,D,D,A,D,B,B,B,B,A,C,B,B,B,B,D,C,D,D,C,C,B,B,D,A,D,B,C,,,,D,,,,C,D,A,C,B,B,C
387,A,C,B,A,D,D,D,D,B,A,D,D,A,D,B,C,C,D,C,A,C,D,A,D,B,B,C,B,B,C,D,D,D,C,A,D,D,A,D,C,B,C,B,C,C,A,B,,,,D,,F,,B,C,B,B,B,,
390,A,A,A,C,B,B,B,D,A,A,A,D,C,C,A,B,B,D,A,A,A,D,C,C,B,B,C,A,E,A,A,C,B,C,A,A,A,B,C,D,B,B,D,B,F,A,B,A,,,,,,,B,B,B,B,B,B,B
391,A,A,A,C,D,D,D,D,D,A,D,D,A,D,C,D,D,B,D,A,C,D,A,C,C,C,C,A,E,D,D,D,D,D,D,D,D,D,D,D,B,A,A,C,B,A,A,,,,D,,,,B,B,B,B,B,D,B
393,A,B,D,A,B,C,D,C,C,A,B,C,C,C,C,C,C,B,C,A,B,D,C,D,C,B,A,B,B,C,D,C,C,C,D,C,D,D,C,B,D,D,B,A,F,B,B,,,C,D,,,,B,B,B,B,B,C,B
394,B,A,D,E,B,C,C,A,D,A,D,D,A,D,B,C,D,D,D,A,D,D,A,D,D,F,D,E,F,D,D,D,D,D,D,D,D,D,D,E,E,F,E,E,I,E,F,,,,,,,G,E,E,E,E,E,E,E
395,B,A,B,E,A,D,D,A,D,A,D,D,A,D,A,D,D,A,D,A,D,D,A,D,D,F,D,E,F,D,D,D,D,D,D,D,D,D,D,B,E,F,E,E,I,E,F,,,,,,,G,E,E,E,E,E,E,E
396,B,B,A,E,B,D,D,D,C,A,D,D,A,C,A,A,A,A,C,A,C,C,A,D,D,F,D,E,F,D,D,D,D,D,D,D,D,D,D,E,E,F,E,E,I,E,F,,,,,,,G,E,E,E,E,E,E,E
397,B,D,B,E,A,B,A,A,B,A,D,D,A,C,B,C,D,D,D,C,A,D,D,D,D,F,D,E,F,D,D,D,D,D,D,D,D,D,D,E,E,F,E,E,I,E,F,,,,,,,G,E,E,E,E,E,E,E
398,B,C,B,E,B,D,D,D,D,A,D,D,A,D,C,C,C,C,C,A,C,C,A,C,D,F,D,E,F,D,D,D,D,D,D,D,D,D,D,E,E,F,E,E,I,E,F,,,,,,,G,E,E,E,E,E,E,E
399,B,C,A,E,C,C,D,B,D,A,D,D,A,B,C,B,A,A,B,A,B,C,A,A,C,F,D,E,F,D,D,D,D,D,D,D,D,D,D,E,E,F,E,E,I,E,F,,,,,,,G,E,E,E,E,E,E,E
400,A,C,A,A,,,D,C,,B,B,D,B,A,C,D,D,,,,,D,,,,,,A,E,D,,D,D,C,D,,,,B,,,A,,,G,A,A,,,,,,,,C,D,,A,C,C,C
402,B,D,B,E,C,C,D,A,C,C,C,C,A,C,A,C,A,C,B,A,B,C,A,C,D,F,D,E,F,C,,A,B,C,D,A,B,,C,E,E,F,E,E,E,E,F,,,,,,,G,E,E,E,E,E,E,E
403,A,A,A,C,C,C,D,D,C,C,C,C,D,D,C,C,C,C,D,D,D,D,D,C,C,C,C,A,E,C,C,D,D,D,D,D,D,D,D,D,,,A,A,H,B,E,A,,,,,,,D,D,C,A,D,B,D
404,B,A,A,E,A,D,D,A,D,A,D,D,A,A,B,A,B,A,A,A,B,B,A,A,D,F,D,E,F,D,D,D,D,D,D,D,D,,,,,F,,E,I,,F,,,,,,,G,E,E,E,E,E,E,E
406,B,D,C,E,C,B,C,C,B,A,C,C,A,B,B,D,C,D,D,C,B,D,B,D,D,F,D,E,F,D,D,C,D,D,A,A,C,D,D,E,E,F,E,E,I,E,F,,,,,,,G,E,E,E,E,E,E,E
407,B,C,A,E,C,B,D,A,B,A,D,B,A,B,B,C,A,D,C,B,A,B,B,B,D,F,D,E,F,D,D,D,D,D,D,D,D,D,D,E,E,F,E,E,I,E,F,,,,,,,G,E,E,E,E,E,E,E
408,B,A,D,E,B,D,D,A,D,A,D,D,A,B,A,B,A,D,,B,,A,A,,D,F,D,E,F,D,D,D,D,D,D,D,D,D,D,,E,F,E,E,,,F,,,,,,,G,E,,E,,E,,E
409,B,A,D,E,C,B,C,D,C,A,B,C,C,D,C,C,C,D,D,A,B,C,D,D,C,F,D,E,F,D,D,C,D,D,D,D,D,D,D,E,E,F,E,E,I,E,F,,,,,,,G,E,E,E,E,E,E,E
410,B,A,D,E,C,C,D,D,C,A,A,D,B,D,A,D,C,C,D,D,C,A,A,B,C,F,D,E,F,D,D,D,D,D,D,D,D,D,D,E,E,F,E,E,I,E,F,,,,,,,G,E,E,E,E,E,E,E
411,A,A,A,B,D,C,B,D,C,B,D,D,B,A,C,C,C,C,C,B,C,D,B,C,B,C,B,A,E,C,C,C,C,D,C,D,D,C,B,D,C,,D,C,B,B,C,,B,,,,,,B,A,B,B,B,B,A
412,B,A,A,E,A,D,D,A,D,A,C,D,A,B,A,C,A,A,C,A,A,C,A,B,D,F,D,E,F,D,D,D,D,D,D,D,D,D,D,E,E,F,E,E,I,E,F,,,,,,,G,E,E,E,E,E,E,E
414,B,A,A,E,D,D,D,D,D,B,A,B,A,B,A,B,C,C,A,A,A,B,A,B,D,F,D,E,F,D,D,D,D,D,D,D,D,D,D,E,E,F,E,E,I,E,F,,,,,,,G,E,E,E,E,E,E,E
415,B,B,B,E,B,B,A,D,B,A,A,B,A,B,A,B,A,A,A,A,B,B,B,A,D,F,D,E,F,B,B,B,A,B,A,A,B,A,A,E,E,F,E,E,I,E,F,,,,,,,G,E,E,E,E,E,E,E
417,A,A,A,C,B,C,D,D,D,A,C,D,A,B,B,C,A,A,B,A,C,C,A,C,C,C,B,A,E,D,A,B,D,D,B,A,C,A,C,D,D,A,A,C,H,C,E,A,,,,,,,C,C,D,C,C,A,D
418,B,A,C,E,A,D,D,A,D,A,D,D,A,B,A,B,A,A,A,A,A,A,A,B,D,F,D,E,F,B,C,D,B,D,A,D,D,A,D,E,E,F,E,E,I,E,F,,,,,,,G,E,E,E,E,E,E,E
419,A,B,B,C,D,D,B,D,D,B,D,D,B,D,D,D,B,D,D,B,D,D,B,D,C,B,C,A,B,D,D,D,D,D,D,D,D,D,D,D,C,A,D,C,D,B,E,A,,,,,,,C,D,D,D,D,D,D
420,B,B,A,E,A,C,D,A,C,A,D,C,A,B,A,C,C,D,C,C,D,C,A,B,D,F,D,E,F,D,D,D,D,D,D,D,D,D,D,E,E,F,E,E,I,E,F,,,,,,,G,E,E,E,E,E,E,E
421,A,B,A,C,B,B,C,D,C,C,C,C,C,D,C,C,C,D,C,B,C,C,B,D,C,C,B,A,E,D,D,D,D,D,D,D,D,D,D,C,D,A,A,D,E,B,E,A,,,,,,,C,D,B,B,B,B,B
422,A,B,B,C,B,A,C,B,D,B,D,B,B,C,B,B,C,C,B,B,C,C,B,C,B,D,A,B,B,B,D,D,D,D,B,D,D,B,D,D,D,A,A,C,H,B,E,A,,,,,,,B,B,B,A,A,B,B
423,A,B,D,C,B,C,C,D,D,A,D,D,A,B,B,D,B,D,D,A,D,D,A,A,D,C,C,A,E,D,D,B,D,C,A,D,D,A,D,B,A,B,A,C,D,A,A,,,,D,,,,D,C,B,A,A,A,A
424,B,B,C,E,B,D,C,B,D,B,D,D,A,C,C,B,C,B,B,A,B,C,A,D,D,F,D,E,F,D,D,D,D,D,D,D,D,D,D,E,E,F,E,E,I,E,F,,,,,,,G,E,E,E,E,E,E,E
425,B,A,C,E,A,C,D,D,C,A,D,D,A,B,B,D,D,A,D,A,D,D,A,D,C,F,D,E,F,D,D,D,D,D,D,D,D,D,D,E,E,F,E,E,I,E,F,,,,,,,G,E,E,E,E,E,E,E
426,A,C,A,A,B,A,B,A,A,D,D,A,D,D,A,B,D,A,B,A,D,D,A,D,C,A,A,B,A,A,A,A,A,A,A,A,A,A,A,A,A,E,B,A,D,A,A,A,,,,,,,B,A,A,A,A,A,A
427,B,C,C,E,A,B,C,D,B,A,D,C,A,A,A,B,B,A,B,B,B,A,A,A,D,F,D,E,F,D,D,D,D,D,D,D,D,D,D,E,E,F,E,E,I,E,F,,,,,,,G,E,E,E,E,E,E,E
428,A,D,A,A,C,B,B,D,C,B,D,D,C,D,B,D,D,A,D,A,D,D,A,A,C,C,C,A,D,D,D,D,D,D,D,D,D,D,D,D,B,B,B,C,D,B,B,A,,,,,,,D,B,B,B,B,B,B
429,B,D,A,E,D,D,D,D,D,D,D,D,D,D,D,D,D,D,D,D,D,D,D,D,D,F,D,E,F,D,D,D,D,D,D,D,D,D,D,E,E,F,E,E,I,E,F,,,,,,,G,E,E,E,E,E,E,E
430,A,D,B,C,C,A,C,A,C,B,A,A,B,B,C,B,C,B,B,A,B,B,A,C,A,B,B,B,A,D,A,B,A,A,D,A,A,C,B,C,D,A,D,B,H,D,E,A,,,,,,,D,D,D,D,D,D,D
431,A,A,A,C,A,C,D,C,C,C,D,C,C,C,A,C,B,C,C,A,C,C,A,C,C,C,B,B,A,D,D,D,C,D,D,D,D,D,D,C,B,B,A,C,A,B,D,,,C,,,,,A,A,A,A,B,B,B
432,B,A,A,E,A,D,D,A,D,A,D,D,A,D,A,D,D,A,D,A,D,D,A,D,D,F,D,E,F,D,D,D,D,D,D,D,D,D,D,E,E,F,E,E,I,E,F,,,,,,,G,E,E,E,E,E,E,E
433,B,B,A,E,B,D,D,A,D,A,D,D,A,D,B,D,D,A,D,A,A,D,A,B,D,F,D,E,F,D,D,D,D,D,D,D,D,D,D,E,E,E,E,E,I,A,F,,,,,,,G,E,E,E,E,E,E,E
434,B,B,A,E,A,B,D,B,D,A,C,D,A,D,B,C,D,A,C,A,C,D,A,D,D,F,D,E,F,D,D,D,D,D,D,D,D,D,D,E,E,F,E,E,I,E,F,,,,,,,G,E,E,E,E,E,E,E
435,B,B,A,E,C,B,C,D,B,C,C,B,B,C,B,C,C,D,C,A,C,,A,C,D,F,D,E,F,D,D,D,D,D,D,D,D,D,D,E,E,F,E,E,I,E,F,,,,,,,G,E,E,E,E,E,E,E
436,B,C,B,E,B,C,C,C,C,B,C,C,B,C,B,C,C,B,C,A,C,C,A,B,C,F,D,E,F,D,D,D,D,D,D,D,D,D,D,E,E,F,E,E,I,E,F,,,,,,,G,E,E,E,E,E,E,E
437,B,A,A,E,C,C,D,A,D,B,D,D,A,B,A,D,D,A,D,A,B,D,A,B,D,F,D,E,F,D,D,D,D,D,D,D,D,D,D,E,E,F,E,E,I,E,F,,,,,,,G,E,E,E,E,E,E,E
438,B,A,A,E,A,D,D,D,D,A,D,D,A,D,A,D,D,D,D,A,D,D,A,D,D,F,D,E,F,D,D,D,D,D,D,D,D,D,D,C,E,F,E,E,I,E,F,,,,,,,G,E,E,E,E,E,E,E
439,B,B,B,E,C,D,D,A,D,A,D,D,A,A,B,D,D,A,D,A,D,D,A,A,D,F,D,E,F,D,D,D,D,D,D,D,D,D,D,E,E,F,E,E,I,E,F,,,,,,,G,E,E,E,E,E,E,E
440,B,C,A,E,C,C,C,D,C,B,C,C,B,C,C,C,C,C,C,B,C,C,B,C,C,F,D,E,F,D,D,D,D,D,D,D,D,D,D,E,E,F,E,E,I,E,F,,,,,,,G,E,E,E,E,E,E,E
441,B,A,D,E,B,C,C,C,C,B,D,D,A,D,A,D,D,A,C,A,C,D,A,A,D,F,D,E,F,D,D,D,D,D,D,D,D,D,D,E,E,F,E,,I,E,F,,,,,,,G,E,E,E,E,E,E,E
442,B,A,D,E,B,C,D,D,D,B,D,D,B,B,A,C,C,B,C,A,C,C,A,B,D,F,D,E,F,D,D,D,D,D,D,D,D,D,D,E,E,F,E,E,I,E,F,,,,,,,G,E,E,E,E,E,E,E
443,B,A,A,E,B,D,D,D,D,A,D,D,A,D,C,D,D,C,D,B,D,D,B,D,D,F,D,E,F,D,D,D,D,D,D,D,D,D,D,E,E,F,E,E,I,E,F,,,,,,,G,E,E,E,E,E,E,E
444,A,A,C,C,A,C,D,D,D,A,D,D,A,B,A,D,A,D,D,A,D,D,A,C,C,C,C,E,E,C,D,C,D,D,D,D,D,D,C,C,C,C,D,C,F,B,B,A,,,,,,,A,C,A,D,D,D,D
445,B,A,B,E,B,C,B,A,B,B,C,D,B,C,A,C,B,A,B,C,C,D,B,D,C,D,C,E,F,C,C,A,B,B,D,C,D,C,D,E,B,B,E,C,G,E,F,,,C,D,,,,E,E,E,E,E,E,A
446,B,B,A,E,B,C,D,D,D,A,C,D,A,A,A,C,D,A,C,A,A,C,A,A,D,F,D,E,F,A,C,B,C,C,B,B,B,B,B,E,E,F,E,E,I,E,F,,,,,,,G,E,E,E,E,E,E,E
447,A,B,A,C,C,B,B,D,A,A,B,C,A,C,D,B,C,D,B,A,B,D,A,C,B,C,B,A,C,D,A,B,D,A,D,A,D,C,D,C,C,B,D,B,E,C,B,,,,D,,,,D,D,D,B,A,D,D
448,B,A,A,E,B,C,C,C,D,B,D,D,B,D,C,C,C,B,C,A,C,C,B,C,D,F,D,E,F,D,D,D,D,D,D,D,D,D,D,E,E,F,E,E,I,E,F,,,,,,,G,E,E,E,E,E,E,E
449,A,B,B,A,B,D,D,B,C,B,C,D,B,D,B,C,D,C,B,B,C,D,B,D,C,B,B,A,E,B,D,D,C,C,D,D,D,D,D,C,C,A,A,B,H,B,E,A,,,,,,,C,C,C,D,D,B,D
450,B,A,A,E,A,B,D,B,C,A,D,B,C,C,A,C,D,A,D,A,D,D,A,D,D,F,D,E,F,D,D,D,D,D,D,D,D,D,D,E,E,F,E,E,I,E,F,,,,,,,G,E,E,E,E,E,E,E
451,B,A,A,E,B,D,D,D,D,A,D,D,A,C,B,C,D,C,D,B,D,D,B,B,D,F,D,E,F,D,D,D,D,D,D,D,D,D,D,E,E,F,E,E,I,E,F,,,,,,,G,E,E,E,E,E,E,E
452,B,A,A,E,A,C,B,B,C,A,D,C,A,B,B,B,A,C,A,C,A,D,C,D,D,F,D,E,F,D,D,D,D,D,D,D,D,D,D,E,E,F,E,E,I,E,F,,,,,,,G,E,E,E,E,E,E,E
453,B,A,B,E,B,B,B,D,C,A,C,C,A,C,C,C,B,D,C,B,C,C,A,C,B,C,C,E,E,D,C,B,D,D,D,C,D,D,D,D,C,A,C,C,G,B,B,A,,,,,,,B,B,B,B,B,A,B
454,B,B,B,E,A,C,C,A,D,A,D,D,A,C,B,B,C,B,A,A,A,C,A,B,D,F,D,E,F,B,D,C,A,D,A,D,D,A,D,E,E,F,E,E,I,E,F,,,,,,,G,E,E,E,E,E,E,E
455,B,A,D,E,A,B,A,D,B,D,B,B,D,D,A,A,A,D,A,D,A,A,D,D,D,F,D,E,F,D,B,B,D,B,D,B,B,D,D,E,E,F,E,E,I,E,F,,,,,,,G,E,E,E,E,E,E,E
456,B,B,A,E,A,D,D,B,D,B,D,D,B,D,C,C,C,C,C,C,C,C,C,C,D,F,D,E,F,D,D,D,D,D,D,D,D,D,D,E,E,F,E,E,I,E,F,,,,,,,G,E,E,E,E,E,E,E
457,B,A,C,E,B,C,D,D,D,A,D,D,B,C,C,C,C,D,B,A,B,C,A,D,D,F,D,E,F,D,D,D,D,D,D,D,D,D,D,E,E,F,E,E,I,E,F,,,,,,,G,E,E,E,E,E,E,E
458,B,B,D,E,A,C,D,A,C,B,C,C,A,B,B,B,C,A,B,A,B,C,A,B,D,F,D,E,F,D,D,D,D,D,D,D,D,D,D,E,E,F,E,E,I,E,F,,,,,,,G,E,E,E,E,E,E,E
459,B,B,C,E,A,C,D,D,D,B,D,D,A,A,B,B,B,B,B,A,B,B,A,B,C,C,C,E,F,C,D,D,D,D,D,D,D,D,B,E,A,B,A,C,E,B,B,,,,D,,,,B,D,C,B,B,D,D
460,B,A,B,E,A,D,D,A,D,A,D,D,A,D,B,D,D,B,D,B,D,D,B,D,D,F,D,E,F,D,D,D,D,D,D,D,D,D,D,E,E,F,E,E,I,E,F,,,,,,,G,E,E,E,E,E,E,E
461,B,A,C,E,A,D,D,A,D,A,D,D,C,A,A,D,B,A,C,A,A,B,A,A,D,F,D,E,F,D,D,D,D,D,D,D,D,D,D,E,E,F,E,E,I,E,F,,,,,,,G,E,E,E,E,E,E,E
462,B,A,D,E,C,C,D,B,C,A,D,C,A,B,B,D,D,A,C,A,C,C,A,B,D,F,D,E,F,D,D,D,D,D,D,D,D,D,D,E,E,F,E,E,I,E,F,,,,,,,G,E,E,E,E,E,E,E
463,A,B,A,C,C,B,C,D,C,C,C,B,C,C,B,C,C,C,C,A,A,A,A,C,B,B,C,A,D,C,C,D,C,C,D,C,C,D,D,C,B,B,D,B,D,B,C,A,,,,,,,B,B,B,B,B,B,B
464,B,B,D,E,B,C,C,A,D,A,D,D,A,B,A,D,D,A,C,A,C,C,A,A,D,F,D,E,F,D,D,D,D,D,D,D,D,D,D,E,E,F,E,E,I,E,F,,,,,,,G,E,E,E,E,E,E,E
465,B,A,C,E,A,D,D,B,D,A,D,D,A,B,B,B,C,B,B,A,B,D,A,B,D,F,D,E,F,D,D,D,D,D,D,D,D,D,D,E,E,F,E,E,I,E,F,,,,,,,G,E,E,E,E,E,E,E
466,B,D,B,E,C,D,D,D,D,B,D,D,B,D,C,D,D,C,D,B,D,C,B,D,D,F,D,E,F,D,D,D,D,D,D,D,D,D,D,E,E,F,E,E,I,E,F,,,,,,,G,E,E,E,E,E,E,E
467,B,A,D,E,B,C,A,D,C,B,C,C,B,C,C,B,C,A,B,A,A,A,A,C,D,F,D,E,F,D,C,C,B,D,B,C,C,B,D,E,E,F,E,E,I,E,F,,,,,,,G,E,E,E,E,E,E,E
468,B,B,B,E,D,D,D,D,D,D,D,D,D,D,B,D,D,A,D,A,D,D,A,D,D,F,D,E,F,D,D,D,D,D,D,D,D,D,D,E,E,F,E,E,I,E,F,,,,,,,G,E,E,E,E,E,E,E
469,B,A,C,E,A,D,C,A,D,B,C,C,B,B,A,B,D,A,A,B,A,B,B,D,D,C,C,E,F,A,A,D,A,A,B,A,C,A,A,C,A,B,A,D,E,A,F,,,,D,,,,E,E,E,E,E,E,E
470,B,C,D,E,C,D,D,B,C,A,D,C,A,A,B,C,C,A,B,A,A,A,A,B,D,F,D,E,F,C,C,B,A,D,A,D,D,A,B,E,E,F,E,E,I,E,F,,,,,,,G,E,E,E,E,E,E,E
471,B,A,B,E,B,C,B,A,D,A,A,D,A,A,A,D,A,A,A,A,A,A,A,A,D,F,D,E,F,A,A,A,A,A,A,A,A,A,A,E,E,F,E,E,I,E,F,,,,,,,G,E,E,E,E,E,E,E
472,A,B,A,A,C,C,B,D,D,B,D,D,A,D,B,C,,D,D,A,D,D,A,D,C,B,C,A,B,D,,,D,D,D,D,D,D,D,C,B,D,C,,A,A,B,,,,D,,,,B,C,B,B,B,C,C
473,A,A,A,C,D,A,A,D,A,D,D,D,D,A,D,A,D,A,A,D,A,D,D,A,A,C,C,A,E,D,A,D,D,D,D,D,D,D,A,D,A,E,D,D,G,A,A,A,,,,,,,A,D,D,A,A,A,A
474,B,A,A,E,B,D,D,A,D,A,D,D,A,A,C,C,D,D,A,A,C,C,A,A,C,F,D,E,F,D,D,D,D,D,D,D,D,D,D,E,E,F,E,E,I,E,F,,,,,,,G,E,E,E,E,E,E,E
475,B,A,B,E,D,C,C,C,C,A,C,B,A,B,D,C,B,B,C,A,C,B,A,C,C,D,D,E,F,D,D,D,D,D,D,D,D,D,D,E,E,F,B,D,F,A,F,,,,D,,,,E,E,E,E,E,E,E
476,B,A,D,E,A,D,D,A,D,A,D,D,A,D,A,D,D,A,D,A,D,D,A,D,D,F,D,E,F,D,D,D,D,D,D,D,D,D,D,E,E,F,E,E,I,E,F,,,,,,,G,E,E,E,E,E,E,E
477,B,B,C,E,B,C,D,A,D,A,D,D,B,C,C,D,D,A,D,A,A,D,A,B,D,F,D,E,F,D,D,D,D,D,D,D,D,D,D,E,E,F,E,E,I,E,F,,,,,,,G,E,E,E,E,E,E,E
478,B,D,D,E,D,A,D,D,D,B,D,D,D,D,D,D,D,D,B,D,D,D,D,D,D,F,D,E,F,D,D,D,D,D,D,D,D,D,D,E,E,F,E,E,I,E,F,,,,,,,G,E,E,E,E,E,E,E
479,B,A,D,E,D,D,D,D,D,A,D,D,A,D,D,D,A,A,A,A,A,D,A,A,D,F,D,E,F,D,D,D,D,D,D,D,D,D,D,E,E,F,E,E,I,E,F,,,,,,,G,E,E,E,E,E,E,E
480,B,A,B,E,A,D,D,D,D,A,D,D,A,A,D,D,D,D,,A,D,D,A,D,D,F,D,E,F,D,D,D,D,D,D,D,D,D,D,E,E,F,E,E,I,E,F,,,,,,,G,E,E,E,E,E,E,E
481,B,A,D,E,D,B,B,D,B,A,D,D,A,D,A,A,A,A,A,A,A,A,A,A,D,F,D,E,F,D,D,D,D,D,D,D,D,D,D,E,E,F,E,E,I,E,F,,,,,,,G,E,E,E,E,E,E,E
482,B,D,C,E,D,D,D,D,D,D,D,D,D,D,B,A,A,A,A,A,A,A,A,A,D,F,D,E,F,D,D,D,D,D,D,D,D,D,D,E,E,F,E,E,I,E,F,,,,,,,G,E,E,E,E,E,E,E
483,B,A,D,,D,D,D,D,D,D,D,D,D,D,B,B,B,B,B,B,A,B,A,A,C,C,C,A,E,D,D,D,D,D,D,D,D,D,D,D,A,B,D,C,G,B,C,A,,,,,,,C,C,C,C,C,D,C
484,B,D,A,E,A,D,D,A,D,A,D,D,A,A,A,D,D,B,D,A,D,D,A,A,D,F,D,E,F,D,D,D,D,D,D,D,D,D,D,E,E,F,E,E,I,E,F,,,,,,,G,E,E,E,E,E,E,E
485,B,B,A,E,A,D,D,A,D,A,D,D,A,B,A,D,A,A,D,A,D,D,A,A,D,F,D,E,F,D,D,D,D,D,D,D,D,D,D,E,E,F,E,E,I,E,F,,,,,,,G,E,E,E,E,E,E,E
486,B,B,A,E,B,D,D,A,D,B,D,D,B,D,B,D,A,A,D,A,D,C,A,A,D,F,D,E,F,D,D,D,D,D,D,D,D,D,D,E,E,F,E,E,I,E,F,,,,,,,G,E,E,E,E,E,E,E
487,B,C,D,E,A,D,D,D,D,A,D,D,A,C,A,D,D,D,D,A,D,D,A,A,C,F,D,E,F,C,D,D,D,D,D,D,D,D,D,E,E,F,E,E,I,E,F,,,,,,,G,E,E,E,E,E,E,E
488,B,B,B,C,A,B,C,C,C,B,B,C,A,D,A,B,C,C,C,B,B,C,A,D,D,F,D,E,F,A,B,C,C,C,B,B,C,A,D,E,E,F,E,E,I,E,F,,,,,,,G,E,E,E,E,E,E,E
489,B,B,A,E,A,D,D,D,D,A,D,D,D,A,D,D,A,D,A,C,B,B,C,D,D,F,D,E,F,,D,,D,D,D,D,D,D,D,,E,F,,E,I,,F,,,,,,,G,E,E,E,E,E,E,E
490,B,C,A,E,A,B,A,C,D,A,B,C,A,B,A,B,B,A,B,C,D,A,B,A,C,F,D,E,F,D,D,D,D,D,D,D,D,D,D,E,E,F,E,E,I,E,F,,,,,,,G,E,E,E,E,E,E,E
491,B,B,C,E,B,D,D,B,D,A,D,D,A,D,B,C,C,A,D,A,A,A,A,B,D,F,D,E,F,D,D,D,D,D,D,D,D,D,D,E,E,F,E,E,I,E,F,,,,,,,G,E,E,E,E,E,E,E
492,B,B,B,E,B,D,D,D,D,A,D,D,B,B,B,D,C,A,C,A,B,D,A,A,C,F,D,E,F,D,D,D,D,D,D,D,D,D,D,E,E,F,E,E,I,E,F,,,,,,,G,E,E,E,E,E,E,E
493,B,B,C,E,A,D,C,A,D,A,D,D,A,A,B,D,C,B,D,A,B,B,B,B,D,F,D,E,F,D,D,D,D,D,D,D,D,D,D,E,E,F,E,E,I,E,F,,,,,,,G,E,E,E,E,E,E,E
494,B,A,B,E,A,D,D,D,D,A,D,D,A,B,A,C,B,B,B,A,B,B,A,B,D,F,D,E,F,D,D,D,D,D,D,D,D,D,D,E,E,F,E,E,I,E,F,,,,,,,G,E,E,E,E,E,E,E
495,B,A,B,E,A,D,D,C,D,A,D,D,A,B,A,C,B,B,B,A,B,B,A,B,D,F,D,E,F,D,D,D,D,D,D,D,D,D,D,E,E,F,E,E,I,E,F,,,,,,,G,E,E,E,E,E,E,E
496,B,A,D,E,B,C,A,A,C,D,A,C,B,A,A,A,A,A,A,A,A,A,A,A,D,F,D,E,F,D,D,D,D,D,D,D,D,D,D,D,E,F,E,E,I,,F,,,,,,,G,E,E,E,E,E,E,E
497,B,A,A,E,A,D,D,D,D,A,D,D,A,D,A,D,D,D,D,A,D,D,A,D,C,D,C,E,E,D,D,D,D,D,D,D,D,D,D,E,E,F,E,E,I,E,F,,,,,,,G,E,E,E,E,E,E,E
498,B,A,C,E,D,D,D,D,D,D,D,D,D,D,D,D,B,D,D,A,B,D,A,D,D,F,D,E,F,D,D,D,D,D,D,D,D,D,D,E,E,F,E,E,I,E,F,,,,,,,G,E,E,E,E,E,E,E
499,B,A,C,E,A,B,C,D,B,D,B,B,D,C,A,B,C,D,B,D,B,B,D,C,D,F,D,E,F,B,B,B,D,B,D,B,B,D,B,E,E,F,E,E,I,E,F,,,,,,,G,E,E,E,E,E,E,E
500,B,B,D,E,A,C,A,D,C,D,B,B,C,D,A,B,A,D,B,C,C,B,C,A,D,F,D,E,F,D,D,D,D,D,D,D,D,D,D,E,E,F,E,E,I,E,F,,,,,,,G,E,E,E,E,E,E,E
501,B,A,C,E,B,D,D,D,D,A,D,D,A,D,B,B,B,A,B,A,B,B,B,A,D,F,D,E,F,D,D,D,D,D,D,D,D,D,D,E,E,F,E,E,I,E,F,,,,,,,G,E,E,E,E,E,E,E
502,B,B,A,E,C,B,B,D,A,D,B,C,C,C,C,C,B,B,B,B,B,B,,B,D,F,D,E,F,D,D,D,D,D,D,D,D,D,D,E,E,F,E,E,I,E,F,,,,,,,G,E,E,E,E,E,E,E
503,B,A,A,E,D,D,D,B,D,A,D,D,B,C,D,D,D,A,D,A,D,D,A,B,C,F,D,E,F,D,D,D,D,D,D,D,D,D,D,E,E,F,E,E,I,E,F,,,,,,,G,E,E,E,E,E,E,E
504,B,D,A,E,A,A,A,A,A,A,A,A,A,A,A,A,A,A,A,A,A,A,A,A,D,F,D,E,F,D,D,D,D,D,D,D,D,D,D,E,E,F,E,E,I,E,F,,,,,,,G,E,E,E,E,E,E,E
505,A,C,A,A,C,D,D,D,D,C,D,D,C,C,C,D,D,D,D,D,D,D,D,D,D,C,C,A,C,D,D,D,D,D,D,D,D,D,D,D,B,C,B,D,G,B,A,A,,,,,,,B,A,A,A,A,A,B
506,B,B,A,E,D,D,D,D,D,D,D,D,D,D,B,C,C,A,C,A,C,C,A,A,D,F,D,E,F,D,D,D,D,D,D,D,D,D,D,E,E,F,E,E,I,E,F,,,,,,,G,E,E,E,E,E,E,E
507,B,C,D,E,D,D,D,D,D,D,D,D,D,D,B,D,D,A,D,B,B,B,B,C,C,B,C,D,E,D,D,D,D,D,D,D,D,D,D,E,E,F,A,D,G,A,F,A,,,,,,,A,A,A,E,E,E,E
508,B,C,C,E,A,C,D,D,D,A,D,D,A,D,D,C,C,C,D,A,C,D,A,D,D,F,D,E,F,D,D,D,D,D,D,D,D,D,D,E,E,F,E,E,I,E,F,,,,,,,G,E,E,E,E,E,E,E
509,B,A,A,E,C,D,D,B,D,A,D,D,A,C,C,C,C,B,C,A,B,C,A,D,C,F,D,E,F,D,D,D,D,D,D,D,D,D,D,C,B,D,D,C,G,E,F,,B,,,,,,E,E,E,E,E,E,E
510,B,B,C,E,B,C,A,A,C,A,B,A,A,C,D,C,D,D,C,A,D,D,A,D,D,F,D,E,F,D,D,D,D,D,D,D,D,D,D,E,E,F,E,E,I,E,F,,,,,,,G,E,E,E,E,E,E,E
511,B,C,D,E,A,B,A,B,C,A,D,B,A,D,A,B,A,B,C,A,D,B,A,D,D,F,D,E,F,D,D,D,D,D,D,D,D,D,D,E,E,F,E,E,I,E,F,,,,,,,G,E,E,E,E,E,E,E
512,B,C,A,A,D,D,D,D,D,D,D,D,D,D,C,D,D,D,D,D,D,D,D,D,C,C,C,A,E,D,D,D,D,D,D,D,D,D,D,C,B,B,A,C,F,A,A,,,,D,,,,B,C,A,A,A,A,A
513,B,C,B,E,D,C,B,C,B,C,C,B,C,C,D,C,B,C,B,C,C,C,B,C,B,F,D,E,F,D,D,D,D,D,D,D,D,D,D,E,E,F,E,E,I,E,F,,,,,,,G,E,E,E,E,E,E,E
514,A,C,C,A,B,B,B,A,B,B,D,A,D,C,B,A,C,A,A,C,D,A,B,B,B,B,A,A,C,D,A,A,D,A,D,C,D,D,D,B,A,B,B,B,F,A,A,,,,D,,,,B,C,A,A,A,C,B
515,B,A,D,E,D,D,D,D,D,B,D,D,B,D,D,D,C,C,B,A,B,D,A,D,C,F,D,E,F,D,D,D,D,D,D,D,D,D,D,E,E,F,E,E,I,E,F,,,,,,,G,E,E,E,E,E,E,E
516,B,C,B,E,C,B,A,A,B,A,C,B,A,B,B,B,B,A,C,A,B,C,A,B,C,F,D,E,F,B,B,B,A,C,A,C,C,A,B,E,E,F,E,E,I,E,F,,,,,,,G,E,E,E,E,E,E,E
517,A,A,C,C,B,A,B,A,A,A,B,C,A,B,A,D,C,A,A,C,A,A,C,D,B,B,B,B,A,A,C,B,A,C,C,C,D,A,B,A,B,A,A,A,D,B,E,A,,,,,,,D,D,D,D,A,D,A
518,B,B,B,E,B,C,C,B,C,A,C,C,A,B,B,C,C,A,C,A,C,C,A,C,D,F,D,E,F,D,D,D,D,D,D,D,D,D,D,E,E,F,E,E,I,E,F,,,,,,,G,E,E,E,E,E,E,E
519,B,A,D,E,B,D,D,A,D,A,D,D,B,C,B,D,C,A,C,A,D,C,A,B,D,F,D,E,F,D,C,B,A,B,C,D,C,D,D,E,E,F,E,E,I,E,F,,,,,,,G,E,E,E,E,E,E,E
520,B,A,A,E,A,D,C,A,D,A,C,C,A,A,B,B,B,A,B,A,B,B,A,B,D,F,D,E,F,D,D,D,D,D,D,D,D,D,D,E,E,F,E,E,I,E,F,,,,,,,G,E,E,E,E,E,E,E
521,B,B,A,E,D,D,C,D,D,C,C,D,C,D,D,D,C,D,D,C,,,C,D,D,F,D,E,F,D,D,D,D,D,D,D,D,D,D,E,E,F,E,B,I,E,F,,,,,,,G,E,E,E,E,E,E,E
522,B,B,C,E,B,D,D,A,D,A,D,D,A,D,B,B,B,B,B,B,B,B,B,B,C,B,D,E,F,D,D,D,D,D,D,D,D,D,D,E,E,F,E,E,I,E,F,,,,,,,G,E,E,E,E,E,E,E
523,B,D,B,E,D,D,D,D,D,A,C,C,A,B,C,B,B,B,B,B,B,B,B,B,C,F,D,E,F,D,D,D,D,D,D,D,D,D,D,E,E,F,E,E,I,A,F,,,,,,,G,E,E,E,E,E,E,E
524,A,C,B,C,D,B,C,A,C,A,C,B,A,C,D,C,C,C,C,A,C,C,A,B,B,C,C,A,C,D,B,B,C,D,D,D,C,D,D,B,B,A,B,C,H,D,E,A,,,,,,,D,D,A,C,C,D,B
525,B,B,A,E,D,C,B,B,C,A,C,B,C,B,C,D,C,B,D,C,D,B,C,D,D,F,D,E,F,D,D,D,D,D,D,D,D,D,D,E,E,F,E,E,I,E,F,,,,,,,G,E,E,E,E,E,E,E
526,B,C,A,E,B,D,D,A,D,A,D,D,A,D,C,C,C,C,C,A,C,C,A,D,D,F,D,E,F,D,D,D,D,D,D,D,D,D,D,E,E,F,E,E,I,E,F,,,,,,,G,E,E,E,E,E,E,E
527,A,B,B,A,B,C,A,B,A,B,A,B,A,B,C,C,C,C,A,B,A,C,A,C,B,C,A,B,A,A,D,A,A,A,D,A,D,C,B,B,A,D,B,B,B,B,B,,B,C,D,,,,C,C,C,B,B,B,B
528,A,B,A,A,B,A,B,D,B,A,C,A,A,C,A,B,A,D,C,A,C,B,A,D,B,C,B,B,B,B,B,A,A,B,C,A,B,B,A,C,B,B,A,A,A,B,B,,,,D,,,,A,B,B,A,B,B,B
529,B,A,D,E,B,C,C,A,D,A,D,C,A,A,B,C,A,A,A,A,A,C,A,A,D,F,D,E,F,D,D,D,D,D,D,D,D,D,D,E,E,F,E,E,I,E,F,,,,,,,G,E,E,E,E,E,E,E
530,B,C,C,E,B,C,C,A,C,A,C,D,A,B,C,D,D,D,D,A,D,D,A,D,D,F,D,E,F,D,D,D,D,D,D,D,D,D,D,E,E,F,E,E,I,E,F,,,,,,,G,E,E,E,E,E,E,E
531,B,A,B,E,B,C,D,D,D,A,D,D,A,C,B,D,C,B,D,A,B,D,A,C,D,F,D,E,F,D,D,D,D,D,D,D,D,D,D,E,E,F,E,E,I,E,F,,,,,,,G,E,E,E,E,E,E,E
532,A,C,A,C,C,A,B,B,C,B,C,B,B,B,C,C,C,C,C,A,C,C,A,C,B,B,B,B,C,C,B,C,C,C,D,C,B,D,C,B,D,A,A,B,D,C,E,A,,,,,,,D,D,C,D,A,C,D
538,B,A,D,E,B,B,C,A,B,A,C,B,A,A,C,A,B,B,B,A,B,C,A,C,D,F,D,E,F,D,D,D,D,D,D,D,D,D,D,E,E,F,E,E,I,E,F,,,,,,,G,E,E,E,E,E,E,E
539,B,A,A,E,A,C,D,A,C,A,C,D,A,A,B,B,B,A,B,A,A,B,A,A,D,F,D,E,F,D,D,D,D,D,D,D,D,D,D,E,E,F,E,E,I,E,F,,,,,,,G,E,E,E,E,E,E,E
540,B,B,D,E,B,B,D,C,C,A,C,B,A,A,B,C,C,D,C,A,D,C,A,A,C,F,D,E,F,D,D,D,D,D,A,D,C,A,A,E,E,F,E,,I,E,F,,,,,,,G,E,E,E,E,E,E,E
541,A,D,A,C,C,B,C,C,B,B,C,C,B,D,C,B,C,C,B,B,C,C,B,D,C,B,B,B,D,D,C,C,D,C,B,C,C,C,D,B,D,E,D,B,D,C,E,,,C,,,,,C,B,A,D,C,B,B
542,B,B,C,E,B,D,C,A,D,D,D,A,B,D,D,D,D,C,D,D,D,C,A,D,D,F,D,E,F,D,D,D,D,D,D,D,D,D,D,E,E,F,E,E,I,E,F,,,,,,,G,E,E,E,E,E,E,E
543,B,A,B,E,B,D,D,A,D,A,D,D,A,B,B,D,D,D,D,D,D,D,D,D,D,F,D,E,F,D,D,D,D,D,D,D,D,D,D,E,E,F,E,E,I,E,F,,,,,,,G,E,E,E,E,E,E,E
544,A,B,B,C,A,C,B,C,B,C,A,B,C,D,B,C,D,C,B,C,B,C,B,C,A,D,C,A,E,A,C,B,C,B,C,D,C,A,B,B,A,B,A,B,G,B,A,,B,,,,,,C,D,A,A,A,B,A
545,B,A,D,E,A,D,D,D,D,A,D,D,A,A,A,D,D,D,D,A,D,D,A,A,D,F,D,E,F,D,D,D,D,D,D,D,D,D,D,E,E,F,E,E,I,E,F,,,,,,,G,E,E,E,E,E,E,E
546,B,A,D,E,A,B,C,A,D,A,D,D,A,A,A,B,C,A,D,A,D,D,A,A,D,F,D,E,F,A,B,C,A,D,A,D,D,A,A,E,E,F,E,E,I,E,F,,,,,,,G,E,E,E,E,E,E,E
547,B,D,A,E,A,D,D,A,D,A,C,C,A,A,A,D,D,A,C,A,D,C,A,A,D,F,D,E,F,D,D,D,D,D,D,D,D,D,D,E,E,F,E,E,I,E,F,,,,,,,G,E,E,E,E,E,E,E
548,B,A,A,E,B,C,B,A,D,A,D,B,A,B,A,D,D,A,D,A,C,C,A,B,D,F,D,E,F,D,D,D,D,D,D,D,D,D,D,E,E,F,E,E,I,E,F,,,,,,,G,E,E,E,E,E,E,E
549,B,A,A,E,B,B,C,A,C,A,C,C,A,C,B,D,D,B,D,A,D,D,A,D,D,F,D,E,F,D,D,D,D,D,D,D,D,D,D,E,E,F,E,E,I,E,F,,,,,,,G,E,E,E,E,E,E,E
550,B,C,C,E,A,A,A,B,A,D,C,B,A,A,A,D,C,B,B,D,C,D,D,D,D,F,D,E,F,D,D,D,D,D,C,D,D,D,D,E,E,F,E,E,I,E,F,,,,,,,G,E,E,E,E,E,E,E
551,B,D,C,E,A,D,C,A,C,A,D,C,A,A,A,D,C,D,D,A,D,D,A,A,D,F,D,E,F,D,D,D,D,D,D,D,D,D,D,E,E,F,E,E,I,E,F,,,,,,,G,E,E,E,E,E,E,E
552,A,D,B,C,B,C,C,C,B,C,B,D,B,C,B,C,D,D,C,B,C,D,C,D,C,B,C,A,E,D,D,D,D,D,D,D,D,D,D,C,A,E,D,C,E,A,B,A,,,,,,,B,B,A,B,B,A,B
553,A,B,D,C,B,B,A,C,C,D,B,B,D,C,B,B,A,D,A,A,A,A,A,C,C,B,A,B,C,D,A,A,D,B,D,B,A,D,C,B,B,D,D,B,A,B,B,,,,D,,,,A,B,B,B,A,B,B
554,B,D,C,A,D,D,D,D,C,B,C,D,A,A,D,C,C,A,C,A,B,D,A,C,A,B,C,A,E,D,C,C,D,D,D,B,D,D,C,C,B,C,B,C,D,B,B,,,,D,,,,D,D,D,D,D,D,C
555,B,A,C,A,A,B,A,D,C,D,B,D,D,C,D,D,A,D,A,C,D,D,A,A,B,B,D,E,F,D,D,D,D,D,D,D,D,D,D,E,A,B,A,C,E,B,A,,,,D,,,,D,D,A,E,E,E,E
556,B,A,C,E,A,D,A,D,D,A,D,D,A,D,A,D,D,D,D,A,D,D,A,D,D,F,D,E,F,D,D,D,D,D,D,D,D,D,A,E,E,F,E,E,I,E,F,,,,,,,G,E,E,E,E,E,E,E
557,A,C,B,C,C,B,B,C,B,A,C,C,A,B,B,A,B,A,B,A,B,B,A,B,B,C,C,A,B,C,C,C,C,C,C,C,C,C,B,A,B,B,B,B,E,A,B,,,,D,,,,B,C,A,B,B,A,C
558,B,A,D,E,D,A,B,D,B,D,B,D,D,B,A,A,A,A,A,A,A,A,A,A,D,F,D,E,F,D,D,D,D,D,D,D,D,D,D,E,E,F,E,E,I,E,F,,,,,,,G,E,E,E,E,E,E,E
563,B,C,A,E,A,B,B,B,C,A,C,C,A,C,B,D,D,C,C,A,D,C,A,C,D,F,D,E,F,D,D,D,D,D,D,D,D,D,D,E,E,F,E,E,I,E,F,,,,,,,G,E,E,E,E,E,E,E
564,B,A,A,E,B,D,B,A,B,A,C,C,A,A,B,D,D,B,D,A,C,C,A,A,D,F,D,E,F,D,D,D,D,D,D,D,D,D,D,E,E,F,E,E,I,E,F,,,,,,,G,E,E,E,E,E,E,E
565,B,A,A,E,D,D,D,D,D,D,D,D,D,D,A,B,B,B,B,A,A,A,A,A,D,F,D,E,F,D,D,D,D,D,D,D,D,D,D,E,E,F,E,E,I,E,F,,,,,,,G,E,E,E,E,E,E,E
566,B,A,D,E,A,B,C,B,B,A,C,B,A,B,C,B,C,D,B,A,B,A,A,A,C,F,D,E,F,A,B,C,B,C,A,D,B,B,A,E,E,F,E,E,I,E,F,,,,,,,G,E,E,E,E,E,E,E
567,A,A,A,C,A,D,D,D,D,A,D,D,A,D,A,D,D,D,D,A,D,D,A,D,C,C,C,E,E,D,C,D,D,D,D,D,D,D,D,D,E,F,D,D,G,E,F,,,,,,,G,E,E,E,E,E,E,E
568,B,C,D,C,B,C,D,B,C,A,D,D,A,B,A,C,C,C,C,A,C,C,A,A,C,B,C,D,E,D,D,D,D,D,D,D,D,C,B,B,B,E,C,B,D,A,A,,,,D,,,,B,D,A,C,D,C,B
569,B,A,A,E,B,B,B,B,C,A,C,B,A,A,B,D,C,A,A,A,C,D,A,A,D,F,D,E,F,D,D,D,D,D,D,D,D,D,D,E,E,F,E,E,I,E,F,,,,,,,G,E,E,E,E,E,E,E
570,A,C,A,B,D,A,A,C,A,D,D,C,D,D,A,A,A,C,A,D,D,C,D,D,C,B,C,A,E,A,A,A,C,A,D,D,C,D,D,C,A,E,C,C,B,A,A,,,,D,,,,A,A,A,A,A,A,A
571,B,B,D,E,A,D,D,A,D,A,D,D,A,B,B,D,D,D,D,A,A,D,A,C,D,F,D,E,F,D,D,D,D,D,D,D,D,D,D,E,E,F,E,E,I,E,F,,,,,,,G,E,E,E,E,E,E,E
572,A,B,D,C,C,B,A,A,B,B,C,D,A,B,D,C,B,B,D,A,B,C,B,C,B,B,A,B,A,D,D,D,D,D,D,D,D,D,D,C,B,C,B,B,B,A,C,A,,,,,,,C,D,B,D,B,D,B
573,B,B,D,E,C,C,C,D,C,B,C,D,C,A,C,C,D,B,C,C,C,C,C,C,C,F,D,E,F,D,D,D,D,D,D,D,D,D,D,E,E,F,E,E,I,E,F,,,,,,,G,E,E,E,E,E,E,E
574,A,A,C,A,D,B,D,D,C,D,B,D,C,D,A,B,C,A,B,A,B,B,A,A,C,B,C,A,E,D,B,C,D,C,D,B,D,D,D,C,C,B,B,C,G,A,C,,,,D,,,,A,B,B,B,B,B,B
575,B,B,A,E,D,D,D,D,D,D,D,D,D,D,C,A,B,D,C,D,D,D,A,D,C,F,D,E,F,B,B,D,D,D,D,D,D,D,D,E,E,F,E,E,I,E,F,,,,,,,G,E,E,E,E,E,E,E
576,B,C,B,E,C,D,D,A,D,B,C,C,B,C,B,B,C,A,D,A,C,D,A,B,D,F,D,E,F,D,D,D,D,D,D,D,D,D,D,E,E,F,E,E,I,E,F,,,,,,,G,E,E,E,E,E,E,E
577,A,C,A,C,D,D,D,C,C,B,D,D,B,A,D,D,D,D,D,D,D,D,D,D,C,A,C,A,E,D,D,D,D,D,D,D,D,D,D,C,D,C,C,C,G,B,C,A,,,,,,,C,A,A,A,A,C,A
578,B,A,A,E,D,D,D,D,D,D,D,D,D,D,B,D,D,D,D,D,D,D,C,C,C,F,D,E,F,A,D,D,D,D,D,D,D,D,A,E,E,F,E,E,I,E,F,,,,,,,G,E,E,E,E,E,E,E
579,B,A,A,E,D,D,A,D,D,D,D,D,D,D,D,C,C,B,C,C,C,B,A,B,D,F,D,E,F,D,C,C,C,C,C,C,C,C,C,E,E,F,E,E,I,E,F,,,,,,,G,E,E,E,E,E,E,E
580,A,B,D,C,B,A,C,C,A,B,A,C,B,B,A,A,B,C,A,B,B,C,B,B,C,B,C,A,E,D,D,D,D,D,D,D,D,D,D,C,C,E,A,C,F,B,B,,,,D,,F,,B,C,B,A,B,B,B
581,A,C,D,C,A,D,D,C,D,C,D,D,C,A,A,D,D,D,D,C,D,C,C,A,B,B,B,A,C,D,D,D,D,D,D,D,D,D,D,C,B,A,A,B,A,B,A,A,,,,,,,A,A,A,A,A,B,A
582,B,C,D,E,A,D,A,A,D,A,C,D,A,C,B,A,C,B,C,A,C,B,C,D,D,F,D,E,F,C,B,D,C,B,C,D,B,C,D,E,E,F,E,E,I,E,F,,,,,,,G,E,E,E,E,E,E,E
583,B,C,D,E,B,C,B,A,D,A,C,D,A,C,B,A,C,B,C,A,C,B,C,A,D,F,D,E,F,C,B,D,C,B,C,D,B,C,D,E,E,F,E,E,I,E,F,,,,,,,G,E,E,E,E,E,E,E
584,B,D,B,E,A,C,A,C,D,A,C,D,A,A,B,D,C,A,A,A,A,D,A,A,C,B,B,A,E,D,D,D,D,D,D,D,D,D,D,C,A,E,A,D,F,A,A,,,,D,,,,A,A,A,A,A,A,A
585,B,C,D,E,B,C,B,B,C,A,C,C,A,C,A,C,C,A,B,A,B,B,A,B,C,F,D,E,F,D,D,D,D,D,D,D,D,D,D,E,E,F,E,E,I,E,F,,,,,,,G,E,E,E,E,E,E,E
586,B,D,B,E,D,D,D,D,D,D,D,D,D,D,D,D,D,D,D,D,D,D,D,D,D,F,D,E,F,D,D,D,D,D,D,D,D,D,D,E,E,F,E,E,I,E,F,,,,,,,G,E,E,E,E,E,E,E
588,B,C,B,E,B,C,D,D,D,A,D,D,A,B,C,D,D,D,D,A,D,D,A,B,D,F,D,E,F,D,D,D,D,D,D,D,D,D,D,E,E,F,E,E,I,E,F,,,,,,,G,E,E,E,E,E,E,E
589,B,B,B,E,A,D,D,A,D,A,D,D,A,B,A,D,D,B,C,A,D,D,A,C,D,F,D,E,F,D,D,D,D,D,D,D,D,D,D,E,E,F,E,E,I,E,F,,,,,,,G,E,E,E,E,E,E,E
590,B,A,D,E,C,C,D,D,D,A,D,D,A,C,D,D,D,D,D,D,D,D,D,D,C,F,D,E,F,D,D,D,D,D,D,D,D,D,D,E,E,F,E,E,I,E,F,,,,,,,G,E,E,E,E,E,E,E
591,B,A,A,E,B,D,D,B,D,A,D,D,B,C,B,C,D,B,C,B,B,B,A,B,D,F,D,E,F,D,D,D,D,D,D,D,D,B,D,E,E,F,E,E,I,E,F,,,,,,,G,E,E,E,E,E,E,E
592,A,B,B,C,B,C,C,A,C,A,C,A,A,A,A,B,A,A,A,B,A,C,B,A,B,A,C,A,E,D,C,B,B,C,D,C,D,D,A,C,B,C,D,C,F,C,B,,,,,,,,D,B,B,C,A,B,B
593,B,D,A,E,D,D,D,D,D,A,D,D,B,D,B,B,B,B,B,A,B,C,A,C,D,F,D,E,F,D,D,D,D,D,D,D,D,D,D,E,E,F,E,E,I,E,F,,,,,,,G,E,E,E,E,E,E,E
594,B,A,D,E,D,D,D,D,D,D,D,D,D,D,B,C,D,D,D,C,D,D,C,D,D,F,D,E,F,D,D,D,D,D,D,D,D,D,D,E,E,F,E,E,I,E,F,,,,,,,G,E,E,E,E,E,E,E
595,B,B,A,E,D,D,D,D,D,D,D,D,D,D,C,D,C,A,D,A,D,D,A,C,D,F,D,E,F,D,D,D,D,D,D,D,D,D,D,E,E,E,E,E,I,E,F,,,,,,,G,E,E,E,E,E,E,E
597,A,B,A,C,C,C,B,C,D,B,C,B,B,B,B,C,C,D,D,B,D,C,B,C,B,C,C,A,E,C,D,B,D,D,B,D,C,B,D,C,B,A,A,C,F,B,C,A,,,,,,,B,B,B,B,C,B,B
598,B,B,C,E,D,D,D,D,D,D,D,D,D,D,C,D,D,D,D,A,D,D,A,D,D,F,D,E,F,D,D,D,D,D,D,D,D,D,D,E,E,F,E,E,I,E,F,,,,,,,G,E,E,E,E,E,E,E
599,B,A,A,E,D,D,D,D,D,D,D,D,D,D,C,D,C,D,D,A,B,C,B,C,C,F,D,E,F,D,D,D,D,D,D,D,D,D,D,E,E,F,E,E,I,E,F,,,,,,,G,E,E,E,E,E,E,E
600,B,B,C,E,D,D,D,D,D,D,D,D,D,D,B,D,D,D,D,D,D,D,D,D,C,F,D,E,F,D,D,D,D,D,D,D,D,D,D,E,E,F,E,E,I,E,F,,,,,,,G,E,E,E,E,E,E,E
601,B,A,D,E,D,D,D,D,D,D,D,D,D,D,A,C,D,A,D,A,D,D,A,D,C,F,D,E,F,D,D,D,D,D,D,D,D,D,D,E,E,F,E,,I,E,F,,,,,,,G,E,E,E,E,E,E,E
602,B,B,A,E,B,D,C,B,D,A,D,C,A,D,A,A,A,B,A,D,B,A,A,B,D,F,D,E,F,D,D,D,D,D,D,D,D,D,D,E,E,F,E,E,I,E,F,,,,,,,G,E,E,E,E,E,E,E
603,B,B,A,E,B,D,D,D,D,A,D,D,A,D,B,D,D,D,D,A,D,D,A,D,D,F,D,E,F,D,D,D,D,D,D,D,D,D,D,E,E,F,E,E,I,E,F,,,,,,,G,E,E,E,E,E,E,E
604,B,B,D,E,D,D,D,D,D,D,D,D,D,D,D,D,D,D,D,D,D,D,D,D,D,F,D,E,F,D,D,D,D,D,D,D,D,D,D,E,E,F,E,E,I,E,F,,,,,,,G,E,E,E,E,E,E,E
605,B,A,,E,A,C,C,D,D,A,D,D,A,B,A,A,D,D,D,A,A,D,A,D,D,F,D,E,F,D,D,D,D,D,D,D,D,D,D,E,E,F,E,E,I,E,F,,,,,,,G,E,E,E,E,E,E,E
606,B,A,B,E,C,D,C,A,D,A,D,C,A,A,C,B,B,A,B,A,A,D,D,C,D,F,D,E,F,D,D,D,D,D,D,D,D,D,D,E,E,F,E,E,I,E,F,,,,,,,G,E,E,E,E,E,E,E
607,B,B,C,E,B,C,D,A,C,A,D,C,A,A,B,D,D,A,D,A,D,D,D,B,D,F,D,E,F,D,D,D,D,D,D,D,D,D,D,E,E,F,E,E,I,E,F,,,,,,,G,E,E,E,E,E,E,E
613,B,B,C,E,C,B,C,A,B,A,C,C,A,A,C,A,B,D,A,D,B,B,D,C,D,F,D,E,F,D,D,D,D,D,D,D,D,D,D,E,E,F,E,E,I,E,F,,,,,,,G,E,E,E,E,E,E,E
614,B,A,C,E,C,D,D,B,C,A,C,A,A,C,B,A,C,D,B,A,A,A,A,C,C,F,D,E,F,D,B,C,D,D,D,D,D,D,D,E,E,F,E,E,I,E,F,,,,,,,G,E,E,E,E,E,E,E
615,A,A,C,A,B,B,B,D,B,B,B,B,B,C,A,B,C,D,C,A,C,C,A,C,C,B,A,A,B,D,C,D,D,C,D,C,D,D,D,C,B,C,B,B,E,B,B,,,,,E,,,A,B,A,B,C,B,B
616,B,C,A,E,C,B,A,A,C,A,C,B,A,A,A,C,D,A,C,A,C,B,A,A,D,F,D,E,F,A,B,B,A,C,A,B,B,A,B,E,E,F,E,E,I,E,F,,,,,,,G,E,E,E,E,E,E,E
617,A,C,B,A,C,C,A,A,A,A,D,C,A,A,C,B,B,B,B,A,B,C,A,C,B,B,B,C,A,D,A,A,A,A,D,D,C,D,A,C,A,E,B,A,C,A,B,,,C,,,,,C,D,C,B,C,C,D
618,B,C,C,E,B,B,B,C,C,A,B,B,A,B,C,B,B,B,C,D,B,C,A,C,D,C,C,E,D,D,D,D,D,D,D,D,D,D,D,E,E,F,C,A,C,A,B,A,,,,,,,E,E,E,E,E,E,E
619,A,D,B,B,D,A,A,D,D,A,D,D,A,D,C,D,D,A,A,A,C,C,A,D,C,C,C,A,E,D,B,C,A,D,B,C,A,D,B,C,D,B,C,E,C,E,A,,,,,E,,,D,B,C,D,B,D,C
620,B,B,B,E,A,C,B,D,A,C,A,A,C,C,A,B,B,A,B,A,B,B,B,B,C,F,B,E,E,A,D,B,D,D,D,C,D,D,D,D,D,A,C,A,H,E,F,A,,,,,,,E,E,E,E,E,E,E
621,B,A,A,E,A,C,B,A,B,A,B,B,A,B,C,C,C,B,C,D,C,D,D,D,D,F,D,E,F,D,D,D,D,D,D,D,D,D,D,E,E,F,E,E,I,E,F,,,,,,,G,E,E,E,E,E,E,E
622,A,B,C,B,B,B,C,A,B,B,A,B,C,B,B,C,B,C,B,C,B,A,A,A,A,B,D,B,C,B,C,B,C,B,C,C,C,B,C,B,C,B,C,C,C,D,E,,,C,,,,,D,B,C,B,D,C,B
623,A,C,B,C,A,C,B,D,C,A,D,B,A,D,B,C,B,D,C,A,D,B,A,D,B,B,B,C,B,B,C,A,D,C,D,D,A,D,D,B,A,D,C,B,B,A,A,A,,,,,,,B,D,B,A,B,B,C
624,A,C,C,C,B,B,C,C,B,B,C,D,B,C,C,C,B,C,B,A,B,C,A,B,C,C,B,B,B,C,B,B,C,C,D,C,D,D,C,C,B,B,D,B,C,C,B,A,,,,,,,C,C,A,B,B,C,B
625,B,D,C,E,B,C,C,A,C,B,B,C,A,A,B,D,C,C,C,A,C,C,A,C,C,F,D,E,F,D,D,D,D,D,D,D,D,D,D,E,E,F,E,E,I,E,F,,,,,,,G,E,E,E,E,E,E,E
626,B,A,C,E,B,C,D,C,B,A,C,B,A,A,B,C,D,C,B,A,C,B,A,C,D,F,D,E,F,D,D,D,D,D,D,D,D,D,D,E,E,F,E,E,I,E,F,,,,,,,G,E,E,E,E,E,E,E
627,A,C,A,C,A,C,A,A,A,A,C,B,A,C,B,B,B,A,B,A,B,B,A,D,B,C,A,A,A,C,B,B,A,B,D,C,B,B,C,C,B,E,B,B,E,A,A,,,,D,,,,C,A,B,B,B,B,A
628,B,B,B,C,D,B,C,C,C,A,C,C,A,B,D,B,C,C,C,A,C,C,A,B,C,C,B,A,E,D,B,B,D,B,D,B,B,D,D,D,E,F,E,E,I,E,F,,,,,,,G,E,E,E,E,E,E,E
629,B,D,A,E,C,C,D,A,D,A,C,B,A,B,C,B,B,C,C,B,C,D,C,C,D,F,D,E,F,D,D,D,D,D,D,D,D,D,D,E,E,F,E,E,I,E,F,,,,,,,G,E,E,E,E,E,E,E
630,A,C,B,A,B,B,D,D,B,A,D,B,A,A,B,B,D,D,B,A,D,B,A,A,A,A,C,A,B,B,B,D,D,B,A,D,B,A,A,B,B,D,B,B,C,A,B,A,,,,,,,B,C,A,A,A,A,B
631,A,B,A,C,A,C,D,D,D,A,D,D,A,B,B,D,D,D,A,D,D,D,A,D,B,C,C,A,E,C,D,D,D,D,A,D,D,A,D,C,C,B,C,B,E,B,B,A,,,,,,,C,B,B,A,D,C,C
632,B,C,B,E,A,B,C,A,C,A,B,C,C,D,A,C,C,C,A,D,B,C,A,C,D,F,D,E,F,D,D,D,B,C,B,D,C,D,D,E,E,F,E,E,I,E,F,,,,,,,G,E,E,E,E,E,E,E
633,A,C,A,C,C,B,D,D,A,B,B,A,A,A,D,C,D,D,D,A,C,C,A,C,C,C,B,A,E,D,D,D,D,D,C,D,D,A,B,E,E,D,D,E,G,E,D,,,,D,,,,C,A,E,E,A,A,B
634,B,B,A,E,B,C,C,A,C,A,D,D,A,D,D,D,D,A,D,A,D,D,A,D,D,F,D,E,F,D,D,D,D,D,D,D,D,D,D,E,E,F,E,E,I,E,F,,,,,,,G,E,E,E,E,E,E,E
635,B,A,A,E,B,A,D,A,D,A,D,D,A,B,A,D,D,D,D,A,D,A,A,A,D,F,D,E,F,D,D,D,D,D,D,D,D,D,D,E,E,F,E,E,I,E,F,,,,,,,G,E,E,E,E,E,E,E
638,B,B,B,E,C,D,D,D,D,D,D,D,D,D,D,D,D,D,D,A,D,D,A,D,D,F,D,E,F,D,D,D,D,D,D,D,D,D,D,E,E,F,E,E,E,E,F,,,,,,,G,E,E,E,E,E,E,E
641,A,C,A,C,D,D,D,B,D,A,D,D,B,A,C,D,D,B,D,A,D,D,A,C,B,B,A,B,C,D,D,C,B,D,D,D,D,D,B,C,A,C,D,C,G,B,B,,,,D,,,,C,D,B,C,A,D,C
642,A,B,C,C,B,D,C,D,C,A,C,D,A,B,C,B,D,C,D,A,D,D,A,C,C,C,C,A,C,C,D,D,C,D,A,D,D,A,C,B,C,C,C,B,F,B,D,,,,D,,,,B,C,A,B,C,D,B
643,A,C,B,C,C,B,D,B,B,C,C,C,B,B,C,D,D,B,D,A,D,D,A,B,B,B,C,B,C,D,B,D,B,C,D,D,D,D,B,C,C,A,A,C,E,B,E,,,,,,F,,D,D,D,D,B,C,C
644,B,B,D,E,C,C,D,D,D,A,D,D,A,D,B,D,D,A,C,A,C,D,A,A,C,F,D,E,F,D,D,D,D,D,D,D,D,D,D,E,E,F,E,E,I,E,F,,,,,,,G,E,E,E,E,E,E,E
645,A,B,C,,C,D,D,B,D,C,D,D,C,C,C,D,D,C,D,B,C,D,B,C,C,B,C,,E,D,D,D,,C,D,D,D,D,C,C,D,A,D,C,G,B,C,A,,,,,,,C,C,B,B,B,C,B
646,A,B,D,C,A,C,D,D,D,A,D,D,A,B,A,D,D,A,D,A,C,D,A,A,C,C,C,A,E,D,D,D,D,D,D,D,D,C,D,C,C,E,D,C,D,A,B,,,,D,,,,A,A,A,C,B,D,C
647,B,B,C,E,,,,,,,,,,,B,C,B,D,C,A,B,A,B,C,D,F,D,E,F,D,B,C,D,D,D,B,B,D,D,E,E,F,E,,I,E,F,,,,,,,G,E,E,E,E,E,E,E
648,A,B,A,C,C,C,D,C,C,B,C,B,B,A,C,C,C,C,C,B,B,D,C,A,B,B,B,B,C,D,D,D,D,D,D,D,D,D,A,C,D,A,,,D,C,,,,,,,F,,B,D,D,D,D,D,D
655,A,B,B,C,A,B,B,C,C,A,C,B,A,B,B,C,C,A,D,A,C,C,A,C,C,B,B,B,A,D,C,C,C,D,D,C,B,C,C,C,B,A,A,C,H,B,E,A,,,,,,,D,C,C,A,B,C,C
658,B,B,C,E,C,D,D,B,B,A,C,C,A,D,D,D,D,D,D,D,D,D,D,D,D,F,D,E,F,D,D,D,D,D,D,D,D,D,D,E,E,F,E,E,I,E,F,,,,,,,G,E,E,E,E,E,E,E
660,A,C,A,A,D,D,A,A,D,D,D,A,D,B,D,C,D,C,D,A,D,A,A,A,A,B,B,B,A,D,D,D,C,D,D,C,C,C,D,A,C,A,,,,C,,A,,,,,,,D,D,B,C,B,D,B
663,B,A,B,E,A,B,A,A,D,A,A,B,A,A,A,C,A,A,B,A,C,A,A,A,D,F,D,E,F,A,A,B,A,C,A,A,B,A,A,E,E,F,E,E,I,E,F,,,,,,,G,E,E,E,E,E,E,E
664,B,D,D,E,C,D,A,D,D,B,B,D,C,D,C,D,A,D,D,B,B,D,C,D,C,F,D,E,F,D,D,D,D,D,D,D,C,D,D,E,E,F,E,E,I,E,F,,,,,,,G,E,E,E,E,E,E,E
665,A,D,A,A,C,A,B,C,A,B,B,A,B,A,C,B,B,B,B,A,B,C,A,C,B,B,B,B,B,C,B,B,B,C,D,B,C,C,B,D,C,A,B,C,H,C,C,A,,,,,,,C,D,D,D,B,C,D
666,A,C,D,A,B,C,A,B,B,C,B,C,B,D,A,C,B,A,D,D,A,A,B,D,B,B,B,B,B,A,B,B,A,C,A,B,A,D,D,C,C,A,B,B,A,C,D,,,C,,,F,,C,B,C,B,C,C,B
667,B,A,D,E,B,C,D,D,D,A,D,D,A,C,C,D,D,D,D,A,D,D,A,C,D,F,D,E,F,D,D,D,D,D,D,D,D,D,D,E,E,F,E,E,I,E,F,,,,,,,G,E,E,E,E,E,E,E
668,A,A,A,C,C,D,C,D,D,B,D,C,C,D,C,D,C,D,C,C,D,C,C,D,C,B,C,A,D,C,D,C,C,C,D,D,C,D,D,D,D,B,D,C,E,C,D,,,C,,,,,C,D,D,C,D,C,C
669,B,A,D,E,A,D,D,A,D,A,D,D,A,A,A,A,B,A,A,A,A,A,A,B,D,F,D,E,F,D,D,D,D,D,D,D,D,D,D,E,E,F,E,E,I,E,F,,,,,,,G,E,E,E,E,E,E,E
670,B,A,A,E,C,B,B,D,B,D,A,A,D,B,C,B,A,D,A,A,A,B,A,,*,F,D,E,F,D,D,D,D,D,D,D,D,D,D,E,E,F,E,E,I,E,F,,,,,,,G,E,E,E,E,E,E,E
671,B,A,C,E,A,D,D,D,D,A,D,D,A,D,A,D,A,D,A,A,A,A,A,D,D,F,D,E,F,D,A,A,D,A,D,A,A,D,D,E,E,F,E,E,I,E,F,,,,,,,G,E,E,E,E,E,E,E
672,B,C,B,E,B,C,D,A,B,A,D,C,A,D,A,D,D,D,D,A,D,D,A,D,D,F,D,E,F,A,D,D,D,D,A,D,D,A,D,E,E,F,E,E,I,E,F,,,,,,,G,E,E,E,E,E,E,E
673,B,A,C,E,B,C,B,D,C,A,C,C,B,C,B,A,A,B,B,A,B,B,A,B,D,F,D,E,F,D,D,D,D,D,D,D,D,D,D,E,E,F,E,E,I,E,F,,,,,,,G,E,E,E,E,E,E,E
674,B,A,A,E,C,D,C,C,D,D,D,D,C,A,C,B,C,C,C,B,C,C,B,A,C,B,C,A,E,D,D,D,D,D,D,D,D,D,A,D,C,E,A,D,F,B,B,A,,,,,,,B,B,B,B,B,B,B
675,B,C,D,E,A,C,D,A,D,A,D,D,A,A,A,D,D,A,D,A,D,D,A,A,B,F,D,E,E,D,D,D,D,D,D,D,D,D,D,E,E,F,E,E,I,E,F,,,,,,,G,E,E,E,E,E,E,E
676,B,B,A,E,A,D,D,A,D,A,D,A,A,A,B,A,A,A,D,A,D,D,A,A,D,F,D,E,F,A,C,A,A,C,B,C,B,A,A,E,E,F,E,E,I,E,F,,,,,,,G,E,E,E,E,E,E,E
677,B,B,D,E,C,D,C,A,B,A,C,D,A,C,C,A,A,A,D,A,A,C,A,A,D,F,D,E,F,D,D,D,D,D,D,D,D,D,D,E,E,F,E,E,I,E,F,,,,,,,G,E,E,E,E,E,E,E
678,B,B,D,E,A,A,A,D,A,D,B,B,D,D,A,D,D,D,D,A,D,D,A,D,D,F,D,E,F,D,D,D,D,D,D,D,D,D,D,E,E,F,E,E,I,E,F,,,,,,,G,E,E,E,E,E,E,E
679,B,A,A,E,B,D,A,D,C,D,A,D,D,C,A,D,A,D,D,D,A,D,D,C,D,F,D,E,F,A,D,A,D,D,D,A,D,D,D,E,E,F,E,E,I,E,F,,,,,,,G,E,E,E,E,E,E,E
680,B,A,,E,D,D,D,D,D,D,D,D,D,D,C,D,D,D,D,D,D,D,D,D,D,F,D,E,F,D,D,D,D,D,D,D,D,D,D,E,E,F,E,E,I,E,F,,,,,,,G,E,E,E,E,E,E,E
681,B,A,D,E,,D,D,D,D,D,D,D,D,D,D,D,D,D,D,D,D,D,D,D,D,F,D,E,F,D,D,D,D,D,D,D,D,D,D,E,E,F,E,E,I,E,F,,,,,,,G,E,E,E,E,E,E,E
682,A,B,A,A,C,A,C,C,A,A,B,D,C,A,B,B,C,D,B,A,B,D,B,A,B,A,B,B,C,D,D,B,A,D,A,B,C,D,A,A,A,E,B,B,D,A,A,,,,D,E,,,B,A,A,A,C,C,B
683,B,B,C,A,A,D,D,D,D,D,D,C,D,D,D,D,D,D,D,D,D,D,D,D,C,B,C,A,E,C,C,C,C,C,C,C,A,C,C,C,A,E,B,D,G,A,A,A,,,,,,,A,A,A,A,A,A,A
684,B,A,A,A,B,D,D,D,D,D,D,D,D,D,B,D,D,D,D,D,D,D,D,D,D,B,C,E,F,D,D,D,D,D,D,D,D,D,D,D,E,F,A,D,I,E,F,,,,,,,G,E,A,A,A,A,A,A
685,B,A,A,E,,,,,,,,,,,A,A,A,A,A,A,A,A,A,A,D,F,D,E,F,,,,,,,,,,,E,E,F,E,E,I,E,F,,,,,,,G,E,E,E,E,E,E,E
688,B,B,A,E,A,B,B,D,B,D,A,B,D,D,A,B,B,D,A,D,A,C,D,D,D,F,D,E,F,B,B,B,D,A,D,A,B,D,D,E,E,F,E,E,I,E,F,,,,,,,G,E,E,E,E,E,E,E
689,B,B,A,E,A,D,D,A,D,A,D,D,A,D,D,D,D,D,A,A,D,A,A,D,D,F,D,E,F,D,D,D,D,D,D,D,D,D,D,E,E,F,E,E,G,E,A,A,,,,,,,D,A,E,E,E,E,E
690,B,A,A,E,A,D,D,A,D,A,D,A,D,D,A,D,D,A,D,A,D,B,A,D,D,F,D,E,F,D,D,D,D,D,D,D,D,D,D,C,E,F,E,E,I,E,F,,,,,,,G,E,E,E,E,E,E,E
691,B,A,D,E,B,D,C,A,D,A,D,D,A,B,B,D,D,A,D,A,D,A,B,B,D,F,D,E,F,D,D,D,D,D,D,D,D,D,D,E,E,F,E,E,I,E,F,,,,,,,G,E,E,E,E,E,E,E
692,A,B,D,C,A,B,C,D,C,D,D,D,D,D,B,D,D,D,D,D,D,D,D,D,C,D,B,B,C,A,D,D,D,D,D,D,D,D,D,D,D,D,D,C,F,B,B,A,,,,,,,B,D,D,B,B,C,B
693,A,C,B,C,A,B,B,C,A,B,C,B,B,C,A,C,B,B,A,A,A,A,A,B,B,B,C,A,E,D,A,B,C,A,D,B,B,D,D,D,B,C,D,B,C,C,B,A,,,,,,,C,C,C,C,C,C,B
694,A,D,B,C,A,B,C,A,A,A,B,A,C,D,A,B,C,A,C,A,A,A,C,A,B,B,B,B,A,A,B,C,C,D,A,A,B,D,D,B,B,B,D,C,H,A,A,A,,,,,,,D,D,D,D,D,D,D
695,B,D,A,E,C,C,B,A,B,A,B,C,A,D,B,C,C,B,C,A,C,C,A,D,C,C,C,A,E,C,C,B,B,C,D,C,C,D,D,A,A,B,A,D,C,A,B,,,,D,,,,B,C,B,B,B,D,C
696,B,D,D,E,D,D,C,A,D,D,D,D,D,A,A,D,D,A,A,A,A,A,A,B,C,F,D,E,F,D,D,D,D,D,D,D,D,C,D,E,E,F,E,E,I,E,F,,,,,,,G,D,E,E,E,E,E,E
697,B,A,D,E,A,D,D,A,C,A,C,D,A,B,A,C,D,A,A,A,A,A,A,B,D,F,D,E,F,D,D,D,D,D,D,D,D,D,D,E,E,F,E,E,I,E,F,,,,,,,G,E,E,E,E,E,E,E
698,B,B,A,E,B,D,B,A,C,A,D,D,A,C,A,C,C,A,D,A,D,D,A,C,D,F,D,E,F,A,D,B,A,D,A,D,D,A,D,E,E,F,E,E,I,E,F,,,,,,,G,E,E,E,E,E,E,E
699,B,D,A,E,A,C,D,A,C,A,C,B,A,B,A,A,A,A,A,A,A,A,A,A,D,F,D,E,F,D,D,D,D,D,D,D,D,D,D,E,E,F,E,E,I,E,F,,,,,,,G,E,E,E,E,E,E,E
700,B,A,A,E,C,D,D,C,D,B,C,C,B,C,A,D,D,C,D,A,C,C,A,D,D,F,D,E,F,C,D,D,D,D,D,D,D,D,D,E,E,F,E,E,I,E,F,A,,,,,,G,E,E,E,E,E,E,E
701,A,D,B,C,B,B,C,B,B,B,B,B,B,B,A,B,B,B,B,B,B,B,B,B,B,B,B,A,B,B,B,B,B,B,B,B,B,B,B,C,D,B,D,C,E,C,C,A,,,,,,,C,C,C,C,C,D,C
702,A,D,C,A,C,B,B,B,B,A,B,C,A,A,B,C,C,B,C,A,A,C,A,A,C,B,B,B,C,C,B,C,A,B,D,B,C,D,A,C,C,B,B,B,A,B,B,,,C,D,,,,B,C,B,A,A,B,B
703,A,D,B,C,B,B,A,B,A,A,A,A,A,B,B,C,B,C,B,B,B,A,A,A,A,B,A,B,A,B,A,A,A,A,A,A,A,D,B,D,C,C,D,A,B,A,B,A,,,,,,,C,B,A,B,C,B,B
704,A,B,C,B,B,B,C,A,C,A,D,C,A,A,B,C,B,A,C,A,C,C,A,B,B,B,B,A,D,D,C,B,A,D,D,B,A,C,D,D,B,E,C,B,G,B,A,,,C,D,,,,B,A,A,A,A,A,D
705,B,B,D,E,B,B,D,D,D,D,B,D,D,D,B,B,B,D,B,B,B,B,B,B,D,F,D,E,F,D,D,D,D,D,D,D,D,D,D,E,E,F,E,E,I,E,F,,,,,,,G,E,E,E,E,E,E,E
706,B,B,C,E,B,C,A,B,C,B,C,B,B,C,A,C,C,C,D,A,C,B,A,A,D,F,D,E,F,D,D,C,D,D,D,D,D,D,D,E,E,F,E,E,I,E,F,,,,,,,G,E,E,E,E,E,E,E
707,A,A,A,A,B,C,B,B,C,B,C,B,B,B,B,A,B,A,B,A,A,B,A,B,C,B,B,B,E,D,D,D,D,D,D,D,D,D,C,C,D,B,B,B,F,B,C,A,,,,,,,B,B,B,B,B,B,B
708,B,B,D,E,A,C,C,D,D,A,C,B,A,A,B,B,B,A,B,A,B,C,A,A,D,F,D,E,F,A,B,A,A,C,B,C,B,A,A,E,E,F,E,E,I,E,F,,,,,,,G,E,E,E,E,E,E,E
712,A,B,A,C,C,D,B,C,D,C,C,D,B,C,B,D,B,B,C,A,C,D,A,C,C,B,B,B,B,D,D,B,C,D,D,D,D,D,C,C,C,B,D,B,B,C,D,,,,D,,,,D,D,C,C,B,B,C
713,A,C,B,A,B,C,C,C,C,B,C,C,B,C,B,C,C,C,C,B,C,C,C,C,C,B,A,B,E,C,C,C,C,C,C,C,C,C,C,B,B,B,B,C,F,A,B,,,,D,,,,A,D,A,A,A,B,B
714,A,B,A,,D,D,D,D,D,D,D,D,C,C,D,D,D,D,D,C,D,D,D,D,C,C,B,A,E,D,D,D,D,D,D,D,D,C,D,C,B,E,C,C,G,B,B,,,,D,,,,C,D,B,A,A,A,B
715,A,C,D,C,C,C,D,D,D,D,D,D,C,D,C,D,D,D,D,A,D,D,A,D,C,A,B,A,E,D,D,D,D,D,D,D,D,D,D,D,C,A,D,D,H,B,E,A,,,,,,,E,C,C,C,C,C,C
716,A,D,C,A,C,B,D,A,C,B,C,D,B,B,C,D,D,B,D,B,D,D,B,C,C,B,B,A,D,C,D,D,A,D,D,D,D,C,B,B,A,E,D,B,F,A,B,,,,D,,,,D,C,D,B,D,,C
717,A,C,B,C,C,D,B,C,D,A,D,D,A,A,B,D,D,D,D,B,A,D,A,A,,C,C,A,E,D,D,D,D,D,D,D,D,D,B,D,C,B,A,D,E,C,D,A,,,,,,,C,C,C,C,D,D,C
718,B,C,B,E,B,B,A,D,B,D,B,C,C,C,B,C,A,D,B,C,B,C,C,D,C,F,D,E,F,C,D,D,D,D,D,D,D,D,D,E,E,F,E,E,I,E,F,,,,,,,G,E,E,E,E,E,E,E
719,B,C,A,E,D,D,D,D,D,D,D,D,D,D,D,D,D,D,D,D,D,D,D,D,D,F,D,E,F,D,D,D,D,D,D,D,D,D,D,E,E,F,E,E,I,E,F,,,,,,,G,E,E,E,E,E,E,E
720,A,D,A,C,D,B,D,D,B,A,C,D,A,B,D,D,D,A,B,A,D,D,A,B,B,C,B,B,B,D,D,D,D,D,D,D,D,D,A,B,B,B,D,C,H,A,E,A,,,,,,,C,A,A,D,A,B,C
721,B,B,A,E,D,D,D,D,D,D,D,D,D,D,D,D,D,D,D,D,D,D,D,D,D,F,D,E,F,D,D,D,D,D,D,D,D,D,D,E,E,F,E,E,I,E,F,,,,,,,G,E,E,E,E,E,E,E
722,A,B,C,C,B,B,C,D,B,A,C,D,B,D,C,C,C,D,C,B,D,D,B,D,C,B,A,A,A,D,D,C,D,C,D,C,D,D,D,C,B,D,D,D,D,B,D,A,,,,,,,D,D,D,D,D,C,D
723,A,B,D,A,B,C,C,D,C,A,D,D,A,D,A,D,D,A,B,A,B,B,A,A,C,B,A,A,C,D,D,D,D,D,D,C,D,C,D,B,A,B,D,C,F,B,B,,,,D,,,,B,A,A,B,D,A,B
724,B,A,A,E,D,D,D,D,D,D,D,D,D,D,D,D,D,D,D,D,D,D,D,D,D,F,D,E,F,D,D,D,D,D,D,D,D,D,D,E,E,F,E,E,I,E,F,,,,,,,G,E,E,E,E,E,E,E
725,B,B,A,E,A,D,D,D,D,A,D,D,A,C,,D,A,,D,B,,A,,B,D,F,D,E,F,B,C,D,C,B,A,C,A,,C,E,E,F,E,,I,E,F,,,,,,,G,E,E,E,E,E,E,E
726,B,B,A,E,D,D,D,D,D,A,D,D,A,D,A,A,A,A,A,A,A,A,A,A,D,F,D,E,F,D,D,D,D,D,D,D,D,D,D,E,E,F,E,E,I,E,F,,,,,,,G,E,E,E,E,E,E,E
727,B,A,A,E,D,D,D,D,D,D,D,D,D,D,D,D,D,D,D,B,D,D,B,D,D,F,D,E,F,D,D,D,D,D,D,D,D,D,D,E,E,F,E,E,I,E,F,,,,,,,G,E,E,E,E,E,E,E
728,B,C,A,E,B,C,A,D,B,D,B,D,D,A,B,B,B,D,B,B,B,B,B,A,C,F,D,E,F,C,C,D,D,B,C,B,C,C,B,E,B,F,E,E,I,E,F,,,,,,,G,E,E,E,E,E,E,E
729,A,C,B,C,C,B,D,D,D,B,D,D,C,C,B,D,D,D,D,D,D,D,A,A,C,C,B,A,E,D,D,D,D,D,B,D,D,B,D,D,B,C,D,C,D,A,C,,,,D,,,,C,C,C,A,C,B,C
730,B,B,D,E,D,D,D,D,D,D,D,D,D,D,A,A,A,C,D,A,A,A,A,A,D,A,A,A,F,B,B,D,D,D,D,D,B,D,D,C,D,F,E,E,G,C,F,,,,,,,G,E,E,E,E,E,E,E
731,B,B,D,E,B,C,D,B,D,B,C,C,B,D,A,B,B,A,B,A,C,C,A,C,D,F,D,E,F,D,D,D,D,D,D,D,D,D,D,E,E,F,E,E,I,E,F,,,,,,,G,E,E,E,E,E,E,E
738,A,C,A,B,B,D,C,C,C,D,D,C,C,D,A,A,A,A,A,C,C,C,C,C,B,B,A,B,A,D,D,D,D,D,D,D,D,D,D,D,C,B,B,D,B,D,E,,,,,,F,,D,D,D,D,D,D,D
739,B,A,C,E,D,B,A,B,B,A,B,A,A,B,D,A,A,A,A,A,A,A,A,A,D,F,D,E,F,D,D,D,C,C,D,C,C,D,D,E,E,F,E,E,I,E,F,,,,,,,G,E,E,E,E,E,E,E
740,B,C,A,E,D,C,C,D,C,C,D,C,D,D,A,A,A,A,A,A,A,A,A,A,D,F,D,E,F,D,D,D,D,D,D,D,D,D,D,E,E,F,E,E,I,E,F,,,,,,,G,E,E,E,E,E,E,E
741,B,C,D,E,A,D,B,A,D,A,D,D,A,B,A,C,D,A,C,A,C,C,A,A,C,F,D,E,F,D,D,D,D,D,D,D,D,D,D,E,E,F,E,E,I,E,F,,,,,,,G,E,E,E,E,E,E,E
742,B,D,D,E,B,D,D,A,D,A,D,D,A,C,B,C,C,B,C,A,C,C,D,D,D,F,D,E,F,D,D,D,D,D,D,D,D,D,D,E,E,F,E,E,I,E,F,,,,,,,G,E,E,E,E,E,E,E
745,B,A,D,E,B,D,D,C,D,A,D,A,B,B,B,D,D,D,D,A,A,D,A,A,D,F,D,E,F,C,C,D,C,C,A,C,D,A,D,E,E,F,E,E,I,E,F,,,,,,,G,E,E,E,E,E,E,E
746,B,A,B,E,D,D,D,D,D,D,D,D,A,B,B,C,C,B,D,A,D,D,A,B,C,F,D,E,F,D,D,D,D,D,D,D,D,D,D,E,E,F,E,E,I,E,F,,,,,,,G,E,E,E,E,E,E,E
747,B,B,D,E,B,D,D,C,D,B,D,D,B,D,B,C,C,A,C,A,A,C,A,B,C,C,C,E,E,C,D,D,D,D,D,D,D,D,D,E,A,F,E,E,F,E,F,A,,,,,,,E,E,E,E,E,E,E
748,A,A,B,C,B,B,D,C,D,A,C,D,A,D,C,C,D,D,D,A,C,D,D,D,C,B,B,A,B,C,B,D,D,D,D,D,D,D,D,C,C,B,D,B,D,C,C,,,,D,,,,C,C,C,C,C,B,C
751,B,B,A,E,C,C,C,C,C,A,C,C,A,C,B,B,B,C,C,A,C,B,A,C,D,F,D,E,F,D,D,D,D,D,D,D,D,D,D,E,E,F,E,,I,E,F,,,,,,,G,E,E,E,E,E,E,E
752,B,A,A,E,B,A,D,D,D,B,D,D,A,B,B,D,B,D,D,A,D,D,A,B,D,F,D,E,F,D,D,D,D,D,D,D,D,D,D,E,E,F,E,E,I,E,F,,,,,,,G,E,E,E,E,E,E,E
753,B,C,C,A,A,D,D,D,D,A,D,D,D,B,B,D,D,D,D,A,D,D,D,D,C,F,D,E,E,C,D,D,D,D,D,D,D,D,D,E,E,F,E,E,I,E,F,,,,,,F,,E,E,E,E,E,E,E
754,A,B,A,C,C,B,C,B,B,B,B,C,C,A,C,B,C,B,B,B,B,B,B,B,B,A,A,B,C,D,C,C,D,C,B,C,,,A,B,B,C,B,C,C,B,C,,,,D,,,,D,D,B,B,B,C,B
755,B,D,A,E,D,D,D,D,D,D,D,D,D,D,D,D,D,D,D,D,D,D,D,D,C,F,D,E,F,D,D,D,D,D,D,D,D,D,D,E,E,F,E,E,I,E,F,,,,,,,G,E,E,E,E,E,E,E
756,B,C,A,E,D,D,D,D,D,D,D,D,D,D,D,D,D,D,D,D,D,D,D,D,D,F,D,D,F,D,D,D,D,D,D,D,D,D,D,E,E,F,E,E,I,E,F,,,,,,,G,E,E,E,E,E,E,E
757,B,D,D,E,A,D,D,A,C,A,C,D,A,C,A,D,B,A,B,A,A,C,A,B,D,F,D,E,F,C,D,D,D,D,C,D,D,B,C,E,E,F,E,E,I,E,F,,,,,,,G,E,E,E,E,E,E,E
758,B,A,D,E,A,D,D,A,D,A,D,D,A,A,A,D,A,A,D,A,D,D,A,A,D,F,D,E,F,A,D,A,A,D,A,D,D,A,A,E,E,F,E,E,I,E,F,,,,,,,G,E,E,E,E,E,E,E
759,B,A,C,E,C,D,D,A,D,A,D,D,A,B,C,D,D,A,D,A,D,D,A,A,D,F,D,E,F,C,D,D,A,D,A,D,D,A,B,E,E,F,E,E,I,E,F,,,,,,,G,E,E,E,E,E,E,E
