Ensayo,Estimulo,Respuesta,Correcto,Aciertos,Errores,Hits,ContadorH,Rechazos,ContadorR,Falsas.alarmas,ContadorF,Omisiones,ContadorM,Confidence,RTime1,RTime1b,RTime2,Color,facilidad,senal,tipo,choice,outcome,Exito,HR6,FR6,HR5,FR5,HR4,FR4,HR3,FR3,HR2,FR2,HR1,FR1
0,444,n,False,0,1,False,0,False,0,False,0,True,1,1,2.341436148,0.840312958,3.409162998,Naranja,muchos,senal,3 BS,0,2,0,0,0,0,0,0,0,0,0,0,0,1,0
1,14,n,False,0,2,False,0,False,0,False,0,True,2,1,1.639093161,0.138005018,1.704602003,Naranja,pocos,senal,4 AS,0,2,0,0,0,0,0,0,0,0,0,0,0,1,0
2,154,s,True,1,2,True,1,False,0,False,0,False,2,6,3.155776024,1.654663801,2.907285929,Azul,pocos,senal,4 AS,1,4,1,1,0,1,0,1,0,1,0,1,0,1,0
3,76,n,False,1,3,False,1,False,0,False,0,True,3,1,2.441225052,0.940038204,1.904383898,Verde,pocos,senal,4 AS,0,2,0,0,0,0,0,0,0,0,0,0,0,1,0
4,417,n,False,1,4,False,1,False,0,False,0,True,4,1,2.555394888,1.054214001,1.704405069,Verde,muchos,senal,3 BS,0,2,0,0,0,0,0,0,0,0,0,0,0,1,0
5,605,n,True,2,4,False,1,True,1,False,0,False,4,1,2.247503042,0.746341944,1.804641962,Purpura,muchos,ruido,2 BN,0,3,1,0,0,0,0,0,0,0,0,0,0,0,1
6,517,n,True,3,4,False,1,True,2,False,0,False,4,1,2.448831081,0.947764158,3.308340788,Naranja,muchos,ruido,2 BN,0,3,1,0,0,0,0,0,0,0,0,0,0,0,1
7,395,n,False,3,5,False,1,False,2,False,0,True,5,1,2.348490953,0.847265959,2.105316877,Verde,muchos,senal,3 BS,0,2,0,0,0,0,0,0,0,0,0,0,0,1,0
8,282,n,True,4,5,False,1,True,3,False,0,False,5,2,2.855652094,1.354563951,1.603919983,Azul,pocos,ruido,1 AN,0,3,1,0,0,0,0,0,0,0,0,0,1,0,1
9,518,n,True,5,5,False,1,True,4,False,0,False,5,1,2.047516108,0.546361923,1.403829098,Verde,muchos,ruido,2 BN,0,3,1,0,0,0,0,0,0,0,0,0,0,0,1
10,336,n,False,5,6,False,1,False,4,False,0,True,6,1,2.549131155,1.048061132,4.310759068,Azul,muchos,senal,3 BS,0,2,0,0,0,0,0,0,0,0,0,0,0,1,0
11,551,n,True,6,6,False,1,True,5,False,0,False,6,1,2.248574972,0.747521877,2.004873991,Purpura,muchos,ruido,2 BN,0,3,1,0,0,0,0,0,0,0,0,0,0,0,1
12,46,n,False,6,7,False,1,False,5,False,0,True,7,2,2.442017078,0.940941095,1.403423071,Naranja,pocos,senal,4 AS,0,2,0,0,0,0,0,0,0,0,0,1,0,1,0
13,639,n,True,7,7,False,1,True,6,False,0,False,7,1,2.248276949,0.747173071,1.503696918,Naranja,muchos,ruido,2 BN,0,3,1,0,0,0,0,0,0,0,0,0,0,0,1
14,110,n,False,7,8,False,1,False,6,False,0,True,8,3,3.351688862,1.850608826,1.603914022,Naranja,pocos,senal,4 AS,0,2,0,0,0,0,0,0,0,1,0,1,0,1,0
15,509,n,True,8,8,False,1,True,7,False,0,False,8,1,3.551663876,2.050503969,2.005222082,Purpura,muchos,ruido,2 BN,0,3,1,0,0,0,0,0,0,0,0,0,0,0,1
16,558,n,True,9,8,False,1,True,8,False,0,False,8,1,3.350974083,1.849797964,1.603809118,Azul,muchos,ruido,2 BN,0,3,1,0,0,0,0,0,0,0,0,0,0,0,1
17,633,n,True,10,8,False,1,True,9,False,0,False,8,2,3.952731848,2.451673985,1.704385996,Verde,muchos,ruido,2 BN,0,3,1,0,0,0,0,0,0,0,0,0,1,0,1
18,345,n,False,10,9,False,1,False,9,False,0,True,9,1,2.348657131,0.847557068,1.603919029,Purpura,muchos,senal,3 BS,0,2,0,0,0,0,0,0,0,0,0,0,0,1,0
19,299,n,True,11,9,False,1,True,10,False,0,False,9,1,2.352118015,0.851050138,2.706760883,Naranja,pocos,ruido,1 AN,0,3,1,0,0,0,0,0,0,0,0,0,0,0,1
20,119,n,False,11,10,False,1,False,10,False,0,True,10,2,2.654360056,1.153648853,1.202791929,Azul,pocos,senal,4 AS,0,2,0,0,0,0,0,0,0,0,0,1,0,1,0
21,341,s,True,12,10,True,2,False,10,False,0,False,10,5,6.961401939,5.460825205,1.905402184,Verde,muchos,senal,3 BS,1,4,1,0,0,1,0,1,0,1,0,1,0,1,0
22,617,s,False,12,11,False,2,False,10,True,1,False,10,6,8.964641809,7.463538885,1.904818058,Verde,muchos,ruido,2 BN,1,1,0,0,1,0,1,0,1,0,1,0,1,0,1
23,546,s,False,12,12,False,2,False,10,True,2,False,10,6,2.85060215,1.34948802,1.905624866,Naranja,muchos,ruido,2 BN,1,1,0,0,1,0,1,0,1,0,1,0,1,0,1
24,461,s,True,13,12,True,3,False,10,False,2,False,10,6,2.248304844,0.747156858,1.804915905,Purpura,muchos,senal,3 BS,1,4,1,1,0,1,0,1,0,1,0,1,0,1,0
25,600,n,True,14,12,False,3,True,11,False,2,False,10,1,2.349639177,0.848562956,1.603972912,Azul,muchos,ruido,2 BN,0,3,1,0,0,0,0,0,0,0,0,0,0,0,1
26,485,n,True,15,12,False,3,True,12,False,2,False,10,1,3.050826788,1.54990983,2.105256081,Naranja,muchos,ruido,2 BN,0,3,1,0,0,0,0,0,0,0,0,0,0,0,1
27,287,n,True,16,12,False,3,True,13,False,2,False,10,2,2.653909922,1.153091192,2.807657957,Verde,pocos,ruido,1 AN,0,3,1,0,0,0,0,0,0,0,0,0,1,0,1
28,564,s,False,16,13,False,3,False,13,True,3,False,10,6,2.347433805,0.846347094,2.907572985,Purpura,muchos,ruido,2 BN,1,1,0,0,1,0,1,0,1,0,1,0,1,0,1
29,268,n,True,17,13,False,3,True,14,False,3,False,10,2,2.541992903,1.040905952,1.303504944,Verde,pocos,ruido,1 AN,0,3,1,0,0,0,0,0,0,0,0,0,1,0,1
30,419,s,True,18,13,True,4,False,14,False,3,False,10,5,2.75563693,1.254571915,1.202950001,Naranja,muchos,senal,3 BS,1,4,1,0,0,1,0,1,0,1,0,1,0,1,0
31,263,n,True,19,13,False,4,True,15,False,3,False,10,1,2.053728104,0.552576065,1.403594017,Azul,pocos,ruido,1 AN,0,3,1,0,0,0,0,0,0,0,0,0,0,0,1
32,589,n,True,20,13,False,4,True,16,False,3,False,10,1,2.349505901,0.848370075,1.504322052,Purpura,muchos,ruido,2 BN,0,3,1,0,0,0,0,0,0,0,0,0,0,0,1
33,6,s,True,21,13,True,5,False,16,False,3,False,10,5,2.755247116,1.254130125,1.30359292,Purpura,pocos,senal,4 AS,1,4,1,0,0,1,0,1,0,1,0,1,0,1,0
34,252,s,False,21,14,False,5,False,16,True,4,False,10,5,2.452665091,0.951496124,1.503411055,Verde,pocos,ruido,1 AN,1,1,0,0,0,0,1,0,1,0,1,0,1,0,1
35,328,n,False,21,15,False,5,False,16,False,4,True,11,2,3.251281977,1.750233889,1.604386091,Verde,muchos,senal,3 BS,0,2,0,0,0,0,0,0,0,0,0,1,0,1,0
36,24,n,False,21,16,False,5,False,16,False,4,True,12,2,3.64441514,2.143302917,1.303487062,Naranja,pocos,senal,4 AS,0,2,0,0,0,0,0,0,0,0,0,1,0,1,0
37,237,n,True,22,16,False,5,True,17,False,4,False,12,1,3.444296122,1.943145037,1.202919006,Azul,pocos,ruido,1 AN,0,3,1,0,0,0,0,0,0,0,0,0,0,0,1
38,289,n,True,23,16,False,5,True,18,False,4,False,12,1,2.754923821,1.253731966,1.403176069,Naranja,pocos,ruido,1 AN,0,3,1,0,0,0,0,0,0,0,0,0,0,0,1
39,499,n,True,24,16,False,5,True,19,False,4,False,12,2,2.851059914,1.349893808,1.403802156,Verde,muchos,ruido,2 BN,0,3,1,0,0,0,0,0,0,0,0,0,1,0,1
40,258,n,True,25,16,False,5,True,20,False,4,False,12,2,3.356055975,1.854854107,1.203242064,Verde,pocos,ruido,1 AN,0,3,1,0,0,0,0,0,0,0,0,0,1,0,1
41,57,s,True,26,16,True,6,False,20,False,4,False,12,4,3.35612607,1.85503602,1.102699041,Purpura,pocos,senal,4 AS,1,4,1,0,0,0,0,1,0,1,0,1,0,1,0
42,353,s,True,27,16,True,7,False,20,False,4,False,12,5,6.658753872,5.157716036,1.503682137,Naranja,muchos,senal,3 BS,1,4,1,0,0,1,0,1,0,1,0,1,0,1,0
43,68,s,True,28,16,True,8,False,20,False,4,False,12,5,3.45480299,1.953698874,1.103171825,Azul,pocos,senal,4 AS,1,4,1,0,0,1,0,1,0,1,0,1,0,1,0
44,563,s,False,28,17,False,8,False,20,True,5,False,12,6,2.348078966,0.846952915,1.303503037,Verde,muchos,ruido,2 BN,1,1,0,0,1,0,1,0,1,0,1,0,1,0,1
45,37,n,False,28,18,False,8,False,20,False,5,True,13,2,2.453900099,0.952768087,1.202989817,Verde,pocos,senal,4 AS,0,2,0,0,0,0,0,0,0,0,0,1,0,1,0
46,340,n,False,28,19,False,8,False,20,False,5,True,14,2,3.254313946,1.753863811,1.102718115,Naranja,muchos,senal,3 BS,0,2,0,0,0,0,0,0,0,0,0,1,0,1,0
47,243,n,True,29,19,False,8,True,21,False,5,False,14,2,3.455542088,1.954395056,1.102948189,Purpura,pocos,ruido,1 AN,0,3,1,0,0,0,0,0,0,0,0,0,1,0,1
48,471,s,True,30,19,True,9,False,21,False,5,False,14,6,3.351325035,1.850235939,1.404789925,Purpura,muchos,senal,3 BS,1,4,1,1,0,1,0,1,0,1,0,1,0,1,0
49,137,s,True,31,19,True,10,False,21,False,5,False,14,5,4.24605298,2.744968891,1.403698206,Purpura,pocos,senal,4 AS,1,4,1,0,0,1,0,1,0,1,0,1,0,1,0
50,596,n,True,32,19,False,10,True,22,False,5,False,14,2,2.84938693,1.348207951,1.203594923,Purpura,muchos,ruido,2 BN,0,3,1,0,0,0,0,0,0,0,0,0,1,0,1
51,479,s,True,33,19,True,11,False,22,False,5,False,14,6,2.348637104,0.847573996,1.504156113,Naranja,muchos,senal,3 BS,1,4,1,1,0,1,0,1,0,1,0,1,0,1,0
52,356,n,False,33,20,False,11,False,22,False,5,True,15,2,2.347520828,0.84641695,1.102928877,Naranja,muchos,senal,3 BS,0,2,0,0,0,0,0,0,0,0,0,1,0,1,0
53,69,s,True,34,20,True,12,False,22,False,5,False,15,6,2.252993107,0.751862049,1.303172112,Verde,pocos,senal,4 AS,1,4,1,1,0,1,0,1,0,1,0,1,0,1,0
54,443,s,True,35,20,True,13,False,22,False,5,False,15,6,2.347290039,0.846168995,1.203081846,Azul,muchos,senal,3 BS,1,4,1,1,0,1,0,1,0,1,0,1,0,1,0
55,169,s,False,35,21,False,13,False,22,True,6,False,15,6,2.94321084,1.442098856,1.504198074,Purpura,pocos,ruido,1 AN,1,1,0,0,1,0,1,0,1,0,1,0,1,0,1
56,441,s,True,36,21,True,14,False,22,False,6,False,15,6,2.147758007,0.646723032,1.704171896,Verde,muchos,senal,3 BS,1,4,1,1,0,1,0,1,0,1,0,1,0,1,0
57,150,s,True,37,21,True,15,False,22,False,6,False,15,5,3.857627153,2.356441975,1.102921009,Purpura,pocos,senal,4 AS,1,4,1,0,0,1,0,1,0,1,0,1,0,1,0
58,7,s,True,38,21,True,16,False,22,False,6,False,15,5,2.653546095,1.152446985,1.30379796,Azul,pocos,senal,4 AS,1,4,1,0,0,1,0,1,0,1,0,1,0,1,0
59,405,s,True,39,21,True,17,False,22,False,6,False,15,5,2.749637127,1.248449087,3.208286047,Verde,muchos,senal,3 BS,1,4,1,0,0,1,0,1,0,1,0,1,0,1,0
60,599,n,True,40,21,False,17,True,23,False,6,False,15,2,2.749138117,1.248018026,1.40365696,Purpura,muchos,ruido,2 BN,0,3,1,0,0,0,0,0,0,0,0,0,1,0,1
61,508,n,True,41,21,False,17,True,24,False,6,False,15,2,3.25058794,1.749424934,0.701907873,Naranja,muchos,ruido,2 BN,0,3,1,0,0,0,0,0,0,0,0,0,1,0,1
62,303,n,True,42,21,False,17,True,25,False,6,False,15,1,3.243767023,1.742580891,1.102813959,Purpura,pocos,ruido,1 AN,0,3,1,0,0,0,0,0,0,0,0,0,0,0,1
63,607,n,True,43,21,False,17,True,26,False,6,False,15,1,2.048423052,0.547194958,1.303352833,Naranja,muchos,ruido,2 BN,0,3,1,0,0,0,0,0,0,0,0,0,0,0,1
64,532,n,True,44,21,False,17,True,27,False,6,False,15,1,2.249698162,0.748612165,1.002655029,Purpura,muchos,ruido,2 BN,0,3,1,0,0,0,0,0,0,0,0,0,0,0,1
65,86,n,False,44,22,False,17,False,27,False,6,True,16,2,3.552330017,2.051112175,1.303723097,Purpura,pocos,senal,4 AS,0,2,0,0,0,0,0,0,0,0,0,1,0,1,0
66,549,n,True,45,22,False,17,True,28,False,6,False,16,2,2.449414968,0.948254824,1.604650021,Naranja,muchos,ruido,2 BN,0,3,1,0,0,0,0,0,0,0,0,0,1,0,1
67,198,n,True,46,22,False,17,True,29,False,6,False,16,1,2.554435015,1.053935051,1.203317881,Purpura,pocos,ruido,1 AN,0,3,1,0,0,0,0,0,0,0,0,0,0,0,1
68,280,n,True,47,22,False,17,True,30,False,6,False,16,2,2.754284143,1.253121138,1.804671049,Naranja,pocos,ruido,1 AN,0,3,1,0,0,0,0,0,0,0,0,0,1,0,1
69,300,n,True,48,22,False,17,True,31,False,6,False,16,1,2.742538929,1.241376877,1.603863955,Purpura,pocos,ruido,1 AN,0,3,1,0,0,0,0,0,0,0,0,0,0,0,1
70,297,n,True,49,22,False,17,True,32,False,6,False,16,1,2.542098999,1.040901184,1.303356886,Purpura,pocos,ruido,1 AN,0,3,1,0,0,0,0,0,0,0,0,0,0,0,1
71,157,s,True,50,22,True,18,False,32,False,6,False,16,6,2.654053926,1.152942896,1.102934122,Azul,pocos,senal,4 AS,1,4,1,1,0,1,0,1,0,1,0,1,0,1,0
72,166,n,True,51,22,False,18,True,33,False,6,False,16,1,2.253577948,0.75244689,1.203176975,Purpura,pocos,ruido,1 AN,0,3,1,0,0,0,0,0,0,0,0,0,0,0,1
73,478,s,True,52,22,True,19,False,33,False,6,False,16,5,3.150405884,1.649344921,1.002750874,Azul,muchos,senal,3 BS,1,4,1,0,0,1,0,1,0,1,0,1,0,1,0
74,291,n,True,53,22,False,19,True,34,False,6,False,16,1,2.454383135,0.953184128,1.303450108,Purpura,pocos,ruido,1 AN,0,3,1,0,0,0,0,0,0,0,0,0,0,0,1
75,54,n,False,53,23,False,19,False,34,False,6,True,17,2,3.044142008,1.542981863,1.003206968,Purpura,pocos,senal,4 AS,0,2,0,0,0,0,0,0,0,0,0,1,0,1,0
76,30,n,False,53,24,False,19,False,34,False,6,True,18,2,2.553588867,1.052395821,1.403596878,Naranja,pocos,senal,4 AS,0,2,0,0,0,0,0,0,0,0,0,1,0,1,0
77,183,n,True,54,24,False,19,True,35,False,6,False,18,2,2.542728901,1.041561842,1.303399086,Azul,pocos,ruido,1 AN,0,3,1,0,0,0,0,0,0,0,0,0,1,0,1
78,520,n,True,55,24,False,19,True,36,False,6,False,18,1,2.350286961,0.849215031,1.103070974,Azul,muchos,ruido,2 BN,0,3,1,0,0,0,0,0,0,0,0,0,0,0,1
79,44,s,True,56,24,True,20,False,36,False,6,False,18,5,2.742629051,1.241439819,1.905093908,Verde,pocos,senal,4 AS,1,4,1,0,0,1,0,1,0,1,0,1,0,1,0
80,143,s,True,57,24,True,21,False,36,False,6,False,18,6,3.256235123,1.755094051,1.503978014,Verde,pocos,senal,4 AS,1,4,1,1,0,1,0,1,0,1,0,1,0,1,0
81,330,s,True,58,24,True,22,False,36,False,6,False,18,5,3.14942503,1.648292065,1.102406979,Azul,muchos,senal,3 BS,1,4,1,0,0,1,0,1,0,1,0,1,0,1,0
82,104,s,True,59,24,True,23,False,36,False,6,False,18,6,2.453455925,0.952287912,1.203124046,Naranja,pocos,senal,4 AS,1,4,1,1,0,1,0,1,0,1,0,1,0,1,0
83,462,s,True,60,24,True,24,False,36,False,6,False,18,6,2.442965031,0.941885948,1.704550028,Azul,muchos,senal,3 BS,1,4,1,1,0,1,0,1,0,1,0,1,0,1,0
84,100,s,True,61,24,True,25,False,36,False,6,False,18,6,2.254273176,0.753060102,1.202826977,Azul,pocos,senal,4 AS,1,4,1,1,0,1,0,1,0,1,0,1,0,1,0
85,135,s,True,62,24,True,26,False,36,False,6,False,18,6,2.956287861,1.455232859,2.005224943,Azul,pocos,senal,4 AS,1,4,1,1,0,1,0,1,0,1,0,1,0,1,0
86,408,n,False,62,25,False,26,False,36,False,6,True,19,2,2.950067997,1.44896102,0.902334213,Verde,muchos,senal,3 BS,0,2,0,0,0,0,0,0,0,0,0,1,0,1,0
87,62,s,True,63,25,True,27,False,36,False,6,False,19,5,2.655014038,1.153911114,1.002418041,Naranja,pocos,senal,4 AS,1,4,1,0,0,1,0,1,0,1,0,1,0,1,0
88,413,n,False,63,26,False,27,False,36,False,6,True,20,1,2.250139952,0.748956919,0.902311087,Naranja,muchos,senal,3 BS,0,2,0,0,0,0,0,0,0,0,0,0,0,1,0
89,306,n,True,64,26,False,27,True,37,False,6,False,20,1,3.051259995,1.550116777,1.303457975,Verde,pocos,ruido,1 AN,0,3,1,0,0,0,0,0,0,0,0,0,0,0,1
90,407,s,True,65,26,True,28,False,37,False,6,False,20,5,3.953420877,2.452275038,0.802067995,Naranja,muchos,senal,3 BS,1,4,1,0,0,1,0,1,0,1,0,1,0,1,0
91,106,s,True,66,26,True,29,False,37,False,6,False,20,6,3.144937038,1.643854856,1.102936983,Azul,pocos,senal,4 AS,1,4,1,1,0,1,0,1,0,1,0,1,0,1,0
92,90,s,True,67,26,True,30,False,37,False,6,False,20,6,2.75375104,1.25266695,0.802036047,Azul,pocos,senal,4 AS,1,4,1,1,0,1,0,1,0,1,0,1,0,1,0
93,214,n,True,68,26,False,30,True,38,False,6,False,20,1,2.642673969,1.14151001,1.002585888,Purpura,pocos,ruido,1 AN,0,3,1,0,0,0,0,0,0,0,0,0,0,0,1
94,11,s,True,69,26,True,31,False,38,False,6,False,20,6,2.242417097,0.741298914,1.002708197,Naranja,pocos,senal,4 AS,1,4,1,1,0,1,0,1,0,1,0,1,0,1,0
95,542,n,True,70,26,False,31,True,39,False,6,False,20,1,2.450139046,0.948959827,0.802316904,Azul,muchos,ruido,2 BN,0,3,1,0,0,0,0,0,0,0,0,0,0,0,1
96,488,n,True,71,26,False,31,True,40,False,6,False,20,1,2.249167919,0.747977018,0.70262599,Azul,muchos,ruido,2 BN,0,3,1,0,0,0,0,0,0,0,0,0,0,0,1
97,588,s,False,71,27,False,31,False,40,True,7,False,20,6,1.947692156,0.446641922,1.704765081,Naranja,muchos,ruido,2 BN,1,1,0,0,1,0,1,0,1,0,1,0,1,0,1
98,313,n,True,72,27,False,31,True,41,False,7,False,20,1,2.152709007,0.65152216,0.90300703,Purpura,pocos,ruido,1 AN,0,3,1,0,0,0,0,0,0,0,0,0,0,0,1
99,333,s,True,73,27,True,32,False,41,False,7,False,20,5,2.849374056,1.349153042,1.102993965,Azul,muchos,senal,3 BS,1,4,1,0,0,1,0,1,0,1,0,1,0,1,0
100,228,s,False,73,28,False,32,False,41,True,8,False,20,5,2.553654909,1.05337882,1.102881908,Azul,pocos,ruido,1 AN,1,1,0,0,0,0,1,0,1,0,1,0,1,0,1
101,370,n,False,73,29,False,32,False,41,False,8,True,21,1,2.549136877,1.048003912,0.601483822,Verde,muchos,senal,3 BS,0,2,0,0,0,0,0,0,0,0,0,0,0,1,0
102,427,s,True,74,29,True,33,False,41,False,8,False,21,5,2.352005959,0.851521015,1.303071022,Azul,muchos,senal,3 BS,1,4,1,0,0,1,0,1,0,1,0,1,0,1,0
103,449,s,True,75,29,True,34,False,41,False,8,False,21,6,2.750782967,1.249651909,1.403476,Azul,muchos,senal,3 BS,1,4,1,1,0,1,0,1,0,1,0,1,0,1,0
104,500,s,False,75,30,False,34,False,41,True,9,False,21,5,2.248373985,0.747226,1.203536987,Purpura,muchos,ruido,2 BN,1,1,0,0,0,0,1,0,1,0,1,0,1,0,1
105,180,s,False,75,31,False,34,False,41,True,10,False,21,6,2.854199886,1.353042841,1.102617025,Azul,pocos,ruido,1 AN,1,1,0,0,1,0,1,0,1,0,1,0,1,0,1
106,138,s,True,76,31,True,35,False,41,False,10,False,21,6,2.253371954,0.752199888,0.702573061,Azul,pocos,senal,4 AS,1,4,1,1,0,1,0,1,0,1,0,1,0,1,0
107,26,s,True,77,31,True,36,False,41,False,10,False,21,5,2.853604078,1.35318017,0.802100182,Azul,pocos,senal,4 AS,1,4,1,0,0,1,0,1,0,1,0,1,0,1,0
108,566,n,True,78,31,False,36,True,42,False,10,False,21,1,2.352637053,0.851834059,1.303227901,Verde,muchos,ruido,2 BN,0,3,1,0,0,0,0,0,0,0,0,0,0,0,1
109,334,n,False,78,32,False,36,False,42,False,10,True,22,2,2.448858023,0.947701931,1.203121901,Naranja,muchos,senal,3 BS,0,2,0,0,0,0,0,0,0,0,0,1,0,1,0
110,221,n,True,79,32,False,36,True,43,False,10,False,22,1,2.754545927,1.253357887,1.303455114,Azul,pocos,ruido,1 AN,0,3,1,0,0,0,0,0,0,0,0,0,0,0,1
111,269,n,True,80,32,False,36,True,44,False,10,False,22,2,2.242252111,0.741133928,0.701780081,Azul,pocos,ruido,1 AN,0,3,1,0,0,0,0,0,0,0,0,0,1,0,1
112,435,s,True,81,32,True,37,False,44,False,10,False,22,6,2.650715828,1.149527788,1.60415411,Verde,muchos,senal,3 BS,1,4,1,1,0,1,0,1,0,1,0,1,0,1,0
113,33,s,True,82,32,True,38,False,44,False,10,False,22,6,2.352760792,0.851642132,1.203111172,Naranja,pocos,senal,4 AS,1,4,1,1,0,1,0,1,0,1,0,1,0,1,0
114,371,s,True,83,32,True,39,False,44,False,10,False,22,5,4.15296793,2.651817083,0.70173502,Azul,muchos,senal,3 BS,1,4,1,0,0,1,0,1,0,1,0,1,0,1,0
115,283,n,True,84,32,False,39,True,45,False,10,False,22,2,3.455955982,1.954859972,1.303229094,Naranja,pocos,ruido,1 AN,0,3,1,0,0,0,0,0,0,0,0,0,1,0,1
116,274,n,True,85,32,False,39,True,46,False,10,False,22,2,3.654742956,2.153418779,4.010056019,Verde,pocos,ruido,1 AN,0,3,1,0,0,0,0,0,0,0,0,0,1,0,1
117,55,s,True,86,32,True,40,False,46,False,10,False,22,6,3.150725126,1.649651051,1.503865957,Azul,pocos,senal,4 AS,1,4,1,1,0,1,0,1,0,1,0,1,0,1,0
118,276,s,False,86,33,False,40,False,46,True,11,False,22,5,2.854473829,1.353407145,1.303524971,Azul,pocos,ruido,1 AN,1,1,0,0,0,0,1,0,1,0,1,0,1,0,1
119,593,s,False,86,34,False,40,False,46,True,12,False,22,6,2.549129009,1.047996044,1.804620981,Azul,muchos,ruido,2 BN,1,1,0,0,1,0,1,0,1,0,1,0,1,0,1
120,544,n,True,87,34,False,40,True,47,False,12,False,22,1,2.849982023,1.348800898,1.102924109,Verde,muchos,ruido,2 BN,0,3,1,0,0,0,0,0,0,0,0,0,0,0,1
121,447,s,True,88,34,True,41,False,47,False,12,False,22,5,4.152054071,2.650976896,0.902356148,Naranja,muchos,senal,3 BS,1,4,1,0,0,1,0,1,0,1,0,1,0,1,0
122,324,s,True,89,34,True,42,False,47,False,12,False,22,5,3.752275944,2.251136065,1.704213142,Naranja,muchos,senal,3 BS,1,4,1,0,0,1,0,1,0,1,0,1,0,1,0
123,402,n,False,89,35,False,42,False,47,False,12,True,23,2,2.850607157,1.349544048,1.102725983,Verde,muchos,senal,3 BS,0,2,0,0,0,0,0,0,0,0,0,1,0,1,0
124,466,s,True,90,35,True,43,False,47,False,12,False,23,6,2.951402187,1.450313091,1.102905989,Naranja,muchos,senal,3 BS,1,4,1,1,0,1,0,1,0,1,0,1,0,1,0
125,112,s,True,91,35,True,44,False,47,False,12,False,23,6,3.144033194,1.642868996,0.702010155,Purpura,pocos,senal,4 AS,1,4,1,1,0,1,0,1,0,1,0,1,0,1,0
126,474,s,True,92,35,True,45,False,47,False,12,False,23,6,2.650269032,1.149070024,1.30334115,Purpura,muchos,senal,3 BS,1,4,1,1,0,1,0,1,0,1,0,1,0,1,0
127,452,s,True,93,35,True,46,False,47,False,12,False,23,6,2.549773216,1.048640966,0.701925993,Purpura,muchos,senal,3 BS,1,4,1,1,0,1,0,1,0,1,0,1,0,1,0
128,142,s,True,94,35,True,47,False,47,False,12,False,23,6,2.643776894,1.142742872,1.403561831,Naranja,pocos,senal,4 AS,1,4,1,1,0,1,0,1,0,1,0,1,0,1,0
129,64,s,True,95,35,True,48,False,47,False,12,False,23,5,2.854291916,1.353245974,0.601799965,Purpura,pocos,senal,4 AS,1,4,1,0,0,1,0,1,0,1,0,1,0,1,0
130,229,n,True,96,35,False,48,True,48,False,12,False,23,2,2.653922081,1.15278101,1.504155874,Verde,pocos,ruido,1 AN,0,3,1,0,0,0,0,0,0,0,0,0,1,0,1
131,188,s,False,96,36,False,48,False,48,True,13,False,23,5,3.555128098,2.053874016,0.501322031,Verde,pocos,ruido,1 AN,1,1,0,0,0,0,1,0,1,0,1,0,1,0,1
132,491,s,False,96,37,False,48,False,48,True,14,False,23,6,2.953532219,1.452779055,1.704781055,Azul,muchos,ruido,2 BN,1,1,0,0,1,0,1,0,1,0,1,0,1,0,1
133,467,s,True,97,37,True,49,False,48,False,14,False,23,6,2.451702833,0.951371908,0.501284838,Verde,muchos,senal,3 BS,1,4,1,1,0,1,0,1,0,1,0,1,0,1,0
134,275,n,True,98,37,False,49,True,49,False,14,False,23,3,2.954594851,1.454258204,1.203050137,Purpura,pocos,ruido,1 AN,0,3,1,0,0,0,0,0,0,0,1,0,1,0,1
135,236,s,False,98,38,False,49,False,49,True,15,False,23,5,2.743356943,1.242166996,0.601701021,Verde,pocos,ruido,1 AN,1,1,0,0,0,0,1,0,1,0,1,0,1,0,1
136,216,n,True,99,38,False,49,True,50,False,15,False,23,1,2.750689983,1.249663115,1.103000879,Naranja,pocos,ruido,1 AN,0,3,1,0,0,0,0,0,0,0,0,0,0,0,1
137,194,s,False,99,39,False,49,False,50,True,16,False,23,6,3.155904055,1.654797077,1.503891945,Verde,pocos,ruido,1 AN,1,1,0,0,1,0,1,0,1,0,1,0,1,0,1
138,115,n,False,99,40,False,49,False,50,False,16,True,24,2,3.557537079,2.056445837,1.503684998,Purpura,pocos,senal,4 AS,0,2,0,0,0,0,0,0,0,0,0,1,0,1,0
139,1,s,True,100,40,True,50,False,50,False,16,False,24,6,2.652849913,1.15171814,1.503935099,Naranja,pocos,senal,4 AS,1,4,1,1,0,1,0,1,0,1,0,1,0,1,0
140,344,s,True,101,40,True,51,False,50,False,16,False,24,4,3.050358057,1.549249887,1.00239706,Verde,muchos,senal,3 BS,1,4,1,0,0,0,0,1,0,1,0,1,0,1,0
141,592,n,True,102,40,False,51,True,51,False,16,False,24,1,2.653185129,1.152536154,0.9022789,Verde,muchos,ruido,2 BN,0,3,1,0,0,0,0,0,0,0,0,0,0,0,1
142,132,s,True,103,40,True,52,False,51,False,16,False,24,6,2.654181957,1.15310812,0.601984024,Azul,pocos,senal,4 AS,1,4,1,1,0,1,0,1,0,1,0,1,0,1,0
143,136,s,True,104,40,True,53,False,51,False,16,False,24,6,2.554467916,1.053384066,1.102835178,Naranja,pocos,senal,4 AS,1,4,1,1,0,1,0,1,0,1,0,1,0,1,0
144,124,s,True,105,40,True,54,False,51,False,16,False,24,6,2.65399909,1.152851105,0.501510859,Verde,pocos,senal,4 AS,1,4,1,1,0,1,0,1,0,1,0,1,0,1,0
145,127,s,True,106,40,True,55,False,51,False,16,False,24,6,2.653938055,1.152801037,0.501368046,Verde,pocos,senal,4 AS,1,4,1,1,0,1,0,1,0,1,0,1,0,1,0
146,350,s,True,107,40,True,56,False,51,False,16,False,24,5,2.552901983,1.052304983,0.50149107,Naranja,muchos,senal,3 BS,1,4,1,0,0,1,0,1,0,1,0,1,0,1,0
147,155,s,True,108,40,True,57,False,51,False,16,False,24,5,2.956059933,1.454858065,1.002627134,Naranja,pocos,senal,4 AS,1,4,1,0,0,1,0,1,0,1,0,1,0,1,0
148,578,n,True,109,40,False,57,True,52,False,16,False,24,3,3.655550003,2.155011177,1.102901936,Naranja,muchos,ruido,2 BN,0,3,1,0,0,0,0,0,0,0,1,0,1,0,1
149,541,n,True,110,40,False,57,True,53,False,16,False,24,1,2.549326897,1.048105001,0.601660967,Purpura,muchos,ruido,2 BN,0,3,1,0,0,0,0,0,0,0,0,0,0,0,1
150,428,s,True,111,40,True,58,False,53,False,16,False,24,5,3.150522947,1.64943099,0.602138996,Naranja,muchos,senal,3 BS,1,4,1,0,0,1,0,1,0,1,0,1,0,1,0
151,177,s,False,111,41,False,58,False,53,True,17,False,24,5,3.95243907,2.451290131,0.701907158,Naranja,pocos,ruido,1 AN,1,1,0,0,0,0,1,0,1,0,1,0,1,0,1
152,423,s,True,112,41,True,59,False,53,False,17,False,24,6,2.953321934,1.452944994,1.403676033,Purpura,muchos,senal,3 BS,1,4,1,1,0,1,0,1,0,1,0,1,0,1,0
153,34,n,False,112,42,False,59,False,53,False,17,True,25,3,2.754694939,1.253618002,1.00248909,Verde,pocos,senal,4 AS,0,2,0,0,0,0,0,0,0,1,0,1,0,1,0
154,118,s,True,113,42,True,60,False,53,False,17,False,25,6,2.654005051,1.15286994,0.70232296,Purpura,pocos,senal,4 AS,1,4,1,1,0,1,0,1,0,1,0,1,0,1,0
155,556,s,False,113,43,False,60,False,53,True,18,False,25,6,2.65002799,1.148957968,1.002568007,Naranja,muchos,ruido,2 BN,1,1,0,0,1,0,1,0,1,0,1,0,1,0,1
156,342,n,False,113,44,False,60,False,53,False,18,True,26,3,2.749517918,1.248471022,0.802022219,Purpura,muchos,senal,3 BS,0,2,0,0,0,0,0,0,0,1,0,1,0,1,0
157,581,n,True,114,44,False,60,True,54,False,18,False,26,1,3.050308943,1.549226999,0.902407885,Naranja,muchos,ruido,2 BN,0,3,1,0,0,0,0,0,0,0,0,0,0,0,1
158,325,s,True,115,44,True,61,False,54,False,18,False,26,4,3.0542171,1.553599119,0.902245998,Verde,muchos,senal,3 BS,1,4,1,0,0,0,0,1,0,1,0,1,0,1,0
159,197,n,True,116,44,False,61,True,55,False,18,False,26,1,2.854496956,1.353384018,1.604074001,Verde,pocos,ruido,1 AN,0,3,1,0,0,0,0,0,0,0,0,0,0,0,1
160,85,n,False,116,45,False,61,False,55,False,18,True,27,2,3.055040836,1.553935051,1.102886915,Verde,pocos,senal,4 AS,0,2,0,0,0,0,0,0,0,0,0,1,0,1,0
161,309,n,True,117,45,False,61,True,56,False,18,False,27,1,2.854856014,1.353827953,0.501456022,Verde,pocos,ruido,1 AN,0,3,1,0,0,0,0,0,0,0,0,0,0,0,1
162,635,n,True,118,45,False,61,True,57,False,18,False,27,2,4.052182198,2.551096201,2.005086899,Naranja,muchos,ruido,2 BN,0,3,1,0,0,0,0,0,0,0,0,0,1,0,1
163,105,n,False,118,46,False,61,False,57,False,18,True,28,2,4.547715187,3.046617985,1.603936195,Purpura,pocos,senal,4 AS,0,2,0,0,0,0,0,0,0,0,0,1,0,1,0
164,261,n,True,119,46,False,61,True,58,False,18,False,28,1,2.553515911,1.052340031,0.501308918,Verde,pocos,ruido,1 AN,0,3,1,0,0,0,0,0,0,0,0,0,0,0,1
165,347,s,True,120,46,True,62,False,58,False,18,False,28,5,3.252002954,1.750874043,0.601628065,Verde,muchos,senal,3 BS,1,4,1,0,0,1,0,1,0,1,0,1,0,1,0
166,465,s,True,121,46,True,63,False,58,False,18,False,28,6,2.650454044,1.149310112,0.501451015,Azul,muchos,senal,3 BS,1,4,1,1,0,1,0,1,0,1,0,1,0,1,0
167,637,n,True,122,46,False,63,True,59,False,18,False,28,1,2.151645899,0.651235819,1.102754831,Purpura,muchos,ruido,2 BN,0,3,1,0,0,0,0,0,0,0,0,0,0,0,1
168,295,n,True,123,46,False,63,True,60,False,18,False,28,1,2.65427804,1.153136015,0.802251816,Azul,pocos,ruido,1 AN,0,3,1,0,0,0,0,0,0,0,0,0,0,0,1
169,519,n,True,124,46,False,63,True,61,False,18,False,28,1,2.552603006,1.051949024,0.50129199,Purpura,muchos,ruido,2 BN,0,3,1,0,0,0,0,0,0,0,0,0,0,0,1
170,533,n,True,125,46,False,63,True,62,False,18,False,28,2,2.549980879,1.048817873,1.002663136,Naranja,muchos,ruido,2 BN,0,3,1,0,0,0,0,0,0,0,0,0,1,0,1
171,75,s,True,126,46,True,64,False,62,False,18,False,28,6,3.243284941,1.742136955,1.002512932,Naranja,pocos,senal,4 AS,1,4,1,1,0,1,0,1,0,1,0,1,0,1,0
172,421,s,True,127,46,True,65,False,62,False,18,False,28,6,2.851033926,1.349927187,1.50394392,Purpura,muchos,senal,3 BS,1,4,1,1,0,1,0,1,0,1,0,1,0,1,0
173,176,n,True,128,46,False,65,True,63,False,18,False,28,1,2.650534153,1.149471045,2.906522989,Purpura,pocos,ruido,1 AN,0,3,1,0,0,0,0,0,0,0,0,0,0,0,1
174,472,s,True,129,46,True,66,False,63,False,18,False,28,6,2.649304867,1.148193836,1.203183174,Azul,muchos,senal,3 BS,1,4,1,1,0,1,0,1,0,1,0,1,0,1,0
175,255,s,False,129,47,False,66,False,63,True,19,False,28,6,3.757583141,2.256494999,1.304037809,Verde,pocos,ruido,1 AN,1,1,0,0,1,0,1,0,1,0,1,0,1,0,1
176,554,s,False,129,48,False,66,False,63,True,20,False,28,6,2.749047995,1.247886896,0.802072048,Purpura,muchos,ruido,2 BN,1,1,0,0,1,0,1,0,1,0,1,0,1,0,1
177,363,s,True,130,48,True,67,False,63,False,20,False,28,5,3.252094984,1.750884056,0.501567841,Verde,muchos,senal,3 BS,1,4,1,0,0,1,0,1,0,1,0,1,0,1,0
178,273,n,True,131,48,False,67,True,64,False,20,False,28,3,2.754030943,1.252880096,0.80231905,Naranja,pocos,ruido,1 AN,0,3,1,0,0,0,0,0,0,0,1,0,1,0,1
179,351,s,True,132,48,True,68,False,64,False,20,False,28,5,2.852423906,1.351833105,0.601531029,Purpura,muchos,senal,3 BS,1,4,1,0,0,1,0,1,0,1,0,1,0,1,0
180,620,n,True,133,48,False,68,True,65,False,20,False,28,2,2.749611855,1.248425961,0.902138948,Naranja,muchos,ruido,2 BN,0,3,1,0,0,0,0,0,0,0,0,0,1,0,1
181,254,n,True,134,48,False,68,True,66,False,20,False,28,1,2.553771019,1.052654028,0.601667881,Naranja,pocos,ruido,1 AN,0,3,1,0,0,0,0,0,0,0,0,0,0,0,1
182,200,n,True,135,48,False,68,True,67,False,20,False,28,1,2.75532198,1.254230022,0.501340151,Naranja,pocos,ruido,1 AN,0,3,1,0,0,0,0,0,0,0,0,0,0,0,1
183,495,n,True,136,48,False,68,True,68,False,20,False,28,3,3.953681946,2.452515125,1.103180885,Naranja,muchos,ruido,2 BN,0,3,1,0,0,0,0,0,0,0,1,0,1,0,1
184,92,s,True,137,48,True,69,False,68,False,20,False,28,6,2.955624819,1.454543829,0.601665974,Verde,pocos,senal,4 AS,1,4,1,1,0,1,0,1,0,1,0,1,0,1,0
185,603,s,False,137,49,False,69,False,68,True,21,False,28,6,2.64882493,1.14764595,0.601545095,Azul,muchos,ruido,2 BN,1,1,0,0,1,0,1,0,1,0,1,0,1,0,1
186,31,s,True,138,49,True,70,False,68,False,21,False,28,5,2.753811836,1.25267601,0.801811934,Verde,pocos,senal,4 AS,1,4,1,0,0,1,0,1,0,1,0,1,0,1,0
187,290,n,True,139,49,False,70,True,69,False,21,False,28,2,2.554488182,1.053307056,1.002325058,Verde,pocos,ruido,1 AN,0,3,1,0,0,0,0,0,0,0,0,0,1,0,1
188,390,s,True,140,49,True,71,False,69,False,21,False,28,6,3.154469967,1.653970003,2.60619092,Purpura,muchos,senal,3 BS,1,4,1,1,0,1,0,1,0,1,0,1,0,1,0
189,304,n,True,141,49,False,71,True,70,False,21,False,28,1,2.540933132,1.039875984,0.701726913,Azul,pocos,ruido,1 AN,0,3,1,0,0,0,0,0,0,0,0,0,0,0,1
190,184,n,True,142,49,False,71,True,71,False,21,False,28,1,2.650454044,1.149310112,0.601423025,Naranja,pocos,ruido,1 AN,0,3,1,0,0,0,0,0,0,0,0,0,0,0,1
191,608,n,True,143,49,False,71,True,72,False,21,False,28,1,2.348517179,0.847413063,0.60216713,Verde,muchos,ruido,2 BN,0,3,1,0,0,0,0,0,0,0,0,0,0,0,1
192,212,n,True,144,49,False,71,True,73,False,21,False,28,1,2.55044198,1.049342155,0.501832008,Azul,pocos,ruido,1 AN,0,3,1,0,0,0,0,0,0,0,0,0,0,0,1
193,266,n,True,145,49,False,71,True,74,False,21,False,28,3,2.648072004,1.146898031,0.60163188,Azul,pocos,ruido,1 AN,0,3,1,0,0,0,0,0,0,0,1,0,1,0,1
194,128,s,True,146,49,True,72,False,74,False,21,False,28,6,2.553531885,1.052347898,0.401160955,Purpura,pocos,senal,4 AS,1,4,1,1,0,1,0,1,0,1,0,1,0,1,0
195,535,n,True,147,49,False,72,True,75,False,21,False,28,1,2.450022936,0.948832989,0.601670027,Purpura,muchos,ruido,2 BN,0,3,1,0,0,0,0,0,0,0,0,0,0,0,1
196,622,n,True,148,49,False,72,True,76,False,21,False,28,1,2.650516987,1.15009284,0.501363993,Azul,muchos,ruido,2 BN,0,3,1,0,0,0,0,0,0,0,0,0,0,0,1
197,235,s,False,148,50,False,72,False,76,True,22,False,28,5,3.142469883,1.641334057,0.50130105,Naranja,pocos,ruido,1 AN,1,1,0,0,0,0,1,0,1,0,1,0,1,0,1
198,19,s,True,149,50,True,73,False,76,False,22,False,28,5,2.851184845,1.350047827,0.902900934,Purpura,pocos,senal,4 AS,1,4,1,0,0,1,0,1,0,1,0,1,0,1,0
199,349,s,True,150,50,True,74,False,76,False,22,False,28,5,2.652719975,1.152205944,0.501308918,Azul,muchos,senal,3 BS,1,4,1,0,0,1,0,1,0,1,0,1,0,1,0
200,47,s,True,151,50,True,75,False,76,False,22,False,28,6,2.442540884,0.94133687,0.501333952,Verde,pocos,senal,4 AS,1,4,1,1,0,1,0,1,0,1,0,1,0,1,0
201,357,s,True,152,50,True,76,False,76,False,22,False,28,4,2.853261948,1.352634907,0.40100193,Verde,muchos,senal,3 BS,1,4,1,0,0,0,0,1,0,1,0,1,0,1,0
202,21,s,True,153,50,True,77,False,76,False,22,False,28,5,2.649263859,1.148097992,0.501828909,Verde,pocos,senal,4 AS,1,4,1,0,0,1,0,1,0,1,0,1,0,1,0
203,597,n,True,154,50,False,77,True,77,False,22,False,28,1,2.754796982,1.253612041,0.501755953,Naranja,muchos,ruido,2 BN,0,3,1,0,0,0,0,0,0,0,0,0,0,0,1
204,616,n,True,155,50,False,77,True,78,False,22,False,28,1,2.550333977,1.049268007,0.501410961,Azul,muchos,ruido,2 BN,0,3,1,0,0,0,0,0,0,0,0,0,0,0,1
205,99,s,True,156,50,True,78,False,78,False,22,False,28,6,2.353353977,0.852248192,0.701893091,Purpura,pocos,senal,4 AS,1,4,1,1,0,1,0,1,0,1,0,1,0,1,0
206,286,n,True,157,50,False,78,True,79,False,22,False,28,2,2.554146051,1.053051949,0.601583004,Naranja,pocos,ruido,1 AN,0,3,1,0,0,0,0,0,0,0,0,0,1,0,1
207,182,n,True,158,50,False,78,True,80,False,22,False,28,1,2.450064898,0.948986053,0.501460791,Purpura,pocos,ruido,1 AN,0,3,1,0,0,0,0,0,0,0,0,0,0,0,1
208,203,s,False,158,51,False,78,False,80,True,23,False,28,6,2.549043894,1.047948837,0.501285076,Naranja,pocos,ruido,1 AN,1,1,0,0,1,0,1,0,1,0,1,0,1,0,1
209,175,s,False,158,52,False,78,False,80,True,24,False,28,4,2.84998703,1.348803043,0.501449823,Verde,pocos,ruido,1 AN,1,1,0,0,0,0,0,0,1,0,1,0,1,0,1
210,265,s,False,158,53,False,78,False,80,True,25,False,28,6,2.442734003,0.94155097,0.60243392,Purpura,pocos,ruido,1 AN,1,1,0,0,1,0,1,0,1,0,1,0,1,0,1
211,420,s,True,159,53,True,79,False,80,False,25,False,28,6,2.552809954,1.052115202,0.401092052,Verde,muchos,senal,3 BS,1,4,1,1,0,1,0,1,0,1,0,1,0,1,0
212,18,s,True,160,53,True,80,False,80,False,25,False,28,5,3.952775002,2.451721907,0.601458073,Verde,pocos,senal,4 AS,1,4,1,0,0,1,0,1,0,1,0,1,0,1,0
213,438,s,True,161,53,True,81,False,80,False,25,False,28,6,2.749777794,1.248627901,0.702291012,Verde,muchos,senal,3 BS,1,4,1,1,0,1,0,1,0,1,0,1,0,1,0
214,72,s,True,162,53,True,82,False,80,False,25,False,28,5,2.554629087,1.053251028,0.401152134,Naranja,pocos,senal,4 AS,1,4,1,0,0,1,0,1,0,1,0,1,0,1,0
215,207,n,True,163,53,False,82,True,81,False,25,False,28,2,3.644240141,2.143142939,0.601716042,Verde,pocos,ruido,1 AN,0,3,1,0,0,0,0,0,0,0,0,0,1,0,1
216,113,s,True,164,53,True,83,False,81,False,25,False,28,6,2.749714136,1.248591185,0.501597881,Naranja,pocos,senal,4 AS,1,4,1,1,0,1,0,1,0,1,0,1,0,1,0
217,185,s,False,164,54,False,83,False,81,True,26,False,28,6,3.958161116,2.456973076,0.802155018,Purpura,pocos,ruido,1 AN,1,1,0,0,1,0,1,0,1,0,1,0,1,0,1
218,27,s,True,165,54,True,84,False,81,False,26,False,28,6,2.654030085,1.152868032,0.501343966,Naranja,pocos,senal,4 AS,1,4,1,1,0,1,0,1,0,1,0,1,0,1,0
219,122,s,True,166,54,True,85,False,81,False,26,False,28,6,2.553347111,1.052159071,0.501151085,Azul,pocos,senal,4 AS,1,4,1,1,0,1,0,1,0,1,0,1,0,1,0
220,125,s,True,167,54,True,86,False,81,False,26,False,28,6,2.253578901,0.752459049,0.401119947,Azul,pocos,senal,4 AS,1,4,1,1,0,1,0,1,0,1,0,1,0,1,0
221,511,s,False,167,55,False,86,False,81,True,27,False,28,4,2.449146032,0.948005915,0.50137496,Naranja,muchos,ruido,2 BN,1,1,0,0,0,0,0,0,1,0,1,0,1,0,1
222,610,n,True,168,55,False,86,True,82,False,27,False,28,1,2.549784184,1.048516035,0.50120616,Naranja,muchos,ruido,2 BN,0,3,1,0,0,0,0,0,0,0,0,0,0,0,1
223,503,n,True,169,55,False,86,True,83,False,27,False,28,3,2.949232101,1.448788881,0.701834917,Purpura,muchos,ruido,2 BN,0,3,1,0,0,0,0,0,0,0,1,0,1,0,1
224,270,n,True,170,55,False,86,True,84,False,27,False,28,1,2.148438931,0.647331953,0.602050066,Naranja,pocos,ruido,1 AN,0,3,1,0,0,0,0,0,0,0,0,0,0,0,1
225,538,s,False,170,56,False,86,False,84,True,28,False,28,6,2.449901819,0.949645996,0.501469135,Purpura,muchos,ruido,2 BN,1,1,0,0,1,0,1,0,1,0,1,0,1,0,1
226,22,s,True,171,56,True,87,False,84,False,28,False,28,5,2.943094015,1.442543983,0.90280509,Purpura,pocos,senal,4 AS,1,4,1,0,0,1,0,1,0,1,0,1,0,1,0
227,523,s,False,171,57,False,87,False,84,True,29,False,28,6,2.549411058,1.048295975,0.501979828,Azul,muchos,ruido,2 BN,1,1,0,0,1,0,1,0,1,0,1,0,1,0,1
228,625,n,True,172,57,False,87,True,85,False,29,False,28,2,3.050199032,1.54904604,1.102761984,Azul,muchos,ruido,2 BN,0,3,1,0,0,0,0,0,0,0,0,0,1,0,1
229,536,n,True,173,57,False,87,True,86,False,29,False,28,1,2.649710894,1.148602962,0.40117979,Azul,muchos,ruido,2 BN,0,3,1,0,0,0,0,0,0,0,0,0,0,0,1
230,160,s,True,174,57,True,88,False,86,False,29,False,28,6,2.755054951,1.254641056,0.80221796,Purpura,pocos,senal,4 AS,1,4,1,1,0,1,0,1,0,1,0,1,0,1,0
231,171,s,False,174,58,False,88,False,86,True,30,False,28,6,2.743265152,1.242080212,0.401376963,Naranja,pocos,ruido,1 AN,1,1,0,0,1,0,1,0,1,0,1,0,1,0,1
232,51,s,True,175,58,True,89,False,86,False,30,False,28,5,2.448588133,0.947530985,0.501938105,Purpura,pocos,senal,4 AS,1,4,1,0,0,1,0,1,0,1,0,1,0,1,0
233,32,s,True,176,58,True,90,False,86,False,30,False,28,6,2.454283953,0.953124046,0.602356911,Purpura,pocos,senal,4 AS,1,4,1,1,0,1,0,1,0,1,0,1,0,1,0
234,401,s,True,177,58,True,91,False,86,False,30,False,28,5,2.649235964,1.148134947,0.401004076,Naranja,muchos,senal,3 BS,1,4,1,0,0,1,0,1,0,1,0,1,0,1,0
235,244,n,True,178,58,False,91,True,87,False,30,False,28,3,2.654345036,1.15321207,0.501281977,Azul,pocos,ruido,1 AN,0,3,1,0,0,0,0,0,0,0,1,0,1,0,1
236,384,s,True,179,58,True,92,False,87,False,30,False,28,4,2.749170065,1.248075962,0.401195049,Azul,muchos,senal,3 BS,1,4,1,0,0,0,0,1,0,1,0,1,0,1,0
237,359,s,True,180,58,True,93,False,87,False,30,False,28,4,3.153877974,1.653548956,1.203179836,Naranja,muchos,senal,3 BS,1,4,1,0,0,0,0,1,0,1,0,1,0,1,0
238,292,n,True,181,58,False,93,True,88,False,30,False,28,1,2.653028011,1.151917934,0.501386166,Azul,pocos,ruido,1 AN,0,3,1,0,0,0,0,0,0,0,0,0,0,0,1
239,164,s,False,181,59,False,93,False,88,True,31,False,28,6,2.55419302,1.053062916,1.303719997,Azul,pocos,ruido,1 AN,1,1,0,0,1,0,1,0,1,0,1,0,1,0,1
240,25,s,True,182,59,True,94,False,88,False,31,False,28,6,2.654975891,1.15386796,0.50139904,Purpura,pocos,senal,4 AS,1,4,1,1,0,1,0,1,0,1,0,1,0,1,0
241,493,s,False,182,60,False,94,False,88,True,32,False,28,4,2.549081087,1.047968864,0.40121913,Purpura,muchos,ruido,2 BN,1,1,0,0,0,0,0,0,1,0,1,0,1,0,1
242,494,n,True,183,60,False,94,True,89,False,32,False,28,2,3.050708056,1.549622059,0.601501942,Azul,muchos,ruido,2 BN,0,3,1,0,0,0,0,0,0,0,0,0,1,0,1
243,430,s,True,184,60,True,95,False,89,False,32,False,28,6,2.749351025,1.248274088,0.60176301,Azul,muchos,senal,3 BS,1,4,1,1,0,1,0,1,0,1,0,1,0,1,0
244,131,s,True,185,60,True,96,False,89,False,32,False,28,6,2.554924965,1.053745985,0.501176834,Purpura,pocos,senal,4 AS,1,4,1,1,0,1,0,1,0,1,0,1,0,1,0
245,202,s,False,185,61,False,96,False,89,True,33,False,28,6,2.643260002,1.142087936,1.002535105,Azul,pocos,ruido,1 AN,1,1,0,0,1,0,1,0,1,0,1,0,1,0,1
246,204,s,False,185,62,False,96,False,89,True,34,False,28,6,2.051091909,0.54995203,1.403053999,Verde,pocos,ruido,1 AN,1,1,0,0,1,0,1,0,1,0,1,0,1,0,1
247,352,s,True,186,62,True,97,False,89,False,34,False,28,4,2.55273509,1.052047014,0.501371145,Azul,muchos,senal,3 BS,1,4,1,0,0,0,0,1,0,1,0,1,0,1,0
248,453,s,True,187,62,True,98,False,89,False,34,False,28,5,2.449136972,0.948037863,2.507053852,Naranja,muchos,senal,3 BS,1,4,1,0,0,1,0,1,0,1,0,1,0,1,0
249,374,s,True,188,62,True,99,False,89,False,34,False,28,5,3.250502825,1.749274969,0.501214981,Purpura,muchos,senal,3 BS,1,4,1,0,0,1,0,1,0,1,0,1,0,1,0
250,424,s,True,189,62,True,100,False,89,False,34,False,28,5,3.551069975,2.049865007,0.602126837,Azul,muchos,senal,3 BS,1,4,1,0,0,1,0,1,0,1,0,1,0,1,0
251,23,s,True,190,62,True,101,False,89,False,34,False,28,6,2.94257617,1.441430092,1.102788925,Azul,pocos,senal,4 AS,1,4,1,1,0,1,0,1,0,1,0,1,0,1,0
252,294,n,True,191,62,False,101,True,90,False,34,False,28,1,2.154096842,0.653018951,0.701776981,Purpura,pocos,ruido,1 AN,0,3,1,0,0,0,0,0,0,0,0,0,0,0,1
253,250,s,False,191,63,False,101,False,90,True,35,False,28,5,2.854020119,1.353552103,0.501171112,Azul,pocos,ruido,1 AN,1,1,0,0,0,0,1,0,1,0,1,0,1,0,1
254,575,n,True,192,63,False,101,True,91,False,35,False,28,2,2.649476051,1.148284912,4.410662889,Naranja,muchos,ruido,2 BN,0,3,1,0,0,0,0,0,0,0,0,0,1,0,1
255,476,s,True,193,63,True,102,False,91,False,35,False,28,6,2.550216913,1.049166918,0.902858973,Naranja,muchos,senal,3 BS,1,4,1,1,0,1,0,1,0,1,0,1,0,1,0
256,482,s,False,193,64,False,102,False,91,True,36,False,28,6,1.847461939,0.346349955,0.802282095,Naranja,muchos,ruido,2 BN,1,1,0,0,1,0,1,0,1,0,1,0,1,0,1
257,38,s,True,194,64,True,103,False,91,False,36,False,28,5,2.453781843,0.952680826,0.402630806,Purpura,pocos,senal,4 AS,1,4,1,0,0,1,0,1,0,1,0,1,0,1,0
258,440,s,True,195,64,True,104,False,91,False,36,False,28,6,2.550127983,1.048990965,0.501651049,Azul,muchos,senal,3 BS,1,4,1,1,0,1,0,1,0,1,0,1,0,1,0
259,165,s,False,195,65,False,104,False,91,True,37,False,28,5,2.353041172,0.8518641,0.501520872,Verde,pocos,ruido,1 AN,1,1,0,0,0,0,1,0,1,0,1,0,1,0,1
260,522,s,False,195,66,False,104,False,91,True,38,False,28,5,2.148889065,0.64773488,0.601446152,Purpura,muchos,ruido,2 BN,1,1,0,0,0,0,1,0,1,0,1,0,1,0,1
261,526,n,True,196,66,False,104,True,92,False,38,False,28,2,2.750821829,1.249675989,0.501689196,Azul,muchos,ruido,2 BN,0,3,1,0,0,0,0,0,0,0,0,0,1,0,1
262,315,n,True,197,66,False,104,True,93,False,38,False,28,1,2.653956175,1.152832031,1.102876902,Verde,pocos,ruido,1 AN,0,3,1,0,0,0,0,0,0,0,0,0,0,0,1
263,572,s,False,197,67,False,104,False,93,True,39,False,28,6,2.148527861,0.647385836,1.40384078,Naranja,muchos,ruido,2 BN,1,1,0,0,1,0,1,0,1,0,1,0,1,0,1
264,348,s,True,198,67,True,105,False,93,False,39,False,28,4,3.551414013,2.050348997,0.501451015,Purpura,muchos,senal,3 BS,1,4,1,0,0,0,0,1,0,1,0,1,0,1,0
265,513,s,False,198,68,False,105,False,93,True,40,False,28,6,2.448486805,0.947429895,0.401158094,Azul,muchos,ruido,2 BN,1,1,0,0,1,0,1,0,1,0,1,0,1,0,1
266,450,s,True,199,68,True,106,False,93,False,40,False,28,6,1.851028919,0.350400925,0.501374006,Naranja,muchos,senal,3 BS,1,4,1,1,0,1,0,1,0,1,0,1,0,1,0
267,139,s,True,200,68,True,107,False,93,False,40,False,28,6,1.650595903,0.150263071,0.300906897,Naranja,pocos,senal,4 AS,1,4,1,1,0,1,0,1,0,1,0,1,0,1,0
268,516,s,False,200,69,False,107,False,93,True,41,False,28,6,1.650654793,0.149993181,0.802112103,Purpura,muchos,ruido,2 BN,1,1,0,0,1,0,1,0,1,0,1,0,1,0,1
269,151,s,True,201,69,True,108,False,93,False,41,False,28,6,1.651863813,0.150744915,0.300891876,Azul,pocos,senal,4 AS,1,4,1,1,0,1,0,1,0,1,0,1,0,1,0
270,133,s,True,202,69,True,109,False,93,False,41,False,28,6,1.952296019,0.451165915,0.300812006,Verde,pocos,senal,4 AS,1,4,1,1,0,1,0,1,0,1,0,1,0,1,0
271,308,n,True,203,69,False,109,True,94,False,41,False,28,2,2.448826075,0.94771409,0.601703882,Naranja,pocos,ruido,1 AN,0,3,1,0,0,0,0,0,0,0,0,0,1,0,1
272,369,s,True,204,69,True,110,False,94,False,41,False,28,5,2.449187994,0.948010921,0.401122093,Naranja,muchos,senal,3 BS,1,4,1,0,0,1,0,1,0,1,0,1,0,1,0
273,339,s,True,205,69,True,111,False,94,False,41,False,28,5,1.847239971,0.346139908,0.501801968,Azul,muchos,senal,3 BS,1,4,1,0,0,1,0,1,0,1,0,1,0,1,0
274,108,s,True,206,69,True,112,False,94,False,41,False,28,6,2.242331028,0.741143942,0.401192904,Verde,pocos,senal,4 AS,1,4,1,1,0,1,0,1,0,1,0,1,0,1,0
275,559,n,True,207,69,False,112,True,95,False,41,False,28,1,1.747234106,0.246084929,0.701770067,Naranja,muchos,ruido,2 BN,0,3,1,0,0,0,0,0,0,0,0,0,0,0,1
276,42,s,True,208,69,True,113,False,95,False,41,False,28,6,2.041069031,0.539983034,0.902485132,Azul,pocos,senal,4 AS,1,4,1,1,0,1,0,1,0,1,0,1,0,1,0
277,3,s,True,209,69,True,114,False,95,False,41,False,28,6,2.453184843,0.952054024,0.50135088,Purpura,pocos,senal,4 AS,1,4,1,1,0,1,0,1,0,1,0,1,0,1,0
278,168,s,False,209,70,False,114,False,95,True,42,False,28,4,2.653972149,1.152801991,0.401239872,Naranja,pocos,ruido,1 AN,1,1,0,0,0,0,0,0,1,0,1,0,1,0,1
279,446,s,True,210,70,True,115,False,95,False,42,False,28,5,2.553103924,1.052601814,0.501716137,Azul,muchos,senal,3 BS,1,4,1,0,0,1,0,1,0,1,0,1,0,1,0
280,67,s,True,211,70,True,116,False,95,False,42,False,28,6,2.452398062,0.951261997,0.401159048,Purpura,pocos,senal,4 AS,1,4,1,1,0,1,0,1,0,1,0,1,0,1,0
281,95,s,True,212,70,True,117,False,95,False,42,False,28,6,1.952342033,0.451159954,0.401220083,Verde,pocos,senal,4 AS,1,4,1,1,0,1,0,1,0,1,0,1,0,1,0
282,326,s,True,213,70,True,118,False,95,False,42,False,28,4,2.549195051,1.048089027,0.501747131,Purpura,muchos,senal,3 BS,1,4,1,0,0,0,0,1,0,1,0,1,0,1,0
283,314,n,True,214,70,False,118,True,96,False,42,False,28,1,1.651562929,0.150754929,0.501210928,Azul,pocos,ruido,1 AN,0,3,1,0,0,0,0,0,0,0,0,0,0,0,1
284,573,n,True,215,70,False,118,True,97,False,42,False,28,1,1.650614023,0.149959087,0.401173115,Purpura,muchos,ruido,2 BN,0,3,1,0,0,0,0,0,0,0,0,0,0,0,1
285,329,s,True,216,70,True,119,False,97,False,42,False,28,5,1.847455025,0.346317053,0.401079893,Purpura,muchos,senal,3 BS,1,4,1,0,0,1,0,1,0,1,0,1,0,1,0
286,579,s,False,216,71,False,119,False,97,True,43,False,28,6,1.648572922,0.147387981,0.40119791,Verde,muchos,ruido,2 BN,1,1,0,0,1,0,1,0,1,0,1,0,1,0,1
287,381,s,True,217,71,True,120,False,97,False,43,False,28,5,3.054265976,1.553616047,0.401030064,Azul,muchos,senal,3 BS,1,4,1,0,0,1,0,1,0,1,0,1,0,1,0
288,431,s,True,218,71,True,121,False,97,False,43,False,28,5,2.448653936,0.947556973,0.300919056,Naranja,muchos,senal,3 BS,1,4,1,0,0,1,0,1,0,1,0,1,0,1,0
289,96,s,True,219,71,True,122,False,97,False,43,False,28,6,2.154330969,0.653215885,0.300945044,Purpura,pocos,senal,4 AS,1,4,1,1,0,1,0,1,0,1,0,1,0,1,0
290,16,s,True,220,71,True,123,False,97,False,43,False,28,6,2.448786974,0.947683811,0.300683022,Purpura,pocos,senal,4 AS,1,4,1,1,0,1,0,1,0,1,0,1,0,1,0
291,584,n,True,221,71,False,123,True,98,False,43,False,28,1,2.25197196,0.751671076,0.401031971,Azul,muchos,ruido,2 BN,0,3,1,0,0,0,0,0,0,0,0,0,0,0,1
292,505,s,False,221,72,False,123,False,98,True,44,False,28,6,2.649420977,1.148364067,0.601834059,Verde,muchos,ruido,2 BN,1,1,0,0,1,0,1,0,1,0,1,0,1,0,1
293,109,s,True,222,72,True,124,False,98,False,44,False,28,6,2.352890968,0.851717949,0.401199818,Azul,pocos,senal,4 AS,1,4,1,1,0,1,0,1,0,1,0,1,0,1,0
294,529,s,False,222,73,False,124,False,98,True,45,False,28,5,2.348860979,0.847775936,0.400949001,Azul,muchos,ruido,2 BN,1,1,0,0,0,0,1,0,1,0,1,0,1,0,1
295,473,s,True,223,73,True,125,False,98,False,45,False,28,6,1.84740901,0.346305132,0.301049948,Verde,muchos,senal,3 BS,1,4,1,1,0,1,0,1,0,1,0,1,0,1,0
296,606,n,True,224,73,False,125,True,99,False,45,False,28,1,1.84739399,0.346252918,0.401327133,Azul,muchos,ruido,2 BN,0,3,1,0,0,0,0,0,0,0,0,0,0,0,1
297,195,s,False,224,74,False,125,False,99,True,46,False,28,6,2.955465078,1.454267025,0.400990009,Purpura,pocos,ruido,1 AN,1,1,0,0,1,0,1,0,1,0,1,0,1,0,1
298,93,s,True,225,74,True,126,False,99,False,46,False,28,6,1.751971006,0.250821829,0.401175022,Azul,pocos,senal,4 AS,1,4,1,1,0,1,0,1,0,1,0,1,0,1,0
299,91,s,True,226,74,True,127,False,99,False,46,False,28,6,1.952280998,0.451163054,0.401205063,Naranja,pocos,senal,4 AS,1,4,1,1,0,1,0,1,0,1,0,1,0,1,0
300,591,n,True,227,74,False,127,True,100,False,46,False,28,1,2.248430014,0.747262001,0.401199102,Naranja,muchos,ruido,2 BN,0,3,1,0,0,0,0,0,0,0,0,0,0,0,1
301,460,s,True,228,74,True,128,False,100,False,46,False,28,6,1.646860123,0.145694971,0.301020145,Naranja,muchos,senal,3 BS,1,4,1,1,0,1,0,1,0,1,0,1,0,1,0
302,20,s,True,229,74,True,129,False,100,False,46,False,28,6,2.24053216,0.74032712,0.301384926,Azul,pocos,senal,4 AS,1,4,1,1,0,1,0,1,0,1,0,1,0,1,0
303,378,s,True,230,74,True,130,False,100,False,46,False,28,5,1.948137045,0.447024107,0.300799847,Azul,muchos,senal,3 BS,1,4,1,0,0,1,0,1,0,1,0,1,0,1,0
304,528,n,True,231,74,False,130,True,101,False,46,False,28,2,2.047858,0.547369003,0.501608133,Verde,muchos,ruido,2 BN,0,3,1,0,0,0,0,0,0,0,0,0,1,0,1
305,612,n,True,232,74,False,130,True,102,False,46,False,28,2,2.051249027,0.551087856,0.401034117,Purpura,muchos,ruido,2 BN,0,3,1,0,0,0,0,0,0,0,0,0,1,0,1
306,411,s,True,233,74,True,131,False,102,False,46,False,28,5,2.355435848,0.854859829,0.401263952,Verde,muchos,senal,3 BS,1,4,1,0,0,1,0,1,0,1,0,1,0,1,0
307,80,s,True,234,74,True,132,False,102,False,46,False,28,5,1.647436142,0.146368027,0.401503086,Purpura,pocos,senal,4 AS,1,4,1,0,0,1,0,1,0,1,0,1,0,1,0
308,102,s,True,235,74,True,133,False,102,False,46,False,28,6,1.852364063,0.351151943,0.401172161,Purpura,pocos,senal,4 AS,1,4,1,1,0,1,0,1,0,1,0,1,0,1,0
309,484,s,False,235,75,False,133,False,102,True,47,False,28,6,1.847645998,0.346379995,0.401915073,Purpura,muchos,ruido,2 BN,1,1,0,0,1,0,1,0,1,0,1,0,1,0,1
310,225,n,True,236,75,False,133,True,103,False,47,False,28,2,2.5545609,1.053459167,0.502291203,Naranja,pocos,ruido,1 AN,0,3,1,0,0,0,0,0,0,0,0,0,1,0,1
311,383,s,True,237,75,True,134,False,103,False,47,False,28,5,2.251050949,0.749927998,0.50145793,Purpura,muchos,senal,3 BS,1,4,1,0,0,1,0,1,0,1,0,1,0,1,0
312,389,s,True,238,75,True,135,False,103,False,47,False,28,5,1.954274178,0.453041077,0.401258945,Verde,muchos,senal,3 BS,1,4,1,0,0,1,0,1,0,1,0,1,0,1,0
313,506,s,False,238,76,False,135,False,103,True,48,False,28,6,1.948529959,0.448355198,0.401893139,Purpura,muchos,ruido,2 BN,1,1,0,0,1,0,1,0,1,0,1,0,1,0,1
314,120,s,True,239,76,True,136,False,103,False,48,False,28,5,2.457141876,0.955965996,0.401288986,Naranja,pocos,senal,4 AS,1,4,1,0,0,1,0,1,0,1,0,1,0,1,0
315,568,s,False,239,77,False,136,False,103,True,49,False,28,5,2.643049002,1.141937017,0.501346827,Azul,muchos,ruido,2 BN,1,1,0,0,0,0,1,0,1,0,1,0,1,0,1
316,552,n,True,240,77,False,136,True,104,False,49,False,28,2,2.247836113,0.746598959,0.802158117,Azul,muchos,ruido,2 BN,0,3,1,0,0,0,0,0,0,0,0,0,1,0,1
317,87,s,True,241,77,True,137,False,104,False,49,False,28,6,2.453206062,0.952074051,0.30138588,Azul,pocos,senal,4 AS,1,4,1,1,0,1,0,1,0,1,0,1,0,1,0
318,477,s,True,242,77,True,138,False,104,False,49,False,28,6,1.847279072,0.346187115,0.401033878,Purpura,muchos,senal,3 BS,1,4,1,1,0,1,0,1,0,1,0,1,0,1,0
319,153,s,True,243,77,True,139,False,104,False,49,False,28,6,2.254189014,0.753010035,0.301004887,Purpura,pocos,senal,4 AS,1,4,1,1,0,1,0,1,0,1,0,1,0,1,0
320,397,s,True,244,77,True,140,False,104,False,49,False,28,5,2.448719978,0.947718859,0.200801134,Azul,muchos,senal,3 BS,1,4,1,0,0,1,0,1,0,1,0,1,0,1,0
321,310,n,True,245,77,False,140,True,105,False,49,False,28,1,2.355732918,0.854638815,0.401565075,Purpura,pocos,ruido,1 AN,0,3,1,0,0,0,0,0,0,0,0,0,0,0,1
322,611,n,True,246,77,False,140,True,106,False,49,False,28,2,2.450234175,0.949184179,0.401720047,Verde,muchos,ruido,2 BN,0,3,1,0,0,0,0,0,0,0,0,0,1,0,1
323,640,n,True,247,77,False,140,True,107,False,49,False,28,1,2.048265219,0.547147036,0.401056767,Verde,muchos,ruido,2 BN,0,3,1,0,0,0,0,0,0,0,0,0,0,0,1
324,380,s,True,248,77,True,141,False,107,False,49,False,28,6,1.951332808,0.450743914,0.401046038,Purpura,muchos,senal,3 BS,1,4,1,1,0,1,0,1,0,1,0,1,0,1,0
325,510,s,False,248,78,False,141,False,107,True,50,False,28,4,3.955628872,2.455039978,0.300939083,Azul,muchos,ruido,2 BN,1,1,0,0,0,0,0,0,1,0,1,0,1,0,1
326,365,s,True,249,78,True,142,False,107,False,50,False,28,4,2.449259043,0.947957993,0.30073595,Azul,muchos,senal,3 BS,1,4,1,0,0,0,0,1,0,1,0,1,0,1,0
327,445,s,True,250,78,True,143,False,107,False,50,False,28,6,1.94770503,0.446640968,0.200690031,Purpura,muchos,senal,3 BS,1,4,1,1,0,1,0,1,0,1,0,1,0,1,0
328,543,n,True,251,78,False,143,True,108,False,50,False,28,2,2.850600004,1.349546909,0.701673985,Naranja,muchos,ruido,2 BN,0,3,1,0,0,0,0,0,0,0,0,0,1,0,1
329,215,n,True,252,78,False,143,True,109,False,50,False,28,1,2.148691177,0.647525072,0.401074171,Azul,pocos,ruido,1 AN,0,3,1,0,0,0,0,0,0,0,0,0,0,0,1
330,256,n,True,253,78,False,143,True,110,False,50,False,28,1,2.252990961,0.751795053,0.401100159,Purpura,pocos,ruido,1 AN,0,3,1,0,0,0,0,0,0,0,0,0,0,0,1
331,404,n,False,253,79,False,143,False,110,False,50,True,29,2,2.349897861,0.848755836,0.401186943,Naranja,muchos,senal,3 BS,0,2,0,0,0,0,0,0,0,0,0,1,0,1,0
332,585,s,False,253,80,False,143,False,110,True,51,False,29,6,1.947689056,0.446554899,0.401561975,Verde,muchos,ruido,2 BN,1,1,0,0,1,0,1,0,1,0,1,0,1,0,1
333,524,s,False,253,81,False,143,False,110,True,52,False,29,6,2.049039125,0.547966957,0.401266813,Naranja,muchos,ruido,2 BN,1,1,0,0,1,0,1,0,1,0,1,0,1,0,1
334,149,s,True,254,81,True,144,False,110,False,52,False,29,6,1.951106071,0.450024128,0.300965071,Verde,pocos,senal,4 AS,1,4,1,1,0,1,0,1,0,1,0,1,0,1,0
335,262,n,True,255,81,False,144,True,111,False,52,False,29,2,4.860216141,3.359034061,1.203010082,Purpura,pocos,ruido,1 AN,0,3,1,0,0,0,0,0,0,0,0,0,1,0,1
336,173,s,False,255,82,False,144,False,111,True,53,False,29,5,2.743028879,1.241991997,0.300848007,Azul,pocos,ruido,1 AN,1,1,0,0,0,0,1,0,1,0,1,0,1,0,1
337,238,n,True,256,82,False,144,True,112,False,53,False,29,1,2.65083003,1.149745941,0.50129199,Naranja,pocos,ruido,1 AN,0,3,1,0,0,0,0,0,0,0,0,0,0,0,1
338,272,n,True,257,82,False,144,True,113,False,53,False,29,1,1.847949982,0.346820831,0.401132822,Purpura,pocos,ruido,1 AN,0,3,1,0,0,0,0,0,0,0,0,0,0,0,1
339,463,s,True,258,82,True,145,False,113,False,53,False,29,6,2.44964695,0.948601007,0.401002884,Naranja,muchos,senal,3 BS,1,4,1,1,0,1,0,1,0,1,0,1,0,1,0
340,248,n,True,259,82,False,145,True,114,False,53,False,29,3,4.655143976,3.153954983,0.602235079,Naranja,pocos,ruido,1 AN,0,3,1,0,0,0,0,0,0,0,1,0,1,0,1
341,190,s,False,259,83,False,145,False,114,True,54,False,29,4,4.157667875,2.656631947,0.701855898,Naranja,pocos,ruido,1 AN,1,1,0,0,0,0,0,0,1,0,1,0,1,0,1
342,426,s,True,260,83,True,146,False,114,False,54,False,29,5,2.549715042,1.048537016,0.300865173,Purpura,muchos,senal,3 BS,1,4,1,0,0,1,0,1,0,1,0,1,0,1,0
343,615,n,True,261,83,False,146,True,115,False,54,False,29,1,1.947336912,0.446278811,1.102692842,Purpura,muchos,ruido,2 BN,0,3,1,0,0,0,0,0,0,0,0,0,0,0,1
344,174,n,True,262,83,False,146,True,116,False,54,False,29,1,2.448210001,0.94699502,0.501357079,Naranja,pocos,ruido,1 AN,0,3,1,0,0,0,0,0,0,0,0,0,0,0,1
345,555,s,False,262,84,False,146,False,116,True,55,False,29,6,2.347845078,0.846659899,0.401146889,Azul,muchos,ruido,2 BN,1,1,0,0,1,0,1,0,1,0,1,0,1,0,1
346,301,n,True,263,84,False,146,True,117,False,55,False,29,1,1.940919876,0.439803839,1.00267911,Azul,pocos,ruido,1 AN,0,3,1,0,0,0,0,0,0,0,0,0,0,0,1
347,434,s,True,264,84,True,147,False,117,False,55,False,29,5,2.549278021,1.048105955,0.300921202,Naranja,muchos,senal,3 BS,1,4,1,0,0,1,0,1,0,1,0,1,0,1,0
348,189,s,False,264,85,False,147,False,117,True,56,False,29,5,2.452137947,0.951020956,0.401027918,Azul,pocos,ruido,1 AN,1,1,0,0,0,0,1,0,1,0,1,0,1,0,1
349,285,s,False,264,86,False,147,False,117,True,57,False,29,6,2.253906965,0.752715826,0.300814867,Azul,pocos,ruido,1 AN,1,1,0,0,1,0,1,0,1,0,1,0,1,0,1
350,140,s,True,265,86,True,148,False,117,False,57,False,29,6,1.651464939,0.150292158,0.401062965,Verde,pocos,senal,4 AS,1,4,1,1,0,1,0,1,0,1,0,1,0,1,0
351,432,s,True,266,86,True,149,False,117,False,57,False,29,6,1.948900938,0.447757959,0.401173115,Verde,muchos,senal,3 BS,1,4,1,1,0,1,0,1,0,1,0,1,0,1,0
352,211,s,False,266,87,False,149,False,117,True,58,False,29,6,1.951588154,0.451291084,0.300945044,Purpura,pocos,ruido,1 AN,1,1,0,0,1,0,1,0,1,0,1,0,1,0,1
353,170,s,False,266,88,False,149,False,117,True,59,False,29,6,1.748030901,0.246836901,0.301074982,Azul,pocos,ruido,1 AN,1,1,0,0,1,0,1,0,1,0,1,0,1,0,1
354,360,s,True,267,88,True,150,False,117,False,59,False,29,6,1.647020102,0.145913124,0.200680971,Verde,muchos,senal,3 BS,1,4,1,1,0,1,0,1,0,1,0,1,0,1,0
355,570,s,False,267,89,False,150,False,117,True,60,False,29,6,2.351274014,0.850762129,0.300791979,Purpura,muchos,ruido,2 BN,1,1,0,0,1,0,1,0,1,0,1,0,1,0,1
356,232,n,True,268,89,False,150,True,118,False,60,False,29,2,2.154651165,0.653554201,0.501827955,Naranja,pocos,ruido,1 AN,0,3,1,0,0,0,0,0,0,0,0,0,1,0,1
357,458,s,True,269,89,True,151,False,118,False,60,False,29,6,2.247923851,0.747279167,0.300699949,Purpura,muchos,senal,3 BS,1,4,1,1,0,1,0,1,0,1,0,1,0,1,0
358,141,s,True,270,89,True,152,False,118,False,60,False,29,6,2.44253993,0.941401005,0.300843,Azul,pocos,senal,4 AS,1,4,1,1,0,1,0,1,0,1,0,1,0,1,0
359,486,n,True,271,89,False,152,True,119,False,60,False,29,2,3.252283812,1.75113678,0.501379967,Verde,muchos,ruido,2 BN,0,3,1,0,0,0,0,0,0,0,0,0,1,0,1
360,218,n,True,272,89,False,152,True,120,False,60,False,29,3,2.553939104,1.052765131,0.5013659,Azul,pocos,ruido,1 AN,0,3,1,0,0,0,0,0,0,0,1,0,1,0,1
361,213,n,True,273,89,False,152,True,121,False,60,False,29,3,2.84317708,1.342665911,0.501706839,Verde,pocos,ruido,1 AN,0,3,1,0,0,0,0,0,0,0,1,0,1,0,1
362,56,s,True,274,89,True,153,False,121,False,60,False,29,6,2.349784136,0.848747969,0.300817013,Naranja,pocos,senal,4 AS,1,4,1,1,0,1,0,1,0,1,0,1,0,1,0
363,410,s,True,275,89,True,154,False,121,False,60,False,29,5,3.051359892,1.550235987,0.300883055,Azul,muchos,senal,3 BS,1,4,1,0,0,1,0,1,0,1,0,1,0,1,0
364,398,s,True,276,89,True,155,False,121,False,60,False,29,6,2.548927069,1.047759056,0.200716972,Naranja,muchos,senal,3 BS,1,4,1,1,0,1,0,1,0,1,0,1,0,1,0
365,233,s,False,276,90,False,155,False,121,True,61,False,29,6,2.341509104,0.840357065,0.300804853,Purpura,pocos,ruido,1 AN,1,1,0,0,1,0,1,0,1,0,1,0,1,0,1
366,604,s,False,276,91,False,155,False,121,True,62,False,29,6,1.847360134,0.346173048,0.300783873,Naranja,muchos,ruido,2 BN,1,1,0,0,1,0,1,0,1,0,1,0,1,0,1
367,163,s,False,276,92,False,155,False,121,True,63,False,29,6,2.453472853,0.952375889,1.303988934,Purpura,pocos,ruido,1 AN,1,1,0,0,1,0,1,0,1,0,1,0,1,0,1
368,246,n,True,277,92,False,155,True,122,False,63,False,29,1,2.248114109,0.746938944,0.40113616,Purpura,pocos,ruido,1 AN,0,3,1,0,0,0,0,0,0,0,0,0,0,0,1
369,583,n,True,278,92,False,155,True,123,False,63,False,29,1,1.948764086,0.447648048,0.401209116,Purpura,muchos,ruido,2 BN,0,3,1,0,0,0,0,0,0,0,0,0,0,0,1
370,343,s,True,279,92,True,156,False,123,False,63,False,29,5,2.952746153,1.452194214,0.401147842,Naranja,muchos,senal,3 BS,1,4,1,0,0,1,0,1,0,1,0,1,0,1,0
371,468,s,True,280,92,True,157,False,123,False,63,False,29,6,2.549075127,1.04787302,0.200675011,Purpura,muchos,senal,3 BS,1,4,1,1,0,1,0,1,0,1,0,1,0,1,0
372,630,n,True,281,92,False,157,True,124,False,63,False,29,1,2.550421,1.049319983,0.501371145,Verde,muchos,ruido,2 BN,0,3,1,0,0,0,0,0,0,0,0,0,0,0,1
373,457,s,True,282,92,True,158,False,124,False,63,False,29,6,2.248377085,0.747279167,0.200690985,Verde,muchos,senal,3 BS,1,4,1,1,0,1,0,1,0,1,0,1,0,1,0
374,288,n,True,283,92,False,158,True,125,False,63,False,29,1,2.052611113,0.551501989,0.401726007,Purpura,pocos,ruido,1 AN,0,3,1,0,0,0,0,0,0,0,0,0,0,0,1
375,393,s,True,284,92,True,159,False,125,False,63,False,29,5,2.349770069,0.848641872,0.300839901,Purpura,muchos,senal,3 BS,1,4,1,0,0,1,0,1,0,1,0,1,0,1,0
376,82,s,True,285,92,True,160,False,125,False,63,False,29,6,2.449316025,0.948226929,0.300782919,Verde,pocos,senal,4 AS,1,4,1,1,0,1,0,1,0,1,0,1,0,1,0
377,636,s,False,285,93,False,160,False,125,True,64,False,29,5,2.453055143,0.952902079,0.401157141,Azul,muchos,ruido,2 BN,1,1,0,0,0,0,1,0,1,0,1,0,1,0,1
378,145,s,True,286,93,True,161,False,125,False,64,False,29,6,2.55381012,1.052668095,0.300889969,Naranja,pocos,senal,4 AS,1,4,1,1,0,1,0,1,0,1,0,1,0,1,0
379,234,s,False,286,94,False,161,False,125,True,65,False,29,6,2.342236042,0.841134071,0.300781965,Azul,pocos,ruido,1 AN,1,1,0,0,1,0,1,0,1,0,1,0,1,0,1
380,48,s,True,287,94,True,162,False,125,False,65,False,29,5,2.248219967,0.747092009,0.300881147,Purpura,pocos,senal,4 AS,1,4,1,0,0,1,0,1,0,1,0,1,0,1,0
381,40,s,True,288,94,True,163,False,125,False,65,False,29,6,2.353290081,0.852705002,0.200631142,Naranja,pocos,senal,4 AS,1,4,1,1,0,1,0,1,0,1,0,1,0,1,0
382,81,s,True,289,94,True,164,False,125,False,65,False,29,6,2.252961159,0.751915932,0.30086422,Naranja,pocos,senal,4 AS,1,4,1,1,0,1,0,1,0,1,0,1,0,1,0
383,88,s,True,290,94,True,165,False,125,False,65,False,29,6,2.354461908,0.853298903,0.200873852,Naranja,pocos,senal,4 AS,1,4,1,1,0,1,0,1,0,1,0,1,0,1,0
384,61,s,True,291,94,True,166,False,125,False,65,False,29,6,2.251852036,0.750757933,0.300993919,Azul,pocos,senal,4 AS,1,4,1,1,0,1,0,1,0,1,0,1,0,1,0
385,43,s,True,292,94,True,167,False,125,False,65,False,29,6,2.141895771,0.640791893,0.401301861,Naranja,pocos,senal,4 AS,1,4,1,1,0,1,0,1,0,1,0,1,0,1,0
386,12,s,True,293,94,True,168,False,125,False,65,False,29,5,2.442029953,0.940890789,0.301054001,Verde,pocos,senal,4 AS,1,4,1,0,0,1,0,1,0,1,0,1,0,1,0
387,590,n,True,294,94,False,168,True,126,False,65,False,29,1,1.847302198,0.346228123,0.401695013,Azul,muchos,ruido,2 BN,0,3,1,0,0,0,0,0,0,0,0,0,0,0,1
388,156,s,True,295,94,True,169,False,126,False,65,False,29,6,1.652719021,0.151551008,0.300899982,Verde,pocos,senal,4 AS,1,4,1,1,0,1,0,1,0,1,0,1,0,1,0
389,504,n,True,296,94,False,169,True,127,False,65,False,29,2,2.549247026,1.048717976,0.50129509,Azul,muchos,ruido,2 BN,0,3,1,0,0,0,0,0,0,0,0,0,1,0,1
390,4,s,True,297,94,True,170,False,127,False,65,False,29,6,3.155546904,1.654474974,0.300915003,Azul,pocos,senal,4 AS,1,4,1,1,0,1,0,1,0,1,0,1,0,1,0
391,312,n,True,298,94,False,170,True,128,False,65,False,29,1,2.453469038,0.952377081,0.602023125,Verde,pocos,ruido,1 AN,0,3,1,0,0,0,0,0,0,0,0,0,0,0,1
392,193,s,False,298,95,False,170,False,128,True,66,False,29,5,2.554089785,1.052953959,0.200800896,Naranja,pocos,ruido,1 AN,1,1,0,0,0,0,1,0,1,0,1,0,1,0,1
393,627,n,True,299,95,False,170,True,129,False,66,False,29,1,2.247977018,0.746931076,0.501504898,Verde,muchos,ruido,2 BN,0,3,1,0,0,0,0,0,0,0,0,0,0,0,1
394,497,s,False,299,96,False,170,False,129,True,67,False,29,5,2.149239063,0.648153067,0.401659012,Azul,muchos,ruido,2 BN,1,1,0,0,0,0,1,0,1,0,1,0,1,0,1
395,451,s,True,300,96,True,171,False,129,False,67,False,29,6,1.645929813,0.144814014,0.701922894,Verde,muchos,senal,3 BS,1,4,1,1,0,1,0,1,0,1,0,1,0,1,0
396,305,n,True,301,96,False,171,True,130,False,67,False,29,2,2.751523972,1.250418901,0.300899982,Naranja,pocos,ruido,1 AN,0,3,1,0,0,0,0,0,0,0,0,0,1,0,1
397,162,s,False,301,97,False,171,False,130,True,68,False,29,5,2.353397131,0.852324009,0.300841093,Verde,pocos,ruido,1 AN,1,1,0,0,0,0,1,0,1,0,1,0,1,0,1
398,94,s,True,302,97,True,172,False,130,False,68,False,29,6,1.751995087,0.250808954,0.300826073,Naranja,pocos,senal,4 AS,1,4,1,1,0,1,0,1,0,1,0,1,0,1,0
399,480,s,True,303,97,True,173,False,130,False,68,False,29,6,1.650599957,0.149961948,0.10043788,Verde,muchos,senal,3 BS,1,4,1,1,0,1,0,1,0,1,0,1,0,1,0
400,253,n,True,304,97,False,173,True,131,False,68,False,29,2,2.353598118,0.852437019,0.601661921,Azul,pocos,ruido,1 AN,0,3,1,0,0,0,0,0,0,0,0,0,1,0,1
401,45,s,True,305,97,True,174,False,131,False,68,False,29,6,1.838090897,0.3370049,0.300865889,Azul,pocos,senal,4 AS,1,4,1,1,0,1,0,1,0,1,0,1,0,1,0
402,8,s,True,306,97,True,175,False,131,False,68,False,29,6,1.65300703,0.152450085,3.20768714,Naranja,pocos,senal,4 AS,1,4,1,1,0,1,0,1,0,1,0,1,0,1,0
403,550,n,True,307,97,False,175,True,132,False,68,False,29,1,2.547672033,1.046425819,0.300952911,Verde,muchos,ruido,2 BN,0,3,1,0,0,0,0,0,0,0,0,0,0,0,1
404,335,s,True,308,97,True,176,False,132,False,68,False,29,5,2.248317957,0.747178793,0.602202177,Purpura,muchos,senal,3 BS,1,4,1,0,0,1,0,1,0,1,0,1,0,1,0
405,187,s,False,308,98,False,176,False,132,True,69,False,29,6,2.253111839,0.752765894,0.301005125,Naranja,pocos,ruido,1 AN,1,1,0,0,1,0,1,0,1,0,1,0,1,0,1
406,582,n,True,309,98,False,176,True,133,False,69,False,29,1,1.651291847,0.150460005,0.401018143,Verde,muchos,ruido,2 BN,0,3,1,0,0,0,0,0,0,0,0,0,0,0,1
407,13,s,True,310,98,True,177,False,133,False,69,False,29,6,2.542166948,1.040970087,0.200737,Azul,pocos,senal,4 AS,1,4,1,1,0,1,0,1,0,1,0,1,0,1,0
408,167,s,False,310,99,False,177,False,133,True,70,False,29,6,1.951898098,0.450731993,0.301018953,Azul,pocos,ruido,1 AN,1,1,0,0,1,0,1,0,1,0,1,0,1,0,1
409,121,s,True,311,99,True,178,False,133,False,70,False,29,6,2.052575827,0.551435947,0.200781107,Purpura,pocos,senal,4 AS,1,4,1,1,0,1,0,1,0,1,0,1,0,1,0
410,147,s,True,312,99,True,179,False,133,False,70,False,29,6,2.253422976,0.752273083,0.200612068,Purpura,pocos,senal,4 AS,1,4,1,1,0,1,0,1,0,1,0,1,0,1,0
411,126,s,True,313,99,True,180,False,133,False,70,False,29,6,1.653160095,0.152006865,0.301441908,Naranja,pocos,senal,4 AS,1,4,1,1,0,1,0,1,0,1,0,1,0,1,0
412,179,s,False,313,100,False,180,False,133,True,71,False,29,6,1.646680117,0.145607948,0.20045495,Purpura,pocos,ruido,1 AN,1,1,0,0,1,0,1,0,1,0,1,0,1,0,1
413,231,s,False,313,101,False,180,False,133,True,72,False,29,6,2.052835941,0.551650047,0.301372051,Azul,pocos,ruido,1 AN,1,1,0,0,1,0,1,0,1,0,1,0,1,0,1
414,28,s,True,314,101,True,181,False,133,False,72,False,29,5,2.052917004,0.551861048,0.301389933,Verde,pocos,senal,4 AS,1,4,1,0,0,1,0,1,0,1,0,1,0,1,0
415,259,n,True,315,101,False,181,True,134,False,72,False,29,2,1.751816034,0.250735998,1.20311904,Purpura,pocos,ruido,1 AN,0,3,1,0,0,0,0,0,0,0,0,0,1,0,1
416,66,s,True,316,101,True,182,False,134,False,72,False,29,6,1.65317297,0.15209198,0.200705051,Verde,pocos,senal,4 AS,1,4,1,1,0,1,0,1,0,1,0,1,0,1,0
417,79,s,True,317,101,True,183,False,134,False,72,False,29,6,2.040758133,0.539638996,0.401055098,Verde,pocos,senal,4 AS,1,4,1,1,0,1,0,1,0,1,0,1,0,1,0
418,557,n,True,318,101,False,183,True,135,False,72,False,29,1,3.050667048,1.549494982,0.401217937,Purpura,muchos,ruido,2 BN,0,3,1,0,0,0,0,0,0,0,0,0,0,0,1
419,186,s,False,318,102,False,183,False,135,True,73,False,29,6,1.854635,0.353466034,0.401768923,Azul,pocos,ruido,1 AN,1,1,0,0,1,0,1,0,1,0,1,0,1,0,1
420,422,s,True,319,102,True,184,False,135,False,73,False,29,6,2.151025057,0.650636911,0.300899982,Verde,muchos,senal,3 BS,1,4,1,1,0,1,0,1,0,1,0,1,0,1,0
421,481,s,False,319,103,False,184,False,135,True,74,False,29,6,2.853340149,1.352904081,0.300900936,Azul,muchos,ruido,2 BN,1,1,0,0,1,0,1,0,1,0,1,0,1,0,1
422,281,n,True,320,103,False,184,True,136,False,74,False,29,3,2.854547977,1.353469849,0.501323938,Purpura,pocos,ruido,1 AN,0,3,1,0,0,0,0,0,0,0,1,0,1,0,1
423,469,s,True,321,103,True,185,False,136,False,74,False,29,6,1.747452974,0.246293068,0.30092907,Naranja,muchos,senal,3 BS,1,4,1,1,0,1,0,1,0,1,0,1,0,1,0
424,392,s,True,322,103,True,186,False,136,False,74,False,29,5,1.747633934,0.247484922,0.300843,Verde,muchos,senal,3 BS,1,4,1,0,0,1,0,1,0,1,0,1,0,1,0
425,222,n,True,323,103,False,186,True,137,False,74,False,29,2,2.554169893,1.053007841,0.601645947,Naranja,pocos,ruido,1 AN,0,3,1,0,0,0,0,0,0,0,0,0,1,0,1
426,631,n,True,324,103,False,186,True,138,False,74,False,29,1,1.647127151,0.14595294,0.401814938,Purpura,muchos,ruido,2 BN,0,3,1,0,0,0,0,0,0,0,0,0,0,0,1
427,224,n,True,325,103,False,186,True,139,False,74,False,29,1,2.052804947,0.551661968,0.401230097,Purpura,pocos,ruido,1 AN,0,3,1,0,0,0,0,0,0,0,0,0,0,0,1
428,89,s,True,326,103,True,187,False,139,False,74,False,29,5,1.652055979,0.150954962,0.200644016,Purpura,pocos,senal,4 AS,1,4,1,0,0,1,0,1,0,1,0,1,0,1,0
429,406,s,True,327,103,True,188,False,139,False,74,False,29,5,2.149418116,0.648328066,0.200593948,Purpura,muchos,senal,3 BS,1,4,1,0,0,1,0,1,0,1,0,1,0,1,0
430,470,s,True,328,103,True,189,False,139,False,74,False,29,6,1.646945953,0.145874977,0.10188818,Verde,muchos,senal,3 BS,1,4,1,1,0,1,0,1,0,1,0,1,0,1,0
431,159,s,True,329,103,True,190,False,139,False,74,False,29,6,1.651952028,0.15083313,0.100459099,Verde,pocos,senal,4 AS,1,4,1,1,0,1,0,1,0,1,0,1,0,1,0
432,59,s,True,330,103,True,191,False,139,False,74,False,29,6,3.356428862,1.85537982,0.300913095,Naranja,pocos,senal,4 AS,1,4,1,1,0,1,0,1,0,1,0,1,0,1,0
433,454,s,True,331,103,True,192,False,139,False,74,False,29,6,1.647457838,0.146289825,0.200726032,Verde,muchos,senal,3 BS,1,4,1,1,0,1,0,1,0,1,0,1,0,1,0
434,338,s,True,332,103,True,193,False,139,False,74,False,29,5,1.947780848,0.446656942,0.200676918,Verde,muchos,senal,3 BS,1,4,1,0,0,1,0,1,0,1,0,1,0,1,0
435,400,s,True,333,103,True,194,False,139,False,74,False,29,5,1.748812914,0.247611046,0.20067811,Azul,muchos,senal,3 BS,1,4,1,0,0,1,0,1,0,1,0,1,0,1,0
436,41,s,True,334,103,True,195,False,139,False,74,False,29,5,2.641082048,1.140016079,0.802248001,Purpura,pocos,senal,4 AS,1,4,1,0,0,1,0,1,0,1,0,1,0,1,0
437,70,s,True,335,103,True,196,False,139,False,74,False,29,6,1.953280926,0.452183962,0.301080942,Purpura,pocos,senal,4 AS,1,4,1,1,0,1,0,1,0,1,0,1,0,1,0
438,223,s,False,335,104,False,196,False,139,True,75,False,29,5,1.752024889,0.250951052,0.200737,Verde,pocos,ruido,1 AN,1,1,0,0,0,0,1,0,1,0,1,0,1,0,1
439,60,s,True,336,104,True,197,False,139,False,75,False,29,5,1.652981997,0.151928902,1.904734135,Verde,pocos,senal,4 AS,1,4,1,0,0,1,0,1,0,1,0,1,0,1,0
440,178,s,False,336,105,False,197,False,139,True,76,False,29,6,2.248603821,0.747537851,0.300805092,Verde,pocos,ruido,1 AN,1,1,0,0,1,0,1,0,1,0,1,0,1,0,1
441,498,s,False,336,106,False,197,False,139,True,77,False,29,6,2.649204016,1.148033857,0.200676918,Naranja,muchos,ruido,2 BN,1,1,0,0,1,0,1,0,1,0,1,0,1,0,1
442,264,n,True,337,106,False,197,True,140,False,77,False,29,1,2.05273509,0.551594973,0.401199818,Naranja,pocos,ruido,1 AN,0,3,1,0,0,0,0,0,0,0,0,0,0,0,1
443,161,s,False,337,107,False,197,False,140,True,78,False,29,5,2.152715206,0.651529074,0.300841093,Naranja,pocos,ruido,1 AN,1,1,0,0,0,0,1,0,1,0,1,0,1,0,1
444,316,n,True,338,107,False,197,True,141,False,78,False,29,1,1.852135897,0.350915909,0.401517868,Purpura,pocos,ruido,1 AN,0,3,1,0,0,0,0,0,0,0,0,0,0,0,1
445,319,n,True,339,107,False,197,True,142,False,78,False,29,1,2.355062008,0.853935003,0.401230097,Purpura,pocos,ruido,1 AN,0,3,1,0,0,0,0,0,0,0,0,0,0,0,1
446,587,s,False,339,108,False,197,False,142,True,79,False,29,6,1.751765013,0.25067091,0.40159297,Azul,muchos,ruido,2 BN,1,1,0,0,1,0,1,0,1,0,1,0,1,0,1
447,621,n,True,340,108,False,197,True,143,False,79,False,29,1,1.748385906,0.247189999,0.401077986,Purpura,muchos,ruido,2 BN,0,3,1,0,0,0,0,0,0,0,0,0,0,0,1
448,208,n,True,341,108,False,197,True,144,False,79,False,29,1,1.946712971,0.445559978,0.401157856,Purpura,pocos,ruido,1 AN,0,3,1,0,0,0,0,0,0,0,0,0,0,0,1
449,521,s,False,341,109,False,197,False,144,True,80,False,29,6,2.14882803,0.647949934,0.200553179,Verde,muchos,ruido,2 BN,1,1,0,0,1,0,1,0,1,0,1,0,1,0,1
450,456,s,True,342,109,True,198,False,144,False,80,False,29,6,1.646949053,0.145899057,0.300856829,Purpura,muchos,senal,3 BS,1,4,1,1,0,1,0,1,0,1,0,1,0,1,0
451,576,n,True,343,109,False,198,True,145,False,80,False,29,1,1.648452997,0.148023129,0.501699924,Verde,muchos,ruido,2 BN,0,3,1,0,0,0,0,0,0,0,0,0,0,0,1
452,379,s,True,344,109,True,199,False,145,False,80,False,29,5,1.847254992,0.346088886,0.401024103,Verde,muchos,senal,3 BS,1,4,1,0,0,1,0,1,0,1,0,1,0,1,0
453,433,s,True,345,109,True,200,False,145,False,80,False,29,6,1.646796942,0.145714998,0.300911903,Azul,muchos,senal,3 BS,1,4,1,1,0,1,0,1,0,1,0,1,0,1,0
454,346,s,True,346,109,True,201,False,145,False,80,False,29,5,1.648027897,0.146924973,0.401674986,Azul,muchos,senal,3 BS,1,4,1,0,0,1,0,1,0,1,0,1,0,1,0
455,376,s,True,347,109,True,202,False,145,False,80,False,29,6,2.348598003,0.847532034,0.300726175,Verde,muchos,senal,3 BS,1,4,1,1,0,1,0,1,0,1,0,1,0,1,0
456,629,n,True,348,109,False,202,True,146,False,80,False,29,1,1.747400999,0.246228933,0.401199818,Naranja,muchos,ruido,2 BN,0,3,1,0,0,0,0,0,0,0,0,0,0,0,1
457,355,s,True,349,109,True,203,False,146,False,80,False,29,6,1.647140026,0.145972013,0.200638056,Azul,muchos,senal,3 BS,1,4,1,1,0,1,0,1,0,1,0,1,0,1,0
458,358,s,True,350,109,True,204,False,146,False,80,False,29,6,1.650449991,0.149847984,0.100394011,Purpura,muchos,senal,3 BS,1,4,1,1,0,1,0,1,0,1,0,1,0,1,0
459,490,s,False,350,110,False,204,False,146,True,81,False,29,6,1.647197962,0.146057844,1.303252935,Purpura,muchos,ruido,2 BN,1,1,0,0,1,0,1,0,1,0,1,0,1,0,1
460,354,s,True,351,110,True,205,False,146,False,81,False,29,5,3.652035952,2.150949955,0.300850153,Verde,muchos,senal,3 BS,1,4,1,0,0,1,0,1,0,1,0,1,0,1,0
461,362,s,True,352,110,True,206,False,146,False,81,False,29,5,2.148234844,0.647068977,0.501926184,Azul,muchos,senal,3 BS,1,4,1,0,0,1,0,1,0,1,0,1,0,1,0
462,598,n,True,353,110,False,206,True,147,False,81,False,29,1,1.847550154,0.346467018,0.802309036,Verde,muchos,ruido,2 BN,0,3,1,0,0,0,0,0,0,0,0,0,0,0,1
463,414,s,True,354,110,True,207,False,147,False,81,False,29,5,2.048919916,0.547731876,0.300971985,Purpura,muchos,senal,3 BS,1,4,1,0,0,1,0,1,0,1,0,1,0,1,0
464,530,s,False,354,111,False,207,False,147,True,82,False,29,6,1.946568012,0.445496082,0.401443005,Naranja,muchos,ruido,2 BN,1,1,0,0,1,0,1,0,1,0,1,0,1,0,1
465,101,s,True,355,111,True,208,False,147,False,82,False,29,5,2.254296064,0.753232002,0.300797939,Verde,pocos,senal,4 AS,1,4,1,0,0,1,0,1,0,1,0,1,0,1,0
466,464,s,True,356,111,True,209,False,147,False,82,False,29,6,1.651704073,0.151404142,0.702050924,Verde,muchos,senal,3 BS,1,4,1,1,0,1,0,1,0,1,0,1,0,1,0
467,227,s,False,356,112,False,209,False,147,True,83,False,29,6,1.651407957,0.150342941,0.300706863,Purpura,pocos,ruido,1 AN,1,1,0,0,1,0,1,0,1,0,1,0,1,0,1
468,394,s,True,357,112,True,210,False,147,False,83,False,29,6,1.646960974,0.14586091,0.200484037,Azul,muchos,senal,3 BS,1,4,1,1,0,1,0,1,0,1,0,1,0,1,0
469,396,s,True,358,112,True,211,False,147,False,83,False,29,6,1.847345829,0.346208096,0.401297092,Purpura,muchos,senal,3 BS,1,4,1,1,0,1,0,1,0,1,0,1,0,1,0
470,111,s,True,359,112,True,212,False,147,False,83,False,29,6,1.65186286,0.150746822,0.300992012,Verde,pocos,senal,4 AS,1,4,1,1,0,1,0,1,0,1,0,1,0,1,0
471,539,s,False,359,113,False,212,False,147,True,84,False,29,6,1.647454023,0.146405935,1.704095125,Azul,muchos,ruido,2 BN,1,1,0,0,1,0,1,0,1,0,1,0,1,0,1
472,114,s,True,360,113,True,213,False,147,False,84,False,29,6,1.648067951,0.147021055,2.105343103,Verde,pocos,senal,4 AS,1,4,1,1,0,1,0,1,0,1,0,1,0,1,0
473,134,s,True,361,113,True,214,False,147,False,84,False,29,6,1.952303886,0.451187849,0.501341105,Purpura,pocos,senal,4 AS,1,4,1,1,0,1,0,1,0,1,0,1,0,1,0
474,217,s,False,361,114,False,214,False,147,True,85,False,29,6,1.952956915,0.451822996,0.400995016,Purpura,pocos,ruido,1 AN,1,1,0,0,1,0,1,0,1,0,1,0,1,0,1
475,318,n,True,362,114,False,214,True,148,False,85,False,29,1,1.753014088,0.251917124,0.501780987,Naranja,pocos,ruido,1 AN,0,3,1,0,0,0,0,0,0,0,0,0,0,0,1
476,129,s,True,363,114,True,215,False,148,False,85,False,29,6,1.752264977,0.251068115,0.300796032,Naranja,pocos,senal,4 AS,1,4,1,1,0,1,0,1,0,1,0,1,0,1,0
477,130,s,True,364,114,True,216,False,148,False,85,False,29,6,2.053478956,0.552345037,0.400970936,Verde,pocos,senal,4 AS,1,4,1,1,0,1,0,1,0,1,0,1,0,1,0
478,547,s,False,364,115,False,216,False,148,True,86,False,29,6,1.950575829,0.450082064,0.902899027,Verde,muchos,ruido,2 BN,1,1,0,0,1,0,1,0,1,0,1,0,1,0,1
479,152,s,True,365,115,True,217,False,148,False,86,False,29,6,1.952101946,0.451048136,0.401638985,Naranja,pocos,senal,4 AS,1,4,1,1,0,1,0,1,0,1,0,1,0,1,0
480,181,s,False,365,116,False,217,False,148,True,87,False,29,5,2.040817976,0.539612055,0.401027918,Verde,pocos,ruido,1 AN,1,1,0,0,0,0,1,0,1,0,1,0,1,0,1
481,569,s,False,365,117,False,217,False,148,True,88,False,29,6,1.750690937,0.250314951,0.401558876,Verde,muchos,ruido,2 BN,1,1,0,0,1,0,1,0,1,0,1,0,1,0,1
482,512,n,True,366,117,False,217,True,149,False,88,False,29,1,2.653392076,1.152294159,0.601518869,Verde,muchos,ruido,2 BN,0,3,1,0,0,0,0,0,0,0,0,0,0,0,1
483,5,s,True,367,117,True,218,False,149,False,88,False,29,5,2.052382946,0.551276922,0.301063061,Verde,pocos,senal,4 AS,1,4,1,0,0,1,0,1,0,1,0,1,0,1,0
484,65,s,True,368,117,True,219,False,149,False,88,False,29,6,1.651501179,0.150603056,1.002967119,Naranja,pocos,senal,4 AS,1,4,1,1,0,1,0,1,0,1,0,1,0,1,0
485,29,s,True,369,117,True,220,False,149,False,88,False,29,6,1.952810049,0.451654911,0.301301003,Azul,pocos,senal,4 AS,1,4,1,1,0,1,0,1,0,1,0,1,0,1,0
486,331,s,True,370,117,True,221,False,149,False,88,False,29,5,2.0524261,0.551353931,0.30083704,Verde,muchos,senal,3 BS,1,4,1,0,0,1,0,1,0,1,0,1,0,1,0
487,632,n,True,371,117,False,221,True,150,False,88,False,29,1,2.049028873,0.547900915,0.401390076,Azul,muchos,ruido,2 BN,0,3,1,0,0,0,0,0,0,0,0,0,0,0,1
488,257,s,False,371,118,False,221,False,150,True,89,False,29,6,1.65163517,0.150453091,0.801958084,Naranja,pocos,ruido,1 AN,1,1,0,0,1,0,1,0,1,0,1,0,1,0,1
489,561,s,False,371,119,False,221,False,150,True,90,False,29,6,2.049664021,0.548498154,0.401118994,Azul,muchos,ruido,2 BN,1,1,0,0,1,0,1,0,1,0,1,0,1,0,1
490,172,s,False,371,120,False,221,False,150,True,91,False,29,4,2.241208076,0.740087032,0.300796032,Verde,pocos,ruido,1 AN,1,1,0,0,0,0,0,0,1,0,1,0,1,0,1
491,372,s,True,372,120,True,222,False,150,False,91,False,29,5,2.147904158,0.646718025,0.300706148,Naranja,muchos,senal,3 BS,1,4,1,0,0,1,0,1,0,1,0,1,0,1,0
492,455,s,True,373,120,True,223,False,150,False,91,False,29,6,1.947682858,0.447252989,0.301043034,Azul,muchos,senal,3 BS,1,4,1,1,0,1,0,1,0,1,0,1,0,1,0
493,50,s,True,374,120,True,224,False,150,False,91,False,29,6,2.148082972,0.646943092,0.40128088,Verde,pocos,senal,4 AS,1,4,1,1,0,1,0,1,0,1,0,1,0,1,0
494,548,s,False,374,121,False,224,False,150,True,92,False,29,6,1.951095819,0.45071888,0.401576996,Purpura,muchos,ruido,2 BN,1,1,0,0,1,0,1,0,1,0,1,0,1,0,1
495,83,s,True,375,121,True,225,False,150,False,92,False,29,6,2.44907403,0.948035955,0.300729036,Purpura,pocos,senal,4 AS,1,4,1,1,0,1,0,1,0,1,0,1,0,1,0
496,483,s,False,375,122,False,225,False,150,True,93,False,29,6,2.05211091,0.551484108,0.300836086,Verde,muchos,ruido,2 BN,1,1,0,0,1,0,1,0,1,0,1,0,1,0,1
497,239,s,False,375,123,False,225,False,150,True,94,False,29,6,1.646970987,0.145900965,0.30091095,Verde,pocos,ruido,1 AN,1,1,0,0,1,0,1,0,1,0,1,0,1,0,1
498,220,s,False,375,124,False,225,False,150,True,95,False,29,5,2.152798176,0.651594162,0.300937176,Verde,pocos,ruido,1 AN,1,1,0,0,0,0,1,0,1,0,1,0,1,0,1
499,439,s,True,376,124,True,226,False,150,False,95,False,29,6,1.947587013,0.446408033,0.401531935,Purpura,muchos,senal,3 BS,1,4,1,1,0,1,0,1,0,1,0,1,0,1,0
500,247,n,True,377,124,False,226,True,151,False,95,False,29,2,3.952015877,2.450829983,0.400934935,Azul,pocos,ruido,1 AN,0,3,1,0,0,0,0,0,0,0,0,0,1,0,1
501,619,n,True,378,124,False,226,True,152,False,95,False,29,1,2.349649906,0.848547935,0.40092802,Azul,muchos,ruido,2 BN,0,3,1,0,0,0,0,0,0,0,0,0,0,0,1
502,199,n,True,379,124,False,226,True,153,False,95,False,29,3,2.454740047,0.953560114,0.401313066,Azul,pocos,ruido,1 AN,0,3,1,0,0,0,0,0,0,0,1,0,1,0,1
503,613,n,True,380,124,False,226,True,154,False,95,False,29,1,2.147286892,0.646097898,0.401087046,Naranja,muchos,ruido,2 BN,0,3,1,0,0,0,0,0,0,0,0,0,0,0,1
504,545,s,False,380,125,False,226,False,154,True,96,False,29,6,2.249547958,0.748514891,0.30095911,Azul,muchos,ruido,2 BN,1,1,0,0,1,0,1,0,1,0,1,0,1,0,1
505,144,s,True,381,125,True,227,False,154,False,96,False,29,6,1.941380978,0.44024992,0.300838947,Purpura,pocos,senal,4 AS,1,4,1,1,0,1,0,1,0,1,0,1,0,1,0
506,409,s,True,382,125,True,228,False,154,False,96,False,29,5,1.948120832,0.446931839,0.300924063,Purpura,muchos,senal,3 BS,1,4,1,0,0,1,0,1,0,1,0,1,0,1,0
507,382,s,True,383,125,True,229,False,154,False,96,False,29,5,1.947568893,0.446396112,0.300797939,Naranja,muchos,senal,3 BS,1,4,1,0,0,1,0,1,0,1,0,1,0,1,0
508,565,n,True,384,125,False,229,True,155,False,96,False,29,1,3.05091095,1.549808025,0.60176301,Naranja,muchos,ruido,2 BN,0,3,1,0,0,0,0,0,0,0,0,0,0,0,1
509,403,s,True,385,125,True,230,False,155,False,96,False,29,4,2.449998856,0.94885993,0.401070833,Azul,muchos,senal,3 BS,1,4,1,0,0,0,0,1,0,1,0,1,0,1,0
510,475,s,True,386,125,True,231,False,155,False,96,False,29,6,1.847618103,0.346487045,0.401201963,Azul,muchos,senal,3 BS,1,4,1,1,0,1,0,1,0,1,0,1,0,1,0
511,201,s,False,386,126,False,231,False,155,True,97,False,29,6,1.741080999,0.239961147,0.300867081,Purpura,pocos,ruido,1 AN,1,1,0,0,1,0,1,0,1,0,1,0,1,0,1
512,571,s,False,386,127,False,231,False,155,True,98,False,29,6,1.948692083,0.447489023,0.401553869,Azul,muchos,ruido,2 BN,1,1,0,0,1,0,1,0,1,0,1,0,1,0,1
513,63,s,True,387,127,True,232,False,155,False,98,False,29,6,1.951808929,0.450767994,0.401087999,Verde,pocos,senal,4 AS,1,4,1,1,0,1,0,1,0,1,0,1,0,1,0
514,146,s,True,388,127,True,233,False,155,False,98,False,29,6,1.85308814,0.35196805,0.501421928,Verde,pocos,senal,4 AS,1,4,1,1,0,1,0,1,0,1,0,1,0,1,0
515,117,s,True,389,127,True,234,False,155,False,98,False,29,6,2.051486015,0.550364971,0.401274204,Verde,pocos,senal,4 AS,1,4,1,1,0,1,0,1,0,1,0,1,0,1,0
516,98,s,True,390,127,True,235,False,155,False,98,False,29,6,1.651937008,0.149352074,1.203117132,Verde,pocos,senal,4 AS,1,4,1,1,0,1,0,1,0,1,0,1,0,1,0
517,298,n,True,391,127,False,235,True,156,False,98,False,29,1,2.04757905,0.546501875,0.401490927,Azul,pocos,ruido,1 AN,0,3,1,0,0,0,0,0,0,0,0,0,0,0,1
518,595,s,False,391,128,False,235,False,156,True,99,False,29,6,2.248345137,0.747204065,0.300753117,Verde,muchos,ruido,2 BN,1,1,0,0,1,0,1,0,1,0,1,0,1,0,1
519,368,s,True,392,128,True,236,False,156,False,99,False,29,5,1.648201942,0.147060156,0.802135944,Azul,muchos,senal,3 BS,1,4,1,0,0,1,0,1,0,1,0,1,0,1,0
520,553,s,False,392,129,False,236,False,156,True,100,False,29,6,2.148191929,0.647121906,0.401098013,Verde,muchos,ruido,2 BN,1,1,0,0,1,0,1,0,1,0,1,0,1,0,1
521,103,s,True,393,129,True,237,False,156,False,100,False,29,6,1.751705885,0.250576973,0.302134991,Azul,pocos,senal,4 AS,1,4,1,1,0,1,0,1,0,1,0,1,0,1,0
522,638,n,True,394,129,False,237,True,157,False,100,False,29,1,1.937507868,0.43727684,0.401096106,Verde,muchos,ruido,2 BN,0,3,1,0,0,0,0,0,0,0,0,0,0,0,1
523,386,s,True,395,129,True,238,False,157,False,100,False,29,5,1.755782843,0.254639864,0.401135921,Verde,muchos,senal,3 BS,1,4,1,0,0,1,0,1,0,1,0,1,0,1,0
524,601,s,False,395,130,False,238,False,157,True,101,False,29,6,1.847441912,0.347116947,0.300933123,Verde,muchos,ruido,2 BN,1,1,0,0,1,0,1,0,1,0,1,0,1,0,1
525,84,s,True,396,130,True,239,False,157,False,101,False,29,6,1.848057985,0.346871138,0.401288033,Azul,pocos,senal,4 AS,1,4,1,1,0,1,0,1,0,1,0,1,0,1,0
526,425,s,True,397,130,True,240,False,157,False,101,False,29,6,1.647258997,0.146067142,0.501266003,Verde,muchos,senal,3 BS,1,4,1,1,0,1,0,1,0,1,0,1,0,1,0
527,36,s,True,398,130,True,241,False,157,False,101,False,29,5,2.554466963,1.053279877,1.704097033,Azul,pocos,senal,4 AS,1,4,1,0,0,1,0,1,0,1,0,1,0,1,0
528,437,s,True,399,130,True,242,False,157,False,101,False,29,6,2.248394012,0.747325897,0.300966024,Naranja,muchos,senal,3 BS,1,4,1,1,0,1,0,1,0,1,0,1,0,1,0
529,377,s,True,400,130,True,243,False,157,False,101,False,29,6,2.149221897,0.64814496,0.300807953,Purpura,muchos,senal,3 BS,1,4,1,1,0,1,0,1,0,1,0,1,0,1,0
530,626,n,True,401,130,False,243,True,158,False,101,False,29,2,2.247931004,0.746758938,0.501339912,Naranja,muchos,ruido,2 BN,0,3,1,0,0,0,0,0,0,0,0,0,1,0,1
531,35,s,True,402,130,True,244,False,158,False,101,False,29,6,2.553474903,1.052379847,0.301064968,Purpura,pocos,senal,4 AS,1,4,1,1,0,1,0,1,0,1,0,1,0,1,0
532,416,s,True,403,130,True,245,False,158,False,101,False,29,5,2.452677965,0.951925039,0.300873995,Naranja,muchos,senal,3 BS,1,4,1,0,0,1,0,1,0,1,0,1,0,1,0
533,399,s,True,404,130,True,246,False,158,False,101,False,29,6,2.14836812,0.647195101,0.302668095,Purpura,muchos,senal,3 BS,1,4,1,1,0,1,0,1,0,1,0,1,0,1,0
534,537,s,False,404,131,False,246,False,158,True,102,False,29,6,1.646857023,0.145741224,0.701816082,Verde,muchos,ruido,2 BN,1,1,0,0,1,0,1,0,1,0,1,0,1,0,1
535,52,s,True,405,131,True,247,False,158,False,102,False,29,6,2.348533869,0.847444057,0.301259041,Azul,pocos,senal,4 AS,1,4,1,1,0,1,0,1,0,1,0,1,0,1,0
536,412,s,True,406,131,True,248,False,158,False,102,False,29,6,1.850982904,0.350414991,0.300792933,Azul,muchos,senal,3 BS,1,4,1,1,0,1,0,1,0,1,0,1,0,1,0
537,230,n,True,407,131,False,248,True,159,False,102,False,29,2,2.953963041,1.452756882,0.501368046,Purpura,pocos,ruido,1 AN,0,3,1,0,0,0,0,0,0,0,0,0,1,0,1
538,2,s,True,408,131,True,249,False,159,False,102,False,29,5,1.95373702,0.452586889,0.501441956,Verde,pocos,senal,4 AS,1,4,1,0,0,1,0,1,0,1,0,1,0,1,0
539,192,s,False,408,132,False,249,False,159,True,103,False,29,5,1.851953983,0.350850105,0.401859999,Purpura,pocos,ruido,1 AN,1,1,0,0,0,0,1,0,1,0,1,0,1,0,1
540,245,s,False,408,133,False,249,False,159,True,104,False,29,5,2.24833703,0.747489929,0.300981998,Verde,pocos,ruido,1 AN,1,1,0,0,0,0,1,0,1,0,1,0,1,0,1
541,78,s,True,409,133,True,250,False,159,False,104,False,29,6,1.738976955,0.237854004,0.401636124,Naranja,pocos,senal,4 AS,1,4,1,1,0,1,0,1,0,1,0,1,0,1,0
542,205,s,False,409,134,False,250,False,159,True,105,False,29,6,1.740148067,0.239072084,0.300808907,Azul,pocos,ruido,1 AN,1,1,0,0,1,0,1,0,1,0,1,0,1,0,1
543,418,s,True,410,134,True,251,False,159,False,105,False,29,6,2.15191102,0.651279211,0.300801992,Azul,muchos,senal,3 BS,1,4,1,1,0,1,0,1,0,1,0,1,0,1,0
544,9,s,True,411,134,True,252,False,159,False,105,False,29,5,2.041615009,0.540987015,0.300862074,Purpura,pocos,senal,4 AS,1,4,1,0,0,1,0,1,0,1,0,1,0,1,0
545,507,s,False,411,135,False,252,False,159,True,106,False,29,5,1.650561094,0.150050879,0.300750971,Azul,muchos,ruido,2 BN,1,1,0,0,0,0,1,0,1,0,1,0,1,0,1
546,158,s,True,412,135,True,253,False,159,False,106,False,29,6,1.852552891,0.351369858,0.401136875,Naranja,pocos,senal,4 AS,1,4,1,1,0,1,0,1,0,1,0,1,0,1,0
547,560,n,True,413,135,False,253,True,160,False,106,False,29,1,1.747058153,0.245910168,0.502017021,Verde,muchos,ruido,2 BN,0,3,1,0,0,0,0,0,0,0,0,0,0,0,1
548,364,s,True,414,135,True,254,False,160,False,106,False,29,6,1.6477561,0.146625996,1.102759123,Purpura,muchos,senal,3 BS,1,4,1,1,0,1,0,1,0,1,0,1,0,1,0
549,436,n,False,414,136,False,254,False,160,False,106,True,30,3,2.147868872,0.646739006,0.902172089,Purpura,muchos,senal,3 BS,0,2,0,0,0,0,0,0,0,1,0,1,0,1,0
550,327,s,True,415,136,True,255,False,160,False,106,False,30,5,2.047791958,0.546638966,0.401504993,Naranja,muchos,senal,3 BS,1,4,1,0,0,1,0,1,0,1,0,1,0,1,0
551,240,n,True,416,136,False,255,True,161,False,106,False,30,1,1.848994017,0.34780097,0.401034832,Purpura,pocos,ruido,1 AN,0,3,1,0,0,0,0,0,0,0,0,0,0,0,1
552,602,n,True,417,136,False,255,True,162,False,106,False,30,3,2.649693012,1.1485672,0.501963139,Purpura,muchos,ruido,2 BN,0,3,1,0,0,0,0,0,0,0,1,0,1,0,1
553,534,n,True,418,136,False,255,True,163,False,106,False,30,1,4.359655142,2.858464003,0.501410007,Verde,muchos,ruido,2 BN,0,3,1,0,0,0,0,0,0,0,0,0,0,0,1
554,562,s,False,418,137,False,255,False,163,True,107,False,30,6,2.448692083,0.94749999,0.401686907,Naranja,muchos,ruido,2 BN,1,1,0,0,1,0,1,0,1,0,1,0,1,0,1
555,249,n,True,419,137,False,255,True,164,False,107,False,30,1,2.153764963,0.652637959,0.401552916,Purpura,pocos,ruido,1 AN,0,3,1,0,0,0,0,0,0,0,0,0,0,0,1
556,531,s,False,419,138,False,255,False,164,True,108,False,30,5,2.552922964,1.051723957,0.401529074,Verde,muchos,ruido,2 BN,1,1,0,0,0,0,1,0,1,0,1,0,1,0,1
557,279,n,True,420,138,False,255,True,165,False,108,False,30,1,2.142573833,0.641456842,0.300924063,Azul,pocos,ruido,1 AN,0,3,1,0,0,0,0,0,0,0,0,0,0,0,1
558,385,s,True,421,138,True,256,False,165,False,108,False,30,6,3.651532888,2.15046382,0.902250051,Naranja,muchos,senal,3 BS,1,4,1,1,0,1,0,1,0,1,0,1,0,1,0
559,574,n,True,422,138,False,256,True,166,False,108,False,30,2,2.251780987,0.751250029,0.501826048,Azul,muchos,ruido,2 BN,0,3,1,0,0,0,0,0,0,0,0,0,1,0,1
560,293,n,True,423,138,False,256,True,167,False,108,False,30,1,1.751378059,0.250305176,0.400920153,Verde,pocos,ruido,1 AN,0,3,1,0,0,0,0,0,0,0,0,0,0,0,1
561,241,s,False,423,139,False,256,False,167,True,109,False,30,5,3.357063055,1.855870962,0.501477003,Naranja,pocos,ruido,1 AN,1,1,0,0,0,0,1,0,1,0,1,0,1,0,1
562,296,n,True,424,139,False,256,True,168,False,109,False,30,1,1.852044821,0.35155797,0.401196957,Naranja,pocos,ruido,1 AN,0,3,1,0,0,0,0,0,0,0,0,0,0,0,1
563,618,n,True,425,139,False,256,True,169,False,109,False,30,3,2.048323154,0.54727602,0.501446962,Purpura,muchos,ruido,2 BN,0,3,1,0,0,0,0,0,0,0,1,0,1,0,1
564,148,s,True,426,139,True,257,False,169,False,109,False,30,6,1.953254938,0.452153921,0.300848961,Azul,pocos,senal,4 AS,1,4,1,1,0,1,0,1,0,1,0,1,0,1,0
565,525,n,True,427,139,False,257,True,170,False,109,False,30,1,2.047981024,0.546760082,0.40113616,Purpura,muchos,ruido,2 BN,0,3,1,0,0,0,0,0,0,0,0,0,0,0,1
566,502,n,True,428,139,False,257,True,171,False,109,False,30,1,1.947664976,0.446506977,0.401701927,Verde,muchos,ruido,2 BN,0,3,1,0,0,0,0,0,0,0,0,0,0,0,1
567,577,s,False,428,140,False,257,False,171,True,110,False,30,5,2.652554035,1.152176142,0.301414013,Azul,muchos,ruido,2 BN,1,1,0,0,0,0,1,0,1,0,1,0,1,0,1
568,540,s,False,428,141,False,257,False,171,True,111,False,30,5,2.051259041,0.55091095,0.300945044,Naranja,muchos,ruido,2 BN,1,1,0,0,0,0,1,0,1,0,1,0,1,0,1
569,196,s,False,428,142,False,257,False,171,True,112,False,30,4,3.155186892,1.654139996,0.301067114,Azul,pocos,ruido,1 AN,1,1,0,0,0,0,0,0,1,0,1,0,1,0,1
570,448,s,True,429,142,True,258,False,171,False,112,False,30,6,2.452795029,0.952316046,0.601504087,Verde,muchos,senal,3 BS,1,4,1,1,0,1,0,1,0,1,0,1,0,1,0
571,623,n,True,430,142,False,258,True,172,False,112,False,30,1,2.348630905,0.848108053,0.300825119,Naranja,muchos,ruido,2 BN,0,3,1,0,0,0,0,0,0,0,0,0,0,0,1
572,628,n,True,431,142,False,258,True,173,False,112,False,30,1,2.550038099,1.0488801,0.602284193,Purpura,muchos,ruido,2 BN,0,3,1,0,0,0,0,0,0,0,0,0,0,0,1
573,323,s,True,432,142,True,259,False,173,False,112,False,30,5,2.248984098,0.747797012,0.300847769,Azul,muchos,senal,3 BS,1,4,1,0,0,1,0,1,0,1,0,1,0,1,0
574,317,n,True,433,142,False,259,True,174,False,112,False,30,1,2.052468061,0.551418066,0.401000977,Azul,pocos,ruido,1 AN,0,3,1,0,0,0,0,0,0,0,0,0,0,0,1
575,278,n,True,434,142,False,259,True,175,False,112,False,30,1,2.052300215,0.551196098,0.301032066,Purpura,pocos,ruido,1 AN,0,3,1,0,0,0,0,0,0,0,0,0,0,0,1
576,58,s,True,435,142,True,260,False,175,False,112,False,30,6,1.95242691,0.451254845,0.300806046,Azul,pocos,senal,4 AS,1,4,1,1,0,1,0,1,0,1,0,1,0,1,0
577,391,s,True,436,142,True,261,False,175,False,112,False,30,5,2.238601923,0.737976074,0.300781965,Naranja,muchos,senal,3 BS,1,4,1,0,0,1,0,1,0,1,0,1,0,1,0
578,320,n,True,437,142,False,261,True,176,False,112,False,30,1,2.554311037,1.053165197,0.300887108,Azul,pocos,ruido,1 AN,0,3,1,0,0,0,0,0,0,0,0,0,0,0,1
579,322,s,True,438,142,True,262,False,176,False,112,False,30,5,3.050648928,1.549464941,0.300885916,Verde,muchos,senal,3 BS,1,4,1,0,0,1,0,1,0,1,0,1,0,1,0
580,209,s,False,438,143,False,262,False,176,True,113,False,30,5,3.354520082,1.853363991,0.300996065,Naranja,pocos,ruido,1 AN,1,1,0,0,0,0,1,0,1,0,1,0,1,0,1
581,366,n,False,438,144,False,262,False,176,False,113,True,31,2,2.448266029,0.947053909,0.401181221,Naranja,muchos,senal,3 BS,0,2,0,0,0,0,0,0,0,0,0,1,0,1,0
582,284,n,True,439,144,False,262,True,177,False,113,False,31,3,2.253087997,0.751863003,0.401183844,Verde,pocos,ruido,1 AN,0,3,1,0,0,0,0,0,0,0,1,0,1,0,1
583,191,s,False,439,145,False,262,False,177,True,114,False,31,5,3.054886103,1.553757906,0.300832033,Verde,pocos,ruido,1 AN,1,1,0,0,0,0,1,0,1,0,1,0,1,0,1
584,226,n,True,440,145,False,262,True,178,False,114,False,31,2,2.353518009,0.852483988,0.401268005,Verde,pocos,ruido,1 AN,0,3,1,0,0,0,0,0,0,0,0,0,1,0,1
585,387,n,False,440,146,False,262,False,178,False,114,True,32,2,2.55283308,1.052369118,0.300829887,Azul,muchos,senal,3 BS,0,2,0,0,0,0,0,0,0,0,0,1,0,1,0
586,567,n,True,441,146,False,262,True,179,False,114,False,32,1,1.747441053,0.246369123,0.40110302,Purpura,muchos,ruido,2 BN,0,3,1,0,0,0,0,0,0,0,0,0,0,0,1
587,123,s,True,442,146,True,263,False,179,False,114,False,32,6,2.25304985,0.751895905,0.300919056,Naranja,pocos,senal,4 AS,1,4,1,1,0,1,0,1,0,1,0,1,0,1,0
588,586,n,True,443,146,False,263,True,180,False,114,False,32,3,2.152918816,0.651835918,0.401168823,Purpura,muchos,ruido,2 BN,0,3,1,0,0,0,0,0,0,0,1,0,1,0,1
589,219,s,False,443,147,False,263,False,180,True,115,False,32,5,2.653192997,1.152131081,0.401182175,Naranja,pocos,ruido,1 AN,1,1,0,0,0,0,1,0,1,0,1,0,1,0,1
590,15,s,True,444,147,True,264,False,180,False,115,False,32,6,2.34849906,0.847274065,0.300994158,Verde,pocos,senal,4 AS,1,4,1,1,0,1,0,1,0,1,0,1,0,1,0
591,492,s,False,444,148,False,264,False,180,True,116,False,32,6,1.748368025,0.247252941,0.300875187,Naranja,muchos,ruido,2 BN,1,1,0,0,1,0,1,0,1,0,1,0,1,0,1
592,210,s,False,444,149,False,264,False,180,True,117,False,32,5,2.34138298,0.84029007,0.301468134,Verde,pocos,ruido,1 AN,1,1,0,0,0,0,1,0,1,0,1,0,1,0,1
593,634,n,True,445,149,False,264,True,181,False,117,False,32,1,1.750887871,0.250212908,0.401046038,Purpura,muchos,ruido,2 BN,0,3,1,0,0,0,0,0,0,0,0,0,0,0,1
594,429,s,True,446,149,True,265,False,181,False,117,False,32,6,1.6469028,0.145714045,0.701910973,Purpura,muchos,senal,3 BS,1,4,1,1,0,1,0,1,0,1,0,1,0,1,0
595,107,s,True,447,149,True,266,False,181,False,117,False,32,6,2.643097878,1.141973019,0.300915003,Naranja,pocos,senal,4 AS,1,4,1,1,0,1,0,1,0,1,0,1,0,1,0
596,10,s,True,448,149,True,267,False,181,False,117,False,32,6,2.048380852,0.547317028,0.300863028,Azul,pocos,senal,4 AS,1,4,1,1,0,1,0,1,0,1,0,1,0,1,0
597,302,n,True,449,149,False,267,True,182,False,117,False,32,1,1.647035837,0.146518946,0.20072794,Naranja,pocos,ruido,1 AN,0,3,1,0,0,0,0,0,0,0,0,0,0,0,1
598,307,n,True,450,149,False,267,True,183,False,117,False,32,1,1.752001047,0.25084281,0.300723791,Azul,pocos,ruido,1 AN,0,3,1,0,0,0,0,0,0,0,0,0,0,0,1
599,514,s,False,450,150,False,267,False,183,True,118,False,32,5,2.151743889,0.651329994,0.301275969,Naranja,muchos,ruido,2 BN,1,1,0,0,0,0,1,0,1,0,1,0,1,0,1
600,311,n,True,451,150,False,267,True,184,False,118,False,32,1,1.752942085,0.251811981,0.401227951,Naranja,pocos,ruido,1 AN,0,3,1,0,0,0,0,0,0,0,0,0,0,0,1
601,442,s,True,452,150,True,268,False,184,False,118,False,32,6,1.948220968,0.447031975,0.401734114,Purpura,muchos,senal,3 BS,1,4,1,1,0,1,0,1,0,1,0,1,0,1,0
602,260,s,False,452,151,False,268,False,184,True,119,False,32,5,2.153903008,0.652872801,0.30136919,Azul,pocos,ruido,1 AN,1,1,0,0,0,0,1,0,1,0,1,0,1,0,1
603,515,s,False,452,152,False,268,False,184,True,120,False,32,6,2.553098917,1.052522182,0.301421165,Verde,muchos,ruido,2 BN,1,1,0,0,1,0,1,0,1,0,1,0,1,0,1
604,609,n,True,453,152,False,268,True,185,False,120,False,32,2,3.952615023,2.45144105,0.601612091,Azul,muchos,ruido,2 BN,0,3,1,0,0,0,0,0,0,0,0,0,1,0,1
605,206,n,True,454,152,False,268,True,186,False,120,False,32,1,1.940907002,0.439790964,1.103239059,Naranja,pocos,ruido,1 AN,0,3,1,0,0,0,0,0,0,0,0,0,0,0,1
606,17,s,True,455,152,True,269,False,186,False,120,False,32,6,2.643329859,1.142203093,0.802136183,Naranja,pocos,senal,4 AS,1,4,1,1,0,1,0,1,0,1,0,1,0,1,0
607,501,s,False,455,153,False,269,False,186,True,121,False,32,5,1.852129936,0.351023912,0.301326036,Naranja,muchos,ruido,2 BN,1,1,0,0,0,0,1,0,1,0,1,0,1,0,1
608,388,s,True,456,153,True,270,False,186,False,121,False,32,6,1.847543955,0.346391916,0.300820112,Naranja,muchos,senal,3 BS,1,4,1,1,0,1,0,1,0,1,0,1,0,1,0
609,527,n,True,457,153,False,270,True,187,False,121,False,32,1,1.652384043,0.151320934,0.300946951,Naranja,muchos,ruido,2 BN,0,3,1,0,0,0,0,0,0,0,0,0,0,0,1
610,97,s,True,458,153,True,271,False,187,False,121,False,32,6,1.752128839,0.251034975,0.300904036,Naranja,pocos,senal,4 AS,1,4,1,1,0,1,0,1,0,1,0,1,0,1,0
611,49,s,True,459,153,True,272,False,187,False,121,False,32,6,1.638791084,0.13766098,0.200641155,Naranja,pocos,senal,4 AS,1,4,1,1,0,1,0,1,0,1,0,1,0,1,0
612,459,s,True,460,153,True,273,False,187,False,121,False,32,6,1.64701581,0.146622181,1.20439887,Azul,muchos,senal,3 BS,1,4,1,1,0,1,0,1,0,1,0,1,0,1,0
613,487,s,False,460,154,False,273,False,187,True,122,False,32,4,1.747491837,0.246974945,0.300833941,Purpura,muchos,ruido,2 BN,1,1,0,0,0,0,0,0,1,0,1,0,1,0,1
614,242,s,False,460,155,False,273,False,187,True,123,False,32,6,1.647683144,0.146644115,0.100368977,Verde,pocos,ruido,1 AN,1,1,0,0,1,0,1,0,1,0,1,0,1,0,1
615,116,s,True,461,155,True,274,False,187,False,123,False,32,6,1.651546001,0.150437117,1.203510046,Azul,pocos,senal,4 AS,1,4,1,1,0,1,0,1,0,1,0,1,0,1,0
616,594,s,False,461,156,False,274,False,187,True,124,False,32,6,1.748006821,0.247016907,1.002786875,Naranja,muchos,ruido,2 BN,1,1,0,0,1,0,1,0,1,0,1,0,1,0,1
617,71,s,True,462,156,True,275,False,187,False,124,False,32,6,1.852210999,0.351055145,0.301503181,Azul,pocos,senal,4 AS,1,4,1,1,0,1,0,1,0,1,0,1,0,1,0
618,73,s,True,463,156,True,276,False,187,False,124,False,32,6,2.048012018,0.546957016,0.300965071,Purpura,pocos,senal,4 AS,1,4,1,1,0,1,0,1,0,1,0,1,0,1,0
619,496,n,True,464,156,False,276,True,188,False,124,False,32,1,2.549049139,1.047908068,0.401066065,Verde,muchos,ruido,2 BN,0,3,1,0,0,0,0,0,0,0,0,0,0,0,1
620,74,s,True,465,156,True,277,False,188,False,124,False,32,5,2.341942072,0.840866089,0.301393986,Azul,pocos,senal,4 AS,1,4,1,0,0,1,0,1,0,1,0,1,0,1,0
621,332,s,True,466,156,True,278,False,188,False,124,False,32,5,1.747355938,0.246140957,0.301481962,Purpura,muchos,senal,3 BS,1,4,1,0,0,1,0,1,0,1,0,1,0,1,0
622,53,s,True,467,156,True,279,False,188,False,124,False,32,5,1.647022963,0.145917892,0.100425005,Verde,pocos,senal,4 AS,1,4,1,0,0,1,0,1,0,1,0,1,0,1,0
623,271,s,False,467,157,False,279,False,188,True,125,False,32,5,1.648073912,0.14691186,0.100464821,Verde,pocos,ruido,1 AN,1,1,0,0,0,0,1,0,1,0,1,0,1,0,1
624,321,s,True,468,157,True,280,False,188,False,125,False,32,6,1.647049189,0.145962,0.100389957,Naranja,muchos,senal,3 BS,1,4,1,1,0,1,0,1,0,1,0,1,0,1,0
625,361,s,True,469,157,True,281,False,188,False,125,False,32,5,1.646663904,0.145439148,1.503667831,Purpura,muchos,senal,3 BS,1,4,1,0,0,1,0,1,0,1,0,1,0,1,0
626,267,s,False,469,158,False,281,False,188,True,126,False,32,6,1.740038872,0.238962889,0.20070219,Naranja,pocos,ruido,1 AN,1,1,0,0,1,0,1,0,1,0,1,0,1,0,1
627,624,n,True,470,158,False,281,True,189,False,126,False,32,1,1.748349905,0.247168064,0.401623964,Verde,muchos,ruido,2 BN,0,3,1,0,0,0,0,0,0,0,0,0,0,0,1
628,367,s,True,471,158,True,282,False,189,False,126,False,32,5,1.647063017,0.145972013,0.200716972,Purpura,muchos,senal,3 BS,1,4,1,0,0,1,0,1,0,1,0,1,0,1,0
629,375,s,True,472,158,True,283,False,189,False,126,False,32,5,1.647504807,0.14637208,0.20062995,Naranja,muchos,senal,3 BS,1,4,1,0,0,1,0,1,0,1,0,1,0,1,0
630,373,s,True,473,158,True,284,False,189,False,126,False,32,5,1.646885157,0.145684958,0.200710058,Verde,muchos,senal,3 BS,1,4,1,0,0,1,0,1,0,1,0,1,0,1,0
631,277,s,False,473,159,False,284,False,189,True,127,False,32,5,1.852092981,0.350918055,0.200658083,Verde,pocos,ruido,1 AN,1,1,0,0,0,0,1,0,1,0,1,0,1,0,1
632,251,s,False,473,160,False,284,False,189,True,128,False,32,5,1.653367996,0.1522789,0.300879002,Naranja,pocos,ruido,1 AN,1,1,0,0,0,0,1,0,1,0,1,0,1,0,1
633,580,s,False,473,161,False,284,False,189,True,129,False,32,5,1.851639032,0.350952864,0.200577974,Purpura,muchos,ruido,2 BN,1,1,0,0,0,0,1,0,1,0,1,0,1,0,1
634,415,s,True,474,161,True,285,False,189,False,129,False,32,6,1.750728846,0.250336885,0.20133996,Azul,muchos,senal,3 BS,1,4,1,1,0,1,0,1,0,1,0,1,0,1,0
635,337,s,True,475,161,True,286,False,189,False,129,False,32,5,1.646934032,0.145787954,0.100422144,Naranja,muchos,senal,3 BS,1,4,1,0,0,1,0,1,0,1,0,1,0,1,0
636,489,s,False,475,162,False,286,False,189,True,130,False,32,5,2.047801971,0.546731949,0.301011086,Verde,muchos,ruido,2 BN,1,1,0,0,0,0,1,0,1,0,1,0,1,0,1
637,39,s,True,476,162,True,287,False,189,False,130,False,32,5,1.651651859,0.150605917,0.30080986,Azul,pocos,senal,4 AS,1,4,1,0,0,1,0,1,0,1,0,1,0,1,0
638,614,n,True,477,162,False,287,True,190,False,130,False,32,1,1.65051198,0.149931908,0.401083946,Verde,muchos,ruido,2 BN,0,3,1,0,0,0,0,0,0,0,0,0,0,0,1
639,77,s,True,478,162,True,288,False,190,False,130,False,32,5,1.639817953,0.138664961,0.501430988,Azul,pocos,senal,4 AS,1,4,1,0,0,1,0,1,0,1,0,1,0,1,0
